<?xml version="1.0" encoding="UTF-8" standalone="no" ?>
<gpx xmlns="http://www.topografix.com/GPX/1/1" creator="OruxMaps v.10.7.4 GP" version="1.1" xmlns:gpxtpx="http://www.garmin.com/xmlschemas/TrackPointExtension/v2" xmlns:xsi="http://www.w3.org/2001/XMLSchema-instance" xmlns:om="http://www.oruxmaps.com/oruxmapsextensions/1/0" xsi:schemaLocation="http://www.topografix.com/GPX/1/1 http://www.topografix.com/GPX/1/1/gpx.xsd">
<!-- owner: e57cf051988575 -->
<metadata>
<name><![CDATA[2026-07-25 06:08:27 Kaluder, Velika Baba, Lanževica, Kal, Planski Vogel]]></name>
<link href="https://www.oruxmaps.com">
<text>OruxMaps GP</text>
</link>
<time>2026-07-25T04:08:27.827Z</time><bounds maxlat="46.3379603" maxlon="13.7509459" minlat="46.2926285" minlon="13.6844625"/>
</metadata>
<wpt lat="46.3321021" lon="13.6896675">
<ele>624.82</ele>
<time>2026-07-25T04:08:27.954Z</time>
<name><![CDATA[]]></name>
<sym>Waypoint</sym>
<type>Starting Point</type>
<extensions>
<om:oruxmapsextensions>
<om:ext type="ICON" subtype="0">38</om:ext>
</om:oruxmapsextensions>
</extensions>
</wpt>
<wpt lat="46.3320814" lon="13.6898059">
<ele>619.62</ele>
<time>2026-07-25T18:01:08.131Z</time>
<name><![CDATA[]]></name>
<desc><![CDATA[<p><br /><h3>Name: Segment: 1</h3><br />Type: Hiking<br/>Start time: 06:08 25 Jul 2026<br/>Finish time: 20:01 25 Jul 2026<br/>Distance: 25.9km (13:52)<br/>Moving time: 10:01<br/>Average speed: 1.87 km/h<br/>Speed in Movement: 2.59 km/h<br/>Maximum Speed: 16.46 km/h<br/>Minimum altitude: 621 m<br/>Maximum altitude: 2344 m<br/>Ascent speed: 587.6 m/h<br/>Descent speed: 552.7 m/h<br/>Elevation gain: 2844 m<br/>Elevation loss: 2842 m<br/>Ascent time: 04:50<br/>Descent time: 05:08<br/></p>]]></desc>
<sym>Waypoint</sym>
<type>Finishing Point</type>
<extensions>
<om:oruxmapsextensions>
<om:ext type="ICON" subtype="0">15</om:ext>
</om:oruxmapsextensions>
</extensions>
</wpt>
<trk>
<name><![CDATA[2026-07-25 06:08:27 Kaluder, Velika Baba, Lanževica, Kal, Planski Vogel]]></name>
<desc><![CDATA[<p>Type: Hiking<br/>Start time: 06:08 25 Jul 2026<br/>Finish time: 20:01 25 Jul 2026<br/>Distance: 25.9 km (13:52)<br/>Moving time: 10:01<br/>Average speed: 1.87 km/h<br/>Speed in Movement: 2.59 km/h<br/>Maximum Speed: 16.46 km/h<br/>Minimum altitude: 621 m<br/>Maximum altitude: 2344 m<br/>Ascent speed: 587.6 m/h<br/>Descent speed: 552.7 m/h<br/>Elevation gain: 2844 m<br/>Elevation loss: 2842 m<br/>Ascent time: 04:50<br/>Descent time: 05:08<br/></p><hr align="center" width="480" style="height: 2px; width: 517px"/>]]></desc>
<type>Hiking</type>
<extensions>
<om:oruxmapsextensions>
<om:ext type="TYPE" subtype="0">5</om:ext>
<om:ext type="DIFFICULTY">0</om:ext>
</om:oruxmapsextensions>
</extensions>
<trkseg>
<trkpt lat="46.3321021" lon="13.6896675">
<ele>624.82</ele>
<time>2026-07-25T04:08:27.000Z</time>
</trkpt>
<trkpt lat="46.3321229" lon="13.6893927">
<ele>621.87</ele>
<time>2026-07-25T04:10:02.000Z</time>
</trkpt>
<trkpt lat="46.3319809" lon="13.6892185">
<ele>624.95</ele>
<time>2026-07-25T04:10:46.000Z</time>
</trkpt>
<trkpt lat="46.3318496" lon="13.6890334">
<ele>624.94</ele>
<time>2026-07-25T04:10:59.000Z</time>
</trkpt>
<trkpt lat="46.3318047" lon="13.6887630">
<ele>628.84</ele>
<time>2026-07-25T04:11:13.000Z</time>
</trkpt>
<trkpt lat="46.3318478" lon="13.6884978">
<ele>631.63</ele>
<time>2026-07-25T04:11:27.000Z</time>
</trkpt>
<trkpt lat="46.3318233" lon="13.6882387">
<ele>635.83</ele>
<time>2026-07-25T04:11:45.000Z</time>
</trkpt>
<trkpt lat="46.3317165" lon="13.6880236">
<ele>641.70</ele>
<time>2026-07-25T04:12:17.000Z</time>
</trkpt>
<trkpt lat="46.3316035" lon="13.6877921">
<ele>646.00</ele>
<time>2026-07-25T04:12:39.000Z</time>
</trkpt>
<trkpt lat="46.3315744" lon="13.6875190">
<ele>651.29</ele>
<time>2026-07-25T04:12:54.000Z</time>
</trkpt>
<trkpt lat="46.3315048" lon="13.6872784">
<ele>651.40</ele>
<time>2026-07-25T04:13:08.000Z</time>
</trkpt>
<trkpt lat="46.3314648" lon="13.6870071">
<ele>652.86</ele>
<time>2026-07-25T04:13:24.000Z</time>
</trkpt>
<trkpt lat="46.3314477" lon="13.6867351">
<ele>658.51</ele>
<time>2026-07-25T04:13:38.000Z</time>
</trkpt>
<trkpt lat="46.3313660" lon="13.6864797">
<ele>665.08</ele>
<time>2026-07-25T04:14:08.000Z</time>
</trkpt>
<trkpt lat="46.3311892" lon="13.6864079">
<ele>665.99</ele>
<time>2026-07-25T04:14:34.000Z</time>
</trkpt>
<trkpt lat="46.3310059" lon="13.6864007">
<ele>674.78</ele>
<time>2026-07-25T04:15:02.000Z</time>
</trkpt>
<trkpt lat="46.3308227" lon="13.6863284">
<ele>677.22</ele>
<time>2026-07-25T04:15:29.000Z</time>
</trkpt>
<trkpt lat="46.3306352" lon="13.6863146">
<ele>683.71</ele>
<time>2026-07-25T04:15:44.000Z</time>
</trkpt>
<trkpt lat="46.3304472" lon="13.6862073">
<ele>685.65</ele>
<time>2026-07-25T04:16:15.000Z</time>
</trkpt>
<trkpt lat="46.3302753" lon="13.6861187">
<ele>687.99</ele>
<time>2026-07-25T04:16:32.000Z</time>
</trkpt>
<trkpt lat="46.3301276" lon="13.6859678">
<ele>699.05</ele>
<time>2026-07-25T04:17:03.000Z</time>
</trkpt>
<trkpt lat="46.3299869" lon="13.6861555">
<ele>708.90</ele>
<time>2026-07-25T04:17:16.000Z</time>
</trkpt>
<trkpt lat="46.3298112" lon="13.6860789">
<ele>708.07</ele>
<time>2026-07-25T04:17:33.000Z</time>
</trkpt>
<trkpt lat="46.3296308" lon="13.6860197">
<ele>718.04</ele>
<time>2026-07-25T04:17:51.000Z</time>
</trkpt>
<trkpt lat="46.3294655" lon="13.6859157">
<ele>729.12</ele>
<time>2026-07-25T04:19:00.000Z</time>
</trkpt>
<trkpt lat="46.3292965" lon="13.6858261">
<ele>738.52</ele>
<time>2026-07-25T04:19:39.000Z</time>
</trkpt>
<trkpt lat="46.3291254" lon="13.6857175">
<ele>738.29</ele>
<time>2026-07-25T04:19:56.000Z</time>
</trkpt>
<trkpt lat="46.3289521" lon="13.6856308">
<ele>752.40</ele>
<time>2026-07-25T04:20:38.000Z</time>
</trkpt>
<trkpt lat="46.3288052" lon="13.6854805">
<ele>753.53</ele>
<time>2026-07-25T04:20:59.000Z</time>
</trkpt>
<trkpt lat="46.3286367" lon="13.6853825">
<ele>764.90</ele>
<time>2026-07-25T04:21:25.000Z</time>
</trkpt>
<trkpt lat="46.3284941" lon="13.6852107">
<ele>765.35</ele>
<time>2026-07-25T04:21:58.000Z</time>
</trkpt>
<trkpt lat="46.3283715" lon="13.6850119">
<ele>767.65</ele>
<time>2026-07-25T04:22:11.000Z</time>
</trkpt>
<trkpt lat="46.3282274" lon="13.6848393">
<ele>775.63</ele>
<time>2026-07-25T04:22:29.000Z</time>
</trkpt>
<trkpt lat="46.3280416" lon="13.6847506">
<ele>776.29</ele>
<time>2026-07-25T04:22:45.000Z</time>
</trkpt>
<trkpt lat="46.3278565" lon="13.6847386">
<ele>780.64</ele>
<time>2026-07-25T04:23:02.000Z</time>
</trkpt>
<trkpt lat="46.3276891" lon="13.6848396">
<ele>785.53</ele>
<time>2026-07-25T04:23:14.000Z</time>
</trkpt>
<trkpt lat="46.3275289" lon="13.6849842">
<ele>786.97</ele>
<time>2026-07-25T04:23:30.000Z</time>
</trkpt>
<trkpt lat="46.3273499" lon="13.6850484">
<ele>788.62</ele>
<time>2026-07-25T04:23:44.000Z</time>
</trkpt>
<trkpt lat="46.3271811" lon="13.6849471">
<ele>788.83</ele>
<time>2026-07-25T04:23:57.000Z</time>
</trkpt>
<trkpt lat="46.3269963" lon="13.6849856">
<ele>789.44</ele>
<time>2026-07-25T04:24:16.000Z</time>
</trkpt>
<trkpt lat="46.3268530" lon="13.6851625">
<ele>793.10</ele>
<time>2026-07-25T04:24:40.000Z</time>
</trkpt>
<trkpt lat="46.3266733" lon="13.6850901">
<ele>787.68</ele>
<time>2026-07-25T04:24:54.000Z</time>
</trkpt>
<trkpt lat="46.3265413" lon="13.6849090">
<ele>791.53</ele>
<time>2026-07-25T04:25:14.000Z</time>
</trkpt>
<trkpt lat="46.3264039" lon="13.6847359">
<ele>798.07</ele>
<time>2026-07-25T04:25:42.000Z</time>
</trkpt>
<trkpt lat="46.3262245" lon="13.6846648">
<ele>796.14</ele>
<time>2026-07-25T04:25:57.000Z</time>
</trkpt>
<trkpt lat="46.3260457" lon="13.6845841">
<ele>801.28</ele>
<time>2026-07-25T04:26:11.000Z</time>
</trkpt>
<trkpt lat="46.3258587" lon="13.6845777">
<ele>804.21</ele>
<time>2026-07-25T04:26:25.000Z</time>
</trkpt>
<trkpt lat="46.3256786" lon="13.6845873">
<ele>808.06</ele>
<time>2026-07-25T04:26:44.000Z</time>
</trkpt>
<trkpt lat="46.3254910" lon="13.6845260">
<ele>818.57</ele>
<time>2026-07-25T04:27:19.000Z</time>
</trkpt>
<trkpt lat="46.3253034" lon="13.6844625">
<ele>827.48</ele>
<time>2026-07-25T04:27:55.000Z</time>
</trkpt>
<trkpt lat="46.3251302" lon="13.6845606">
<ele>827.92</ele>
<time>2026-07-25T04:28:18.000Z</time>
</trkpt>
<trkpt lat="46.3249501" lon="13.6846424">
<ele>830.86</ele>
<time>2026-07-25T04:28:35.000Z</time>
</trkpt>
<trkpt lat="46.3247786" lon="13.6847372">
<ele>844.27</ele>
<time>2026-07-25T04:28:52.000Z</time>
</trkpt>
<trkpt lat="46.3246357" lon="13.6849179">
<ele>849.90</ele>
<time>2026-07-25T04:29:13.000Z</time>
</trkpt>
<trkpt lat="46.3244858" lon="13.6850649">
<ele>855.14</ele>
<time>2026-07-25T04:29:27.000Z</time>
</trkpt>
<trkpt lat="46.3243473" lon="13.6852324">
<ele>860.72</ele>
<time>2026-07-25T04:29:53.000Z</time>
</trkpt>
<trkpt lat="46.3242370" lon="13.6854468">
<ele>869.49</ele>
<time>2026-07-25T04:30:30.000Z</time>
</trkpt>
<trkpt lat="46.3240543" lon="13.6854914">
<ele>873.70</ele>
<time>2026-07-25T04:31:08.000Z</time>
</trkpt>
<trkpt lat="46.3238895" lon="13.6856049">
<ele>880.73</ele>
<time>2026-07-25T04:31:23.000Z</time>
</trkpt>
<trkpt lat="46.3239052" lon="13.6858815">
<ele>884.24</ele>
<time>2026-07-25T04:31:54.000Z</time>
</trkpt>
<trkpt lat="46.3239651" lon="13.6861362">
<ele>888.79</ele>
<time>2026-07-25T04:32:07.000Z</time>
</trkpt>
<trkpt lat="46.3239406" lon="13.6863958">
<ele>895.70</ele>
<time>2026-07-25T04:32:54.000Z</time>
</trkpt>
<trkpt lat="46.3237816" lon="13.6865316">
<ele>903.99</ele>
<time>2026-07-25T04:33:21.000Z</time>
</trkpt>
<trkpt lat="46.3235951" lon="13.6865864">
<ele>909.61</ele>
<time>2026-07-25T04:33:34.000Z</time>
</trkpt>
<trkpt lat="46.3234102" lon="13.6866634">
<ele>907.77</ele>
<time>2026-07-25T04:33:52.000Z</time>
</trkpt>
<trkpt lat="46.3232228" lon="13.6866880">
<ele>910.46</ele>
<time>2026-07-25T04:34:04.000Z</time>
</trkpt>
<trkpt lat="46.3230365" lon="13.6866908">
<ele>917.82</ele>
<time>2026-07-25T04:34:21.000Z</time>
</trkpt>
<trkpt lat="46.3228969" lon="13.6868662">
<ele>927.14</ele>
<time>2026-07-25T04:34:43.000Z</time>
</trkpt>
<trkpt lat="46.3227172" lon="13.6868975">
<ele>933.17</ele>
<time>2026-07-25T04:35:00.000Z</time>
</trkpt>
<trkpt lat="46.3225745" lon="13.6870911">
<ele>937.53</ele>
<time>2026-07-25T04:35:30.000Z</time>
</trkpt>
<trkpt lat="46.3223975" lon="13.6871917">
<ele>942.43</ele>
<time>2026-07-25T04:35:48.000Z</time>
</trkpt>
<trkpt lat="46.3222729" lon="13.6873940">
<ele>953.81</ele>
<time>2026-07-25T04:36:20.000Z</time>
</trkpt>
<trkpt lat="46.3221647" lon="13.6876195">
<ele>962.79</ele>
<time>2026-07-25T04:36:57.000Z</time>
</trkpt>
<trkpt lat="46.3219778" lon="13.6876404">
<ele>974.47</ele>
<time>2026-07-25T04:37:43.000Z</time>
</trkpt>
<trkpt lat="46.3217880" lon="13.6876563">
<ele>987.13</ele>
<time>2026-07-25T04:38:30.000Z</time>
</trkpt>
<trkpt lat="46.3217437" lon="13.6879269">
<ele>997.12</ele>
<time>2026-07-25T04:39:09.000Z</time>
</trkpt>
<trkpt lat="46.3217763" lon="13.6882003">
<ele>1008.75</ele>
<time>2026-07-25T04:39:23.000Z</time>
</trkpt>
<trkpt lat="46.3217650" lon="13.6884720">
<ele>1019.15</ele>
<time>2026-07-25T04:39:49.000Z</time>
</trkpt>
<trkpt lat="46.3216340" lon="13.6886521">
<ele>1024.33</ele>
<time>2026-07-25T04:40:06.000Z</time>
</trkpt>
<trkpt lat="46.3215587" lon="13.6889093">
<ele>1029.32</ele>
<time>2026-07-25T04:40:28.000Z</time>
</trkpt>
<trkpt lat="46.3215530" lon="13.6891783">
<ele>1033.62</ele>
<time>2026-07-25T04:40:43.000Z</time>
</trkpt>
<trkpt lat="46.3214511" lon="13.6894115">
<ele>1031.96</ele>
<time>2026-07-25T04:40:56.000Z</time>
</trkpt>
<trkpt lat="46.3213433" lon="13.6896247">
<ele>1030.02</ele>
<time>2026-07-25T04:41:09.000Z</time>
</trkpt>
<trkpt lat="46.3211840" lon="13.6897798">
<ele>1030.99</ele>
<time>2026-07-25T04:41:21.000Z</time>
</trkpt>
<trkpt lat="46.3210442" lon="13.6899784">
<ele>1032.39</ele>
<time>2026-07-25T04:41:31.000Z</time>
</trkpt>
<trkpt lat="46.3209611" lon="13.6902196">
<ele>1032.48</ele>
<time>2026-07-25T04:41:40.000Z</time>
</trkpt>
<trkpt lat="46.3209142" lon="13.6904813">
<ele>1039.59</ele>
<time>2026-07-25T04:41:57.000Z</time>
</trkpt>
<trkpt lat="46.3207634" lon="13.6906563">
<ele>1037.55</ele>
<time>2026-07-25T04:42:10.000Z</time>
</trkpt>
<trkpt lat="46.3206506" lon="13.6908718">
<ele>1040.27</ele>
<time>2026-07-25T04:42:26.000Z</time>
</trkpt>
<trkpt lat="46.3205002" lon="13.6910491">
<ele>1035.35</ele>
<time>2026-07-25T04:42:42.000Z</time>
</trkpt>
<trkpt lat="46.3203460" lon="13.6912087">
<ele>1043.36</ele>
<time>2026-07-25T04:42:56.000Z</time>
</trkpt>
<trkpt lat="46.3201876" lon="13.6913693">
<ele>1041.08</ele>
<time>2026-07-25T04:43:05.000Z</time>
</trkpt>
<trkpt lat="46.3200255" lon="13.6915056">
<ele>1046.66</ele>
<time>2026-07-25T04:43:22.000Z</time>
</trkpt>
<trkpt lat="46.3198342" lon="13.6915541">
<ele>1046.86</ele>
<time>2026-07-25T04:43:35.000Z</time>
</trkpt>
<trkpt lat="46.3196544" lon="13.6915923">
<ele>1053.42</ele>
<time>2026-07-25T04:43:48.000Z</time>
</trkpt>
<trkpt lat="46.3194930" lon="13.6917154">
<ele>1059.75</ele>
<time>2026-07-25T04:44:15.000Z</time>
</trkpt>
<trkpt lat="46.3193119" lon="13.6918092">
<ele>1069.06</ele>
<time>2026-07-25T04:44:58.000Z</time>
</trkpt>
<trkpt lat="46.3191525" lon="13.6919380">
<ele>1075.27</ele>
<time>2026-07-25T04:45:10.000Z</time>
</trkpt>
<trkpt lat="46.3190051" lon="13.6921029">
<ele>1070.13</ele>
<time>2026-07-25T04:45:26.000Z</time>
</trkpt>
<trkpt lat="46.3188292" lon="13.6921910">
<ele>1074.60</ele>
<time>2026-07-25T04:45:38.000Z</time>
</trkpt>
<trkpt lat="46.3186765" lon="13.6923515">
<ele>1084.95</ele>
<time>2026-07-25T04:46:02.000Z</time>
</trkpt>
<trkpt lat="46.3185542" lon="13.6925540">
<ele>1092.10</ele>
<time>2026-07-25T04:46:18.000Z</time>
</trkpt>
<trkpt lat="46.3184623" lon="13.6927783">
<ele>1096.75</ele>
<time>2026-07-25T04:46:35.000Z</time>
</trkpt>
<trkpt lat="46.3184121" lon="13.6930448">
<ele>1098.22</ele>
<time>2026-07-25T04:46:49.000Z</time>
</trkpt>
<trkpt lat="46.3182342" lon="13.6931327">
<ele>1098.87</ele>
<time>2026-07-25T04:47:04.000Z</time>
</trkpt>
<trkpt lat="46.3180474" lon="13.6930953">
<ele>1101.60</ele>
<time>2026-07-25T04:47:27.000Z</time>
</trkpt>
<trkpt lat="46.3178679" lon="13.6931224">
<ele>1103.28</ele>
<time>2026-07-25T04:47:48.000Z</time>
</trkpt>
<trkpt lat="46.3176935" lon="13.6930488">
<ele>1106.63</ele>
<time>2026-07-25T04:48:10.000Z</time>
</trkpt>
<trkpt lat="46.3175109" lon="13.6930910">
<ele>1111.73</ele>
<time>2026-07-25T04:48:30.000Z</time>
</trkpt>
<trkpt lat="46.3175119" lon="13.6933594">
<ele>1128.14</ele>
<time>2026-07-25T04:49:00.000Z</time>
</trkpt>
<trkpt lat="46.3173225" lon="13.6933121">
<ele>1130.35</ele>
<time>2026-07-25T04:49:39.000Z</time>
</trkpt>
<trkpt lat="46.3173147" lon="13.6935796">
<ele>1137.26</ele>
<time>2026-07-25T04:49:56.000Z</time>
</trkpt>
<trkpt lat="46.3171177" lon="13.6935972">
<ele>1154.69</ele>
<time>2026-07-25T04:50:57.000Z</time>
</trkpt>
<trkpt lat="46.3169431" lon="13.6935094">
<ele>1155.44</ele>
<time>2026-07-25T04:51:10.000Z</time>
</trkpt>
<trkpt lat="46.3167634" lon="13.6934529">
<ele>1161.07</ele>
<time>2026-07-25T04:51:27.000Z</time>
</trkpt>
<trkpt lat="46.3168501" lon="13.6936830">
<ele>1164.86</ele>
<time>2026-07-25T04:51:40.000Z</time>
</trkpt>
<trkpt lat="46.3169695" lon="13.6938778">
<ele>1176.69</ele>
<time>2026-07-25T04:52:00.000Z</time>
</trkpt>
<trkpt lat="46.3167880" lon="13.6938502">
<ele>1191.28</ele>
<time>2026-07-25T04:53:05.000Z</time>
</trkpt>
<trkpt lat="46.3165960" lon="13.6938167">
<ele>1194.05</ele>
<time>2026-07-25T04:53:21.000Z</time>
</trkpt>
<trkpt lat="46.3164097" lon="13.6937697">
<ele>1192.72</ele>
<time>2026-07-25T04:53:35.000Z</time>
</trkpt>
<trkpt lat="46.3162703" lon="13.6939370">
<ele>1197.61</ele>
<time>2026-07-25T04:54:05.000Z</time>
</trkpt>
<trkpt lat="46.3161314" lon="13.6937705">
<ele>1213.27</ele>
<time>2026-07-25T04:55:03.000Z</time>
</trkpt>
<trkpt lat="46.3160051" lon="13.6939648">
<ele>1220.12</ele>
<time>2026-07-25T04:55:52.000Z</time>
</trkpt>
<trkpt lat="46.3158478" lon="13.6938291">
<ele>1229.62</ele>
<time>2026-07-25T04:56:13.000Z</time>
</trkpt>
<trkpt lat="46.3156695" lon="13.6938925">
<ele>1237.49</ele>
<time>2026-07-25T04:56:46.000Z</time>
</trkpt>
<trkpt lat="46.3157260" lon="13.6941449">
<ele>1243.73</ele>
<time>2026-07-25T04:57:05.000Z</time>
</trkpt>
<trkpt lat="46.3158385" lon="13.6943495">
<ele>1252.66</ele>
<time>2026-07-25T04:57:23.000Z</time>
</trkpt>
<trkpt lat="46.3156570" lon="13.6944191">
<ele>1273.70</ele>
<time>2026-07-25T04:58:26.000Z</time>
</trkpt>
<trkpt lat="46.3156140" lon="13.6946905">
<ele>1289.40</ele>
<time>2026-07-25T04:59:18.000Z</time>
</trkpt>
<trkpt lat="46.3157181" lon="13.6949191">
<ele>1290.95</ele>
<time>2026-07-25T04:59:33.000Z</time>
</trkpt>
<trkpt lat="46.3156375" lon="13.6951641">
<ele>1309.95</ele>
<time>2026-07-25T05:00:33.000Z</time>
</trkpt>
<trkpt lat="46.3157589" lon="13.6953590">
<ele>1323.48</ele>
<time>2026-07-25T05:01:22.000Z</time>
</trkpt>
<trkpt lat="46.3159210" lon="13.6954821">
<ele>1331.95</ele>
<time>2026-07-25T05:01:46.000Z</time>
</trkpt>
<trkpt lat="46.3160788" lon="13.6956380">
<ele>1340.53</ele>
<time>2026-07-25T05:02:10.000Z</time>
</trkpt>
<trkpt lat="46.3160573" lon="13.6959062">
<ele>1347.67</ele>
<time>2026-07-25T05:02:40.000Z</time>
</trkpt>
<trkpt lat="46.3160711" lon="13.6961700">
<ele>1354.94</ele>
<time>2026-07-25T05:03:08.000Z</time>
</trkpt>
<trkpt lat="46.3159974" lon="13.6964159">
<ele>1358.94</ele>
<time>2026-07-25T05:03:27.000Z</time>
</trkpt>
<trkpt lat="46.3159072" lon="13.6966646">
<ele>1369.59</ele>
<time>2026-07-25T05:04:02.000Z</time>
</trkpt>
<trkpt lat="46.3159175" lon="13.6969298">
<ele>1372.30</ele>
<time>2026-07-25T05:04:24.000Z</time>
</trkpt>
<trkpt lat="46.3158719" lon="13.6971896">
<ele>1380.12</ele>
<time>2026-07-25T05:04:58.000Z</time>
</trkpt>
<trkpt lat="46.3158235" lon="13.6974481">
<ele>1381.98</ele>
<time>2026-07-25T05:05:12.000Z</time>
</trkpt>
<trkpt lat="46.3156981" lon="13.6976482">
<ele>1392.43</ele>
<time>2026-07-25T05:05:32.000Z</time>
</trkpt>
<trkpt lat="46.3155786" lon="13.6978611">
<ele>1396.04</ele>
<time>2026-07-25T05:05:49.000Z</time>
</trkpt>
<trkpt lat="46.3154125" lon="13.6979612">
<ele>1397.96</ele>
<time>2026-07-25T05:06:18.000Z</time>
</trkpt>
<trkpt lat="46.3153233" lon="13.6981951">
<ele>1406.49</ele>
<time>2026-07-25T05:06:40.000Z</time>
</trkpt>
<trkpt lat="46.3152002" lon="13.6983890">
<ele>1416.28</ele>
<time>2026-07-25T05:07:03.000Z</time>
</trkpt>
<trkpt lat="46.3150545" lon="13.6985589">
<ele>1419.50</ele>
<time>2026-07-25T05:07:49.000Z</time>
</trkpt>
<trkpt lat="46.3149192" lon="13.6987380">
<ele>1430.64</ele>
<time>2026-07-25T05:08:14.000Z</time>
</trkpt>
<trkpt lat="46.3147763" lon="13.6989145">
<ele>1437.04</ele>
<time>2026-07-25T05:08:37.000Z</time>
</trkpt>
<trkpt lat="46.3147162" lon="13.6991713">
<ele>1447.71</ele>
<time>2026-07-25T05:09:00.000Z</time>
</trkpt>
<trkpt lat="46.3146583" lon="13.6994219">
<ele>1447.48</ele>
<time>2026-07-25T05:09:16.000Z</time>
</trkpt>
<trkpt lat="46.3145869" lon="13.6996652">
<ele>1448.77</ele>
<time>2026-07-25T05:09:45.000Z</time>
</trkpt>
<trkpt lat="46.3145173" lon="13.6999120">
<ele>1456.38</ele>
<time>2026-07-25T05:10:00.000Z</time>
</trkpt>
<trkpt lat="46.3144485" lon="13.7001530">
<ele>1464.75</ele>
<time>2026-07-25T05:10:19.000Z</time>
</trkpt>
<trkpt lat="46.3143028" lon="13.7003144">
<ele>1471.35</ele>
<time>2026-07-25T05:11:01.000Z</time>
</trkpt>
<trkpt lat="46.3141260" lon="13.7002544">
<ele>1488.36</ele>
<time>2026-07-25T05:12:03.000Z</time>
</trkpt>
<trkpt lat="46.3140169" lon="13.7004645">
<ele>1492.70</ele>
<time>2026-07-25T05:12:22.000Z</time>
</trkpt>
<trkpt lat="46.3138344" lon="13.7005162">
<ele>1497.41</ele>
<time>2026-07-25T05:12:39.000Z</time>
</trkpt>
<trkpt lat="46.3136994" lon="13.7006884">
<ele>1499.98</ele>
<time>2026-07-25T05:13:08.000Z</time>
</trkpt>
<trkpt lat="46.3135483" lon="13.7008334">
<ele>1506.23</ele>
<time>2026-07-25T05:13:41.000Z</time>
</trkpt>
<trkpt lat="46.3133875" lon="13.7009506">
<ele>1509.18</ele>
<time>2026-07-25T05:14:06.000Z</time>
</trkpt>
<trkpt lat="46.3132030" lon="13.7010210">
<ele>1514.31</ele>
<time>2026-07-25T05:14:45.000Z</time>
</trkpt>
<trkpt lat="46.3130231" lon="13.7011103">
<ele>1527.27</ele>
<time>2026-07-25T05:15:50.000Z</time>
</trkpt>
<trkpt lat="46.3130053" lon="13.7013845">
<ele>1528.93</ele>
<time>2026-07-25T05:16:43.000Z</time>
</trkpt>
<trkpt lat="46.3129081" lon="13.7016127">
<ele>1538.37</ele>
<time>2026-07-25T05:17:19.000Z</time>
</trkpt>
<trkpt lat="46.3127409" lon="13.7017289">
<ele>1540.60</ele>
<time>2026-07-25T05:17:51.000Z</time>
</trkpt>
<trkpt lat="46.3125918" lon="13.7018972">
<ele>1553.69</ele>
<time>2026-07-25T05:18:28.000Z</time>
</trkpt>
<trkpt lat="46.3124623" lon="13.7020928">
<ele>1564.37</ele>
<time>2026-07-25T05:19:00.000Z</time>
</trkpt>
<trkpt lat="46.3122891" lon="13.7021782">
<ele>1572.95</ele>
<time>2026-07-25T05:19:24.000Z</time>
</trkpt>
<trkpt lat="46.3121352" lon="13.7023251">
<ele>1577.33</ele>
<time>2026-07-25T05:19:52.000Z</time>
</trkpt>
<trkpt lat="46.3120146" lon="13.7025256">
<ele>1586.06</ele>
<time>2026-07-25T05:20:09.000Z</time>
</trkpt>
<trkpt lat="46.3118799" lon="13.7027042">
<ele>1592.02</ele>
<time>2026-07-25T05:20:32.000Z</time>
</trkpt>
<trkpt lat="46.3117915" lon="13.7029357">
<ele>1596.91</ele>
<time>2026-07-25T05:20:56.000Z</time>
</trkpt>
<trkpt lat="46.3116628" lon="13.7031182">
<ele>1603.28</ele>
<time>2026-07-25T05:21:16.000Z</time>
</trkpt>
<trkpt lat="46.3115155" lon="13.7032677">
<ele>1608.47</ele>
<time>2026-07-25T05:21:36.000Z</time>
</trkpt>
<trkpt lat="46.3114267" lon="13.7034976">
<ele>1612.86</ele>
<time>2026-07-25T05:21:57.000Z</time>
</trkpt>
<trkpt lat="46.3113782" lon="13.7037493">
<ele>1613.83</ele>
<time>2026-07-25T05:22:21.000Z</time>
</trkpt>
<trkpt lat="46.3113068" lon="13.7040076">
<ele>1621.13</ele>
<time>2026-07-25T05:22:57.000Z</time>
</trkpt>
<trkpt lat="46.3111757" lon="13.7042060">
<ele>1629.25</ele>
<time>2026-07-25T05:23:30.000Z</time>
</trkpt>
<trkpt lat="46.3110631" lon="13.7044098">
<ele>1634.13</ele>
<time>2026-07-25T05:23:50.000Z</time>
</trkpt>
<trkpt lat="46.3109785" lon="13.7046538">
<ele>1633.91</ele>
<time>2026-07-25T05:24:04.000Z</time>
</trkpt>
<trkpt lat="46.3109013" lon="13.7049028">
<ele>1635.18</ele>
<time>2026-07-25T05:24:23.000Z</time>
</trkpt>
<trkpt lat="46.3108774" lon="13.7051714">
<ele>1644.23</ele>
<time>2026-07-25T05:24:52.000Z</time>
</trkpt>
<trkpt lat="46.3108112" lon="13.7054332">
<ele>1647.42</ele>
<time>2026-07-25T05:25:16.000Z</time>
</trkpt>
<trkpt lat="46.3106843" lon="13.7056246">
<ele>1653.92</ele>
<time>2026-07-25T05:26:35.000Z</time>
</trkpt>
<trkpt lat="46.3105014" lon="13.7056791">
<ele>1647.56</ele>
<time>2026-07-25T05:27:35.000Z</time>
</trkpt>
<trkpt lat="46.3103746" lon="13.7058667">
<ele>1642.08</ele>
<time>2026-07-25T05:28:08.000Z</time>
</trkpt>
<trkpt lat="46.3101990" lon="13.7059481">
<ele>1643.24</ele>
<time>2026-07-25T05:28:41.000Z</time>
</trkpt>
<trkpt lat="46.3100138" lon="13.7059274">
<ele>1647.48</ele>
<time>2026-07-25T05:29:01.000Z</time>
</trkpt>
<trkpt lat="46.3099035" lon="13.7057080">
<ele>1647.64</ele>
<time>2026-07-25T05:29:41.000Z</time>
</trkpt>
<trkpt lat="46.3098629" lon="13.7054528">
<ele>1645.69</ele>
<time>2026-07-25T05:30:31.000Z</time>
</trkpt>
<trkpt lat="46.3097010" lon="13.7053261">
<ele>1650.40</ele>
<time>2026-07-25T05:30:58.000Z</time>
</trkpt>
<trkpt lat="46.3095887" lon="13.7051161">
<ele>1655.41</ele>
<time>2026-07-25T05:31:35.000Z</time>
</trkpt>
<trkpt lat="46.3094049" lon="13.7051486">
<ele>1662.11</ele>
<time>2026-07-25T05:32:06.000Z</time>
</trkpt>
<trkpt lat="46.3092935" lon="13.7049436">
<ele>1670.43</ele>
<time>2026-07-25T05:32:43.000Z</time>
</trkpt>
<trkpt lat="46.3091275" lon="13.7048305">
<ele>1680.93</ele>
<time>2026-07-25T05:33:24.000Z</time>
</trkpt>
<trkpt lat="46.3089871" lon="13.7046542">
<ele>1693.22</ele>
<time>2026-07-25T05:34:14.000Z</time>
</trkpt>
<trkpt lat="46.3088741" lon="13.7044422">
<ele>1699.21</ele>
<time>2026-07-25T05:34:55.000Z</time>
</trkpt>
<trkpt lat="46.3086970" lon="13.7043510">
<ele>1713.50</ele>
<time>2026-07-25T05:36:13.000Z</time>
</trkpt>
<trkpt lat="46.3085597" lon="13.7041778">
<ele>1733.21</ele>
<time>2026-07-25T05:38:26.000Z</time>
</trkpt>
<trkpt lat="46.3083970" lon="13.7040629">
<ele>1750.88</ele>
<time>2026-07-25T05:39:36.000Z</time>
</trkpt>
<trkpt lat="46.3082394" lon="13.7039343">
<ele>1763.58</ele>
<time>2026-07-25T05:40:44.000Z</time>
</trkpt>
<trkpt lat="46.3080660" lon="13.7038202">
<ele>1777.43</ele>
<time>2026-07-25T05:41:53.000Z</time>
</trkpt>
<trkpt lat="46.3079117" lon="13.7036772">
<ele>1789.49</ele>
<time>2026-07-25T05:42:50.000Z</time>
</trkpt>
<trkpt lat="46.3077399" lon="13.7035968">
<ele>1809.53</ele>
<time>2026-07-25T05:44:07.000Z</time>
</trkpt>
<trkpt lat="46.3077469" lon="13.7033363">
<ele>1817.18</ele>
<time>2026-07-25T05:44:57.000Z</time>
</trkpt>
<trkpt lat="46.3078296" lon="13.7030831">
<ele>1813.07</ele>
<time>2026-07-25T05:45:24.000Z</time>
</trkpt>
<trkpt lat="46.3079420" lon="13.7028682">
<ele>1817.27</ele>
<time>2026-07-25T05:45:57.000Z</time>
</trkpt>
<trkpt lat="46.3080279" lon="13.7026389">
<ele>1822.59</ele>
<time>2026-07-25T05:46:42.000Z</time>
</trkpt>
<trkpt lat="46.3079990" lon="13.7023743">
<ele>1835.53</ele>
<time>2026-07-25T05:47:43.000Z</time>
</trkpt>
<trkpt lat="46.3080567" lon="13.7021247">
<ele>1847.20</ele>
<time>2026-07-25T05:48:34.000Z</time>
</trkpt>
<trkpt lat="46.3079294" lon="13.7019279">
<ele>1865.13</ele>
<time>2026-07-25T05:50:06.000Z</time>
</trkpt>
<trkpt lat="46.3078102" lon="13.7017324">
<ele>1885.74</ele>
<time>2026-07-25T05:51:42.000Z</time>
</trkpt>
<trkpt lat="46.3076764" lon="13.7015581">
<ele>1897.77</ele>
<time>2026-07-25T05:52:30.000Z</time>
</trkpt>
<trkpt lat="46.3074937" lon="13.7015131">
<ele>1912.41</ele>
<time>2026-07-25T05:53:16.000Z</time>
</trkpt>
<trkpt lat="46.3073361" lon="13.7016573">
<ele>1915.16</ele>
<time>2026-07-25T05:53:40.000Z</time>
</trkpt>
<trkpt lat="46.3071707" lon="13.7017623">
<ele>1921.11</ele>
<time>2026-07-25T05:53:59.000Z</time>
</trkpt>
<trkpt lat="46.3069884" lon="13.7017218">
<ele>1929.23</ele>
<time>2026-07-25T05:54:39.000Z</time>
</trkpt>
<trkpt lat="46.3068160" lon="13.7018328">
<ele>1941.98</ele>
<time>2026-07-25T05:55:13.000Z</time>
</trkpt>
<trkpt lat="46.3066947" lon="13.7020306">
<ele>1943.92</ele>
<time>2026-07-25T05:55:48.000Z</time>
</trkpt>
<trkpt lat="46.3065630" lon="13.7022360">
<ele>1945.99</ele>
<time>2026-07-25T05:56:10.000Z</time>
</trkpt>
<trkpt lat="46.3063985" lon="13.7023634">
<ele>1950.37</ele>
<time>2026-07-25T05:56:32.000Z</time>
</trkpt>
<trkpt lat="46.3062969" lon="13.7025865">
<ele>1953.12</ele>
<time>2026-07-25T05:56:53.000Z</time>
</trkpt>
<trkpt lat="46.3061340" lon="13.7027122">
<ele>1956.24</ele>
<time>2026-07-25T05:57:15.000Z</time>
</trkpt>
<trkpt lat="46.3059589" lon="13.7027755">
<ele>1961.83</ele>
<time>2026-07-25T05:57:38.000Z</time>
</trkpt>
<trkpt lat="46.3058615" lon="13.7029963">
<ele>1968.85</ele>
<time>2026-07-25T05:58:02.000Z</time>
</trkpt>
<trkpt lat="46.3057292" lon="13.7031749">
<ele>1979.05</ele>
<time>2026-07-25T05:58:28.000Z</time>
</trkpt>
<trkpt lat="46.3056088" lon="13.7033747">
<ele>1986.48</ele>
<time>2026-07-25T06:01:23.000Z</time>
</trkpt>
<trkpt lat="46.3054566" lon="13.7035170">
<ele>1980.90</ele>
<time>2026-07-25T06:01:37.000Z</time>
</trkpt>
<trkpt lat="46.3052793" lon="13.7035735">
<ele>1985.71</ele>
<time>2026-07-25T06:01:48.000Z</time>
</trkpt>
<trkpt lat="46.3051300" lon="13.7037414">
<ele>1974.28</ele>
<time>2026-07-25T06:02:39.000Z</time>
</trkpt>
<trkpt lat="46.3049562" lon="13.7038386">
<ele>1976.32</ele>
<time>2026-07-25T06:03:05.000Z</time>
</trkpt>
<trkpt lat="46.3047885" lon="13.7039339">
<ele>1963.56</ele>
<time>2026-07-25T06:04:17.000Z</time>
</trkpt>
<trkpt lat="46.3046145" lon="13.7040180">
<ele>1959.62</ele>
<time>2026-07-25T06:05:34.000Z</time>
</trkpt>
<trkpt lat="46.3044277" lon="13.7039469">
<ele>1954.41</ele>
<time>2026-07-25T06:06:11.000Z</time>
</trkpt>
<trkpt lat="46.3042474" lon="13.7039512">
<ele>1950.60</ele>
<time>2026-07-25T06:06:46.000Z</time>
</trkpt>
<trkpt lat="46.3040853" lon="13.7038259">
<ele>1942.76</ele>
<time>2026-07-25T06:08:24.000Z</time>
</trkpt>
<trkpt lat="46.3040050" lon="13.7035928">
<ele>1932.21</ele>
<time>2026-07-25T06:10:52.000Z</time>
</trkpt>
<trkpt lat="46.3038290" lon="13.7035011">
<ele>1931.36</ele>
<time>2026-07-25T06:11:32.000Z</time>
</trkpt>
<trkpt lat="46.3036441" lon="13.7035274">
<ele>1925.10</ele>
<time>2026-07-25T06:12:37.000Z</time>
</trkpt>
<trkpt lat="46.3034684" lon="13.7034480">
<ele>1922.25</ele>
<time>2026-07-25T06:12:56.000Z</time>
</trkpt>
<trkpt lat="46.3032825" lon="13.7034011">
<ele>1923.38</ele>
<time>2026-07-25T06:14:01.000Z</time>
</trkpt>
<trkpt lat="46.3030977" lon="13.7034630">
<ele>1921.96</ele>
<time>2026-07-25T06:14:23.000Z</time>
</trkpt>
<trkpt lat="46.3029506" lon="13.7036136">
<ele>1924.02</ele>
<time>2026-07-25T06:14:41.000Z</time>
</trkpt>
<trkpt lat="46.3027891" lon="13.7037439">
<ele>1919.90</ele>
<time>2026-07-25T06:15:31.000Z</time>
</trkpt>
<trkpt lat="46.3026073" lon="13.7038316">
<ele>1919.25</ele>
<time>2026-07-25T06:16:01.000Z</time>
</trkpt>
<trkpt lat="46.3024417" lon="13.7039483">
<ele>1921.57</ele>
<time>2026-07-25T06:16:33.000Z</time>
</trkpt>
<trkpt lat="46.3022880" lon="13.7040979">
<ele>1921.20</ele>
<time>2026-07-25T06:18:18.000Z</time>
</trkpt>
<trkpt lat="46.3021139" lon="13.7041822">
<ele>1912.26</ele>
<time>2026-07-25T06:21:27.000Z</time>
</trkpt>
<trkpt lat="46.3019376" lon="13.7041288">
<ele>1898.94</ele>
<time>2026-07-25T06:22:50.000Z</time>
</trkpt>
<trkpt lat="46.3017553" lon="13.7041096">
<ele>1904.86</ele>
<time>2026-07-25T06:27:15.000Z</time>
</trkpt>
<trkpt lat="46.3015805" lon="13.7041720">
<ele>1915.14</ele>
<time>2026-07-25T06:29:46.000Z</time>
</trkpt>
<trkpt lat="46.3013963" lon="13.7041613">
<ele>1924.18</ele>
<time>2026-07-25T06:32:27.000Z</time>
</trkpt>
<trkpt lat="46.3012161" lon="13.7041718">
<ele>1925.38</ele>
<time>2026-07-25T06:33:49.000Z</time>
</trkpt>
<trkpt lat="46.3010327" lon="13.7042153">
<ele>1919.61</ele>
<time>2026-07-25T06:34:27.000Z</time>
</trkpt>
<trkpt lat="46.3008544" lon="13.7042632">
<ele>1925.52</ele>
<time>2026-07-25T06:35:42.000Z</time>
</trkpt>
<trkpt lat="46.3006832" lon="13.7043431">
<ele>1927.97</ele>
<time>2026-07-25T06:38:18.000Z</time>
</trkpt>
<trkpt lat="46.3005217" lon="13.7044780">
<ele>1930.64</ele>
<time>2026-07-25T06:39:06.000Z</time>
</trkpt>
<trkpt lat="46.3003474" lon="13.7045468">
<ele>1935.55</ele>
<time>2026-07-25T06:39:53.000Z</time>
</trkpt>
<trkpt lat="46.3001791" lon="13.7046502">
<ele>1942.31</ele>
<time>2026-07-25T06:40:47.000Z</time>
</trkpt>
<trkpt lat="46.3000025" lon="13.7047399">
<ele>1955.51</ele>
<time>2026-07-25T06:41:29.000Z</time>
</trkpt>
<trkpt lat="46.2998241" lon="13.7047882">
<ele>1958.25</ele>
<time>2026-07-25T06:42:21.000Z</time>
</trkpt>
<trkpt lat="46.2996419" lon="13.7047382">
<ele>1952.26</ele>
<time>2026-07-25T06:43:08.000Z</time>
</trkpt>
<trkpt lat="46.2994830" lon="13.7048708">
<ele>1951.54</ele>
<time>2026-07-25T06:43:35.000Z</time>
</trkpt>
<trkpt lat="46.2993552" lon="13.7050589">
<ele>1957.64</ele>
<time>2026-07-25T06:44:41.000Z</time>
</trkpt>
<trkpt lat="46.2992117" lon="13.7052304">
<ele>1957.01</ele>
<time>2026-07-25T06:45:21.000Z</time>
</trkpt>
<trkpt lat="46.2990470" lon="13.7053367">
<ele>1952.51</ele>
<time>2026-07-25T06:46:20.000Z</time>
</trkpt>
<trkpt lat="46.2988760" lon="13.7054332">
<ele>1952.43</ele>
<time>2026-07-25T06:48:22.000Z</time>
</trkpt>
<trkpt lat="46.2987064" lon="13.7055476">
<ele>1952.94</ele>
<time>2026-07-25T06:48:40.000Z</time>
</trkpt>
<trkpt lat="46.2985457" lon="13.7056956">
<ele>1951.47</ele>
<time>2026-07-25T06:49:04.000Z</time>
</trkpt>
<trkpt lat="46.2983633" lon="13.7056870">
<ele>1946.96</ele>
<time>2026-07-25T06:49:56.000Z</time>
</trkpt>
<trkpt lat="46.2981846" lon="13.7057427">
<ele>1949.65</ele>
<time>2026-07-25T06:50:16.000Z</time>
</trkpt>
<trkpt lat="46.2980230" lon="13.7058666">
<ele>1953.34</ele>
<time>2026-07-25T06:50:47.000Z</time>
</trkpt>
<trkpt lat="46.2978348" lon="13.7058213">
<ele>1956.90</ele>
<time>2026-07-25T06:51:19.000Z</time>
</trkpt>
<trkpt lat="46.2976599" lon="13.7058961">
<ele>1957.99</ele>
<time>2026-07-25T06:51:53.000Z</time>
</trkpt>
<trkpt lat="46.2974978" lon="13.7060137">
<ele>1968.46</ele>
<time>2026-07-25T06:53:44.000Z</time>
</trkpt>
<trkpt lat="46.2973000" lon="13.7060523">
<ele>1966.62</ele>
<time>2026-07-25T06:54:30.000Z</time>
</trkpt>
<trkpt lat="46.2971320" lon="13.7061787">
<ele>1969.93</ele>
<time>2026-07-25T06:54:52.000Z</time>
</trkpt>
<trkpt lat="46.2969658" lon="13.7062812">
<ele>1966.19</ele>
<time>2026-07-25T06:55:57.000Z</time>
</trkpt>
<trkpt lat="46.2967954" lon="13.7063691">
<ele>1964.31</ele>
<time>2026-07-25T06:56:28.000Z</time>
</trkpt>
<trkpt lat="46.2966440" lon="13.7065096">
<ele>1964.60</ele>
<time>2026-07-25T06:57:17.000Z</time>
</trkpt>
<trkpt lat="46.2965463" lon="13.7067382">
<ele>1959.77</ele>
<time>2026-07-25T07:00:06.000Z</time>
</trkpt>
<trkpt lat="46.2964337" lon="13.7069423">
<ele>1955.89</ele>
<time>2026-07-25T07:13:27.000Z</time>
</trkpt>
<trkpt lat="46.2962566" lon="13.7069896">
<ele>1960.73</ele>
<time>2026-07-25T07:15:35.000Z</time>
</trkpt>
<trkpt lat="46.2960832" lon="13.7070599">
<ele>1957.39</ele>
<time>2026-07-25T07:16:34.000Z</time>
</trkpt>
<trkpt lat="46.2959072" lon="13.7071142">
<ele>1960.36</ele>
<time>2026-07-25T07:17:07.000Z</time>
</trkpt>
<trkpt lat="46.2957195" lon="13.7071106">
<ele>1963.10</ele>
<time>2026-07-25T07:17:41.000Z</time>
</trkpt>
<trkpt lat="46.2955999" lon="13.7073086">
<ele>1975.77</ele>
<time>2026-07-25T07:21:42.000Z</time>
</trkpt>
<trkpt lat="46.2954611" lon="13.7074833">
<ele>1971.77</ele>
<time>2026-07-25T07:24:49.000Z</time>
</trkpt>
<trkpt lat="46.2953079" lon="13.7076229">
<ele>1979.90</ele>
<time>2026-07-25T07:31:57.000Z</time>
</trkpt>
<trkpt lat="46.2951744" lon="13.7078063">
<ele>1989.36</ele>
<time>2026-07-25T07:32:56.000Z</time>
</trkpt>
<trkpt lat="46.2950262" lon="13.7079555">
<ele>1997.17</ele>
<time>2026-07-25T07:33:38.000Z</time>
</trkpt>
<trkpt lat="46.2948798" lon="13.7081206">
<ele>2003.52</ele>
<time>2026-07-25T07:34:01.000Z</time>
</trkpt>
<trkpt lat="46.2947008" lon="13.7081772">
<ele>2011.84</ele>
<time>2026-07-25T07:34:23.000Z</time>
</trkpt>
<trkpt lat="46.2945389" lon="13.7083168">
<ele>2014.02</ele>
<time>2026-07-25T07:41:05.000Z</time>
</trkpt>
<trkpt lat="46.2945375" lon="13.7085917">
<ele>2006.24</ele>
<time>2026-07-25T07:41:59.000Z</time>
</trkpt>
<trkpt lat="46.2943899" lon="13.7087506">
<ele>1993.85</ele>
<time>2026-07-25T07:42:38.000Z</time>
</trkpt>
<trkpt lat="46.2942531" lon="13.7089271">
<ele>1983.53</ele>
<time>2026-07-25T07:43:13.000Z</time>
</trkpt>
<trkpt lat="46.2941224" lon="13.7091110">
<ele>1972.99</ele>
<time>2026-07-25T07:43:39.000Z</time>
</trkpt>
<trkpt lat="46.2941215" lon="13.7093778">
<ele>1961.69</ele>
<time>2026-07-25T07:44:18.000Z</time>
</trkpt>
<trkpt lat="46.2942131" lon="13.7096166">
<ele>1960.95</ele>
<time>2026-07-25T07:44:29.000Z</time>
</trkpt>
<trkpt lat="46.2942531" lon="13.7098739">
<ele>1952.38</ele>
<time>2026-07-25T07:44:47.000Z</time>
</trkpt>
<trkpt lat="46.2942367" lon="13.7101426">
<ele>1939.43</ele>
<time>2026-07-25T07:45:20.000Z</time>
</trkpt>
<trkpt lat="46.2943181" lon="13.7103763">
<ele>1935.46</ele>
<time>2026-07-25T07:45:48.000Z</time>
</trkpt>
<trkpt lat="46.2942498" lon="13.7106175">
<ele>1927.52</ele>
<time>2026-07-25T07:46:16.000Z</time>
</trkpt>
<trkpt lat="46.2942737" lon="13.7108829">
<ele>1929.89</ele>
<time>2026-07-25T07:46:52.000Z</time>
</trkpt>
<trkpt lat="46.2943895" lon="13.7110867">
<ele>1931.04</ele>
<time>2026-07-25T07:47:44.000Z</time>
</trkpt>
<trkpt lat="46.2944222" lon="13.7113484">
<ele>1934.62</ele>
<time>2026-07-25T07:48:15.000Z</time>
</trkpt>
<trkpt lat="46.2944493" lon="13.7116125">
<ele>1933.44</ele>
<time>2026-07-25T07:48:33.000Z</time>
</trkpt>
<trkpt lat="46.2944612" lon="13.7118834">
<ele>1927.20</ele>
<time>2026-07-25T07:48:55.000Z</time>
</trkpt>
<trkpt lat="46.2944866" lon="13.7121534">
<ele>1923.90</ele>
<time>2026-07-25T07:49:25.000Z</time>
</trkpt>
<trkpt lat="46.2945297" lon="13.7124109">
<ele>1928.00</ele>
<time>2026-07-25T07:50:02.000Z</time>
</trkpt>
<trkpt lat="46.2944983" lon="13.7121503">
<ele>1924.29</ele>
<time>2026-07-25T07:50:49.000Z</time>
</trkpt>
<trkpt lat="46.2945314" lon="13.7124132">
<ele>1924.69</ele>
<time>2026-07-25T07:57:50.000Z</time>
</trkpt>
<trkpt lat="46.2943880" lon="13.7125756">
<ele>1914.31</ele>
<time>2026-07-25T07:58:27.000Z</time>
</trkpt>
<trkpt lat="46.2942080" lon="13.7125609">
<ele>1916.02</ele>
<time>2026-07-25T07:59:01.000Z</time>
</trkpt>
<trkpt lat="46.2940513" lon="13.7127044">
<ele>1906.57</ele>
<time>2026-07-25T08:01:12.000Z</time>
</trkpt>
<trkpt lat="46.2939283" lon="13.7129059">
<ele>1904.76</ele>
<time>2026-07-25T08:01:39.000Z</time>
</trkpt>
<trkpt lat="46.2937535" lon="13.7130246">
<ele>1901.03</ele>
<time>2026-07-25T08:01:56.000Z</time>
</trkpt>
<trkpt lat="46.2936378" lon="13.7132241">
<ele>1904.40</ele>
<time>2026-07-25T08:02:24.000Z</time>
</trkpt>
<trkpt lat="46.2935616" lon="13.7134626">
<ele>1906.36</ele>
<time>2026-07-25T08:03:03.000Z</time>
</trkpt>
<trkpt lat="46.2933920" lon="13.7135719">
<ele>1907.11</ele>
<time>2026-07-25T08:03:18.000Z</time>
</trkpt>
<trkpt lat="46.2932536" lon="13.7137579">
<ele>1903.18</ele>
<time>2026-07-25T08:03:36.000Z</time>
</trkpt>
<trkpt lat="46.2930805" lon="13.7138325">
<ele>1902.30</ele>
<time>2026-07-25T08:03:52.000Z</time>
</trkpt>
<trkpt lat="46.2929111" lon="13.7139612">
<ele>1899.23</ele>
<time>2026-07-25T08:04:02.000Z</time>
</trkpt>
<trkpt lat="46.2927384" lon="13.7140765">
<ele>1896.41</ele>
<time>2026-07-25T08:04:20.000Z</time>
</trkpt>
<trkpt lat="46.2926285" lon="13.7142867">
<ele>1889.45</ele>
<time>2026-07-25T08:04:42.000Z</time>
</trkpt>
<trkpt lat="46.2926565" lon="13.7145441">
<ele>1887.26</ele>
<time>2026-07-25T08:04:58.000Z</time>
</trkpt>
<trkpt lat="46.2927855" lon="13.7147420">
<ele>1886.66</ele>
<time>2026-07-25T08:05:10.000Z</time>
</trkpt>
<trkpt lat="46.2928113" lon="13.7150087">
<ele>1886.87</ele>
<time>2026-07-25T08:05:27.000Z</time>
</trkpt>
<trkpt lat="46.2928448" lon="13.7152845">
<ele>1889.83</ele>
<time>2026-07-25T08:05:48.000Z</time>
</trkpt>
<trkpt lat="46.2929580" lon="13.7154878">
<ele>1889.04</ele>
<time>2026-07-25T08:06:03.000Z</time>
</trkpt>
<trkpt lat="46.2930762" lon="13.7156853">
<ele>1889.77</ele>
<time>2026-07-25T08:06:26.000Z</time>
</trkpt>
<trkpt lat="46.2932564" lon="13.7157654">
<ele>1889.93</ele>
<time>2026-07-25T08:06:43.000Z</time>
</trkpt>
<trkpt lat="46.2933967" lon="13.7159525">
<ele>1891.17</ele>
<time>2026-07-25T08:07:01.000Z</time>
</trkpt>
<trkpt lat="46.2935466" lon="13.7161073">
<ele>1896.44</ele>
<time>2026-07-25T08:07:27.000Z</time>
</trkpt>
<trkpt lat="46.2936570" lon="13.7163408">
<ele>1900.30</ele>
<time>2026-07-25T08:07:54.000Z</time>
</trkpt>
<trkpt lat="46.2937807" lon="13.7165503">
<ele>1897.86</ele>
<time>2026-07-25T08:08:07.000Z</time>
</trkpt>
<trkpt lat="46.2938366" lon="13.7167979">
<ele>1895.47</ele>
<time>2026-07-25T08:08:21.000Z</time>
</trkpt>
<trkpt lat="46.2939771" lon="13.7169682">
<ele>1899.16</ele>
<time>2026-07-25T08:08:37.000Z</time>
</trkpt>
<trkpt lat="46.2940916" lon="13.7171864">
<ele>1907.26</ele>
<time>2026-07-25T08:08:59.000Z</time>
</trkpt>
<trkpt lat="46.2942325" lon="13.7173588">
<ele>1910.70</ele>
<time>2026-07-25T08:09:14.000Z</time>
</trkpt>
<trkpt lat="46.2943992" lon="13.7174946">
<ele>1917.32</ele>
<time>2026-07-25T08:09:29.000Z</time>
</trkpt>
<trkpt lat="46.2944867" lon="13.7177302">
<ele>1916.95</ele>
<time>2026-07-25T08:09:48.000Z</time>
</trkpt>
<trkpt lat="46.2946265" lon="13.7178957">
<ele>1921.25</ele>
<time>2026-07-25T08:10:06.000Z</time>
</trkpt>
<trkpt lat="46.2946519" lon="13.7181546">
<ele>1923.59</ele>
<time>2026-07-25T08:10:26.000Z</time>
</trkpt>
<trkpt lat="46.2947276" lon="13.7184012">
<ele>1921.02</ele>
<time>2026-07-25T08:10:43.000Z</time>
</trkpt>
<trkpt lat="46.2947025" lon="13.7186680">
<ele>1917.50</ele>
<time>2026-07-25T08:10:52.000Z</time>
</trkpt>
<trkpt lat="46.2947000" lon="13.7189292">
<ele>1909.75</ele>
<time>2026-07-25T08:11:08.000Z</time>
</trkpt>
<trkpt lat="46.2947377" lon="13.7191967">
<ele>1904.79</ele>
<time>2026-07-25T08:11:23.000Z</time>
</trkpt>
<trkpt lat="46.2947432" lon="13.7194789">
<ele>1904.28</ele>
<time>2026-07-25T08:11:35.000Z</time>
</trkpt>
<trkpt lat="46.2947504" lon="13.7197396">
<ele>1896.99</ele>
<time>2026-07-25T08:11:48.000Z</time>
</trkpt>
<trkpt lat="46.2947683" lon="13.7200204">
<ele>1887.82</ele>
<time>2026-07-25T08:12:02.000Z</time>
</trkpt>
<trkpt lat="46.2947259" lon="13.7202787">
<ele>1888.13</ele>
<time>2026-07-25T08:12:19.000Z</time>
</trkpt>
<trkpt lat="46.2947272" lon="13.7205632">
<ele>1887.30</ele>
<time>2026-07-25T08:12:36.000Z</time>
</trkpt>
<trkpt lat="46.2948906" lon="13.7206958">
<ele>1893.01</ele>
<time>2026-07-25T08:12:56.000Z</time>
</trkpt>
<trkpt lat="46.2950554" lon="13.7208095">
<ele>1896.20</ele>
<time>2026-07-25T08:13:24.000Z</time>
</trkpt>
<trkpt lat="46.2952464" lon="13.7208474">
<ele>1896.91</ele>
<time>2026-07-25T08:13:47.000Z</time>
</trkpt>
<trkpt lat="46.2954202" lon="13.7209521">
<ele>1897.34</ele>
<time>2026-07-25T08:14:02.000Z</time>
</trkpt>
<trkpt lat="46.2955419" lon="13.7211503">
<ele>1899.00</ele>
<time>2026-07-25T08:14:18.000Z</time>
</trkpt>
<trkpt lat="46.2955667" lon="13.7214229">
<ele>1903.78</ele>
<time>2026-07-25T08:14:33.000Z</time>
</trkpt>
<trkpt lat="46.2957448" lon="13.7214900">
<ele>1907.35</ele>
<time>2026-07-25T08:14:56.000Z</time>
</trkpt>
<trkpt lat="46.2959074" lon="13.7216077">
<ele>1917.94</ele>
<time>2026-07-25T08:15:21.000Z</time>
</trkpt>
<trkpt lat="46.2960788" lon="13.7217006">
<ele>1921.57</ele>
<time>2026-07-25T08:15:40.000Z</time>
</trkpt>
<trkpt lat="46.2962622" lon="13.7217498">
<ele>1927.79</ele>
<time>2026-07-25T08:16:05.000Z</time>
</trkpt>
<trkpt lat="46.2962552" lon="13.7220361">
<ele>1934.26</ele>
<time>2026-07-25T08:16:23.000Z</time>
</trkpt>
<trkpt lat="46.2964114" lon="13.7221823">
<ele>1939.56</ele>
<time>2026-07-25T08:16:50.000Z</time>
</trkpt>
<trkpt lat="46.2963099" lon="13.7224079">
<ele>1939.23</ele>
<time>2026-07-25T08:17:05.000Z</time>
</trkpt>
<trkpt lat="46.2964012" lon="13.7226508">
<ele>1941.59</ele>
<time>2026-07-25T08:17:31.000Z</time>
</trkpt>
<trkpt lat="46.2963299" lon="13.7228978">
<ele>1945.52</ele>
<time>2026-07-25T08:17:49.000Z</time>
</trkpt>
<trkpt lat="46.2962803" lon="13.7231489">
<ele>1954.22</ele>
<time>2026-07-25T08:18:14.000Z</time>
</trkpt>
<trkpt lat="46.2961253" lon="13.7232977">
<ele>1963.22</ele>
<time>2026-07-25T08:18:38.000Z</time>
</trkpt>
<trkpt lat="46.2962275" lon="13.7235241">
<ele>1971.70</ele>
<time>2026-07-25T08:19:11.000Z</time>
</trkpt>
<trkpt lat="46.2963401" lon="13.7237382">
<ele>1971.91</ele>
<time>2026-07-25T08:19:33.000Z</time>
</trkpt>
<trkpt lat="46.2964724" lon="13.7239273">
<ele>1977.17</ele>
<time>2026-07-25T08:19:58.000Z</time>
</trkpt>
<trkpt lat="46.2966413" lon="13.7240323">
<ele>1983.04</ele>
<time>2026-07-25T08:20:28.000Z</time>
</trkpt>
<trkpt lat="46.2966982" lon="13.7242944">
<ele>1996.59</ele>
<time>2026-07-25T08:20:55.000Z</time>
</trkpt>
<trkpt lat="46.2967570" lon="13.7245451">
<ele>2001.67</ele>
<time>2026-07-25T08:21:27.000Z</time>
</trkpt>
<trkpt lat="46.2967706" lon="13.7248057">
<ele>2002.43</ele>
<time>2026-07-25T08:24:01.000Z</time>
</trkpt>
<trkpt lat="46.2969484" lon="13.7247409">
<ele>1994.70</ele>
<time>2026-07-25T08:39:44.000Z</time>
</trkpt>
<trkpt lat="46.2971354" lon="13.7247462">
<ele>1991.77</ele>
<time>2026-07-25T08:40:03.000Z</time>
</trkpt>
<trkpt lat="46.2973086" lon="13.7248184">
<ele>1990.70</ele>
<time>2026-07-25T08:40:22.000Z</time>
</trkpt>
<trkpt lat="46.2974911" lon="13.7247527">
<ele>1987.98</ele>
<time>2026-07-25T08:40:49.000Z</time>
</trkpt>
<trkpt lat="46.2976707" lon="13.7247904">
<ele>1982.83</ele>
<time>2026-07-25T08:41:06.000Z</time>
</trkpt>
<trkpt lat="46.2978505" lon="13.7248417">
<ele>1983.00</ele>
<time>2026-07-25T08:41:20.000Z</time>
</trkpt>
<trkpt lat="46.2980253" lon="13.7247584">
<ele>1985.57</ele>
<time>2026-07-25T08:41:35.000Z</time>
</trkpt>
<trkpt lat="46.2981755" lon="13.7249024">
<ele>1984.37</ele>
<time>2026-07-25T08:41:51.000Z</time>
</trkpt>
<trkpt lat="46.2982535" lon="13.7251420">
<ele>1988.56</ele>
<time>2026-07-25T08:42:09.000Z</time>
</trkpt>
<trkpt lat="46.2984137" lon="13.7252634">
<ele>1991.83</ele>
<time>2026-07-25T08:42:23.000Z</time>
</trkpt>
<trkpt lat="46.2985826" lon="13.7253587">
<ele>1980.60</ele>
<time>2026-07-25T08:42:49.000Z</time>
</trkpt>
<trkpt lat="46.2987307" lon="13.7255450">
<ele>1972.27</ele>
<time>2026-07-25T08:43:06.000Z</time>
</trkpt>
<trkpt lat="46.2988531" lon="13.7257390">
<ele>1963.78</ele>
<time>2026-07-25T08:43:46.000Z</time>
</trkpt>
<trkpt lat="46.2990417" lon="13.7257517">
<ele>1965.65</ele>
<time>2026-07-25T08:44:01.000Z</time>
</trkpt>
<trkpt lat="46.2991154" lon="13.7260036">
<ele>1973.80</ele>
<time>2026-07-25T08:44:28.000Z</time>
</trkpt>
<trkpt lat="46.2992632" lon="13.7261557">
<ele>1969.92</ele>
<time>2026-07-25T08:44:53.000Z</time>
</trkpt>
<trkpt lat="46.2994400" lon="13.7262241">
<ele>1956.86</ele>
<time>2026-07-25T08:45:31.000Z</time>
</trkpt>
<trkpt lat="46.2995085" lon="13.7264723">
<ele>1953.30</ele>
<time>2026-07-25T08:45:45.000Z</time>
</trkpt>
<trkpt lat="46.2995016" lon="13.7267356">
<ele>1952.66</ele>
<time>2026-07-25T08:46:07.000Z</time>
</trkpt>
<trkpt lat="46.2996687" lon="13.7268431">
<ele>1957.04</ele>
<time>2026-07-25T08:46:26.000Z</time>
</trkpt>
<trkpt lat="46.2998051" lon="13.7270261">
<ele>1947.39</ele>
<time>2026-07-25T08:46:57.000Z</time>
</trkpt>
<trkpt lat="46.2998016" lon="13.7272879">
<ele>1942.68</ele>
<time>2026-07-25T08:47:17.000Z</time>
</trkpt>
<trkpt lat="46.2998373" lon="13.7275525">
<ele>1933.50</ele>
<time>2026-07-25T08:47:43.000Z</time>
</trkpt>
<trkpt lat="46.3000043" lon="13.7276563">
<ele>1927.70</ele>
<time>2026-07-25T08:48:08.000Z</time>
</trkpt>
<trkpt lat="46.3001502" lon="13.7275019">
<ele>1917.85</ele>
<time>2026-07-25T08:49:12.000Z</time>
</trkpt>
<trkpt lat="46.3002759" lon="13.7277062">
<ele>1897.10</ele>
<time>2026-07-25T08:50:02.000Z</time>
</trkpt>
<trkpt lat="46.3003185" lon="13.7279593">
<ele>1889.43</ele>
<time>2026-07-25T08:50:34.000Z</time>
</trkpt>
<trkpt lat="46.3003491" lon="13.7282246">
<ele>1883.14</ele>
<time>2026-07-25T08:50:56.000Z</time>
</trkpt>
<trkpt lat="46.3005339" lon="13.7282308">
<ele>1876.30</ele>
<time>2026-07-25T08:51:19.000Z</time>
</trkpt>
<trkpt lat="46.3006461" lon="13.7284463">
<ele>1868.98</ele>
<time>2026-07-25T08:51:43.000Z</time>
</trkpt>
<trkpt lat="46.3006668" lon="13.7287128">
<ele>1870.33</ele>
<time>2026-07-25T08:51:59.000Z</time>
</trkpt>
<trkpt lat="46.3008409" lon="13.7288136">
<ele>1871.77</ele>
<time>2026-07-25T08:55:58.000Z</time>
</trkpt>
<trkpt lat="46.3010245" lon="13.7288162">
<ele>1856.03</ele>
<time>2026-07-25T08:56:55.000Z</time>
</trkpt>
<trkpt lat="46.3011741" lon="13.7286613">
<ele>1850.70</ele>
<time>2026-07-25T08:57:15.000Z</time>
</trkpt>
<trkpt lat="46.3013661" lon="13.7286187">
<ele>1845.28</ele>
<time>2026-07-25T08:57:36.000Z</time>
</trkpt>
<trkpt lat="46.3015139" lon="13.7287863">
<ele>1839.88</ele>
<time>2026-07-25T08:57:56.000Z</time>
</trkpt>
<trkpt lat="46.3014028" lon="13.7290087">
<ele>1842.38</ele>
<time>2026-07-25T08:58:31.000Z</time>
</trkpt>
<trkpt lat="46.3012528" lon="13.7291669">
<ele>1842.55</ele>
<time>2026-07-25T08:58:48.000Z</time>
</trkpt>
<trkpt lat="46.3012450" lon="13.7294309">
<ele>1836.61</ele>
<time>2026-07-25T08:59:05.000Z</time>
</trkpt>
<trkpt lat="46.3011604" lon="13.7296640">
<ele>1836.28</ele>
<time>2026-07-25T08:59:20.000Z</time>
</trkpt>
<trkpt lat="46.3013307" lon="13.7297669">
<ele>1824.72</ele>
<time>2026-07-25T08:59:55.000Z</time>
</trkpt>
<trkpt lat="46.3015062" lon="13.7298274">
<ele>1823.65</ele>
<time>2026-07-25T09:00:12.000Z</time>
</trkpt>
<trkpt lat="46.3014157" lon="13.7300680">
<ele>1826.45</ele>
<time>2026-07-25T09:00:31.000Z</time>
</trkpt>
<trkpt lat="46.3012845" lon="13.7302472">
<ele>1831.20</ele>
<time>2026-07-25T09:00:57.000Z</time>
</trkpt>
<trkpt lat="46.3011105" lon="13.7303625">
<ele>1830.69</ele>
<time>2026-07-25T09:01:14.000Z</time>
</trkpt>
<trkpt lat="46.3009689" lon="13.7305290">
<ele>1830.34</ele>
<time>2026-07-25T09:03:27.000Z</time>
</trkpt>
<trkpt lat="46.3007826" lon="13.7305883">
<ele>1824.17</ele>
<time>2026-07-25T09:04:02.000Z</time>
</trkpt>
<trkpt lat="46.3006348" lon="13.7307494">
<ele>1816.58</ele>
<time>2026-07-25T09:04:20.000Z</time>
</trkpt>
<trkpt lat="46.3005406" lon="13.7309982">
<ele>1807.61</ele>
<time>2026-07-25T09:04:42.000Z</time>
</trkpt>
<trkpt lat="46.3004368" lon="13.7312191">
<ele>1805.99</ele>
<time>2026-07-25T09:04:53.000Z</time>
</trkpt>
<trkpt lat="46.3003212" lon="13.7314210">
<ele>1803.19</ele>
<time>2026-07-25T09:05:07.000Z</time>
</trkpt>
<trkpt lat="46.3003472" lon="13.7316985">
<ele>1799.39</ele>
<time>2026-07-25T09:05:23.000Z</time>
</trkpt>
<trkpt lat="46.3004654" lon="13.7319111">
<ele>1797.86</ele>
<time>2026-07-25T09:05:39.000Z</time>
</trkpt>
<trkpt lat="46.3004364" lon="13.7321991">
<ele>1803.07</ele>
<time>2026-07-25T09:05:50.000Z</time>
</trkpt>
<trkpt lat="46.3003764" lon="13.7324577">
<ele>1799.04</ele>
<time>2026-07-25T09:06:02.000Z</time>
</trkpt>
<trkpt lat="46.3002274" lon="13.7326044">
<ele>1797.09</ele>
<time>2026-07-25T09:06:17.000Z</time>
</trkpt>
<trkpt lat="46.3001254" lon="13.7328348">
<ele>1791.57</ele>
<time>2026-07-25T09:06:34.000Z</time>
</trkpt>
<trkpt lat="46.3001002" lon="13.7330978">
<ele>1783.73</ele>
<time>2026-07-25T09:06:47.000Z</time>
</trkpt>
<trkpt lat="46.3002111" lon="13.7333303">
<ele>1784.20</ele>
<time>2026-07-25T09:07:05.000Z</time>
</trkpt>
<trkpt lat="46.3000979" lon="13.7335533">
<ele>1778.96</ele>
<time>2026-07-25T09:07:18.000Z</time>
</trkpt>
<trkpt lat="46.2999530" lon="13.7337134">
<ele>1777.41</ele>
<time>2026-07-25T09:07:31.000Z</time>
</trkpt>
<trkpt lat="46.2997930" lon="13.7338466">
<ele>1778.64</ele>
<time>2026-07-25T09:07:49.000Z</time>
</trkpt>
<trkpt lat="46.2996550" lon="13.7340533">
<ele>1774.62</ele>
<time>2026-07-25T09:08:03.000Z</time>
</trkpt>
<trkpt lat="46.2995502" lon="13.7342913">
<ele>1773.23</ele>
<time>2026-07-25T09:08:13.000Z</time>
</trkpt>
<trkpt lat="46.2996010" lon="13.7345499">
<ele>1776.20</ele>
<time>2026-07-25T09:08:23.000Z</time>
</trkpt>
<trkpt lat="46.2994881" lon="13.7347777">
<ele>1772.93</ele>
<time>2026-07-25T09:08:35.000Z</time>
</trkpt>
<trkpt lat="46.2994283" lon="13.7350344">
<ele>1766.44</ele>
<time>2026-07-25T09:08:52.000Z</time>
</trkpt>
<trkpt lat="46.2992923" lon="13.7352173">
<ele>1759.50</ele>
<time>2026-07-25T09:09:06.000Z</time>
</trkpt>
<trkpt lat="46.2991713" lon="13.7354172">
<ele>1758.94</ele>
<time>2026-07-25T09:09:20.000Z</time>
</trkpt>
<trkpt lat="46.2990549" lon="13.7356298">
<ele>1753.35</ele>
<time>2026-07-25T09:09:34.000Z</time>
</trkpt>
<trkpt lat="46.2990244" lon="13.7359077">
<ele>1749.31</ele>
<time>2026-07-25T09:09:48.000Z</time>
</trkpt>
<trkpt lat="46.2990567" lon="13.7361690">
<ele>1742.43</ele>
<time>2026-07-25T09:10:01.000Z</time>
</trkpt>
<trkpt lat="46.2990496" lon="13.7364346">
<ele>1740.69</ele>
<time>2026-07-25T09:10:14.000Z</time>
</trkpt>
<trkpt lat="46.2990122" lon="13.7366963">
<ele>1732.87</ele>
<time>2026-07-25T09:10:31.000Z</time>
</trkpt>
<trkpt lat="46.2990062" lon="13.7369579">
<ele>1726.34</ele>
<time>2026-07-25T09:10:43.000Z</time>
</trkpt>
<trkpt lat="46.2988434" lon="13.7370751">
<ele>1725.59</ele>
<time>2026-07-25T09:10:55.000Z</time>
</trkpt>
<trkpt lat="46.2989843" lon="13.7372497">
<ele>1718.19</ele>
<time>2026-07-25T09:11:33.000Z</time>
</trkpt>
<trkpt lat="46.2989328" lon="13.7375028">
<ele>1713.32</ele>
<time>2026-07-25T09:11:50.000Z</time>
</trkpt>
<trkpt lat="46.2988939" lon="13.7377797">
<ele>1704.87</ele>
<time>2026-07-25T09:12:13.000Z</time>
</trkpt>
<trkpt lat="46.2989091" lon="13.7380531">
<ele>1696.26</ele>
<time>2026-07-25T09:12:25.000Z</time>
</trkpt>
<trkpt lat="46.2989978" lon="13.7382876">
<ele>1694.31</ele>
<time>2026-07-25T09:12:38.000Z</time>
</trkpt>
<trkpt lat="46.2991392" lon="13.7384679">
<ele>1689.84</ele>
<time>2026-07-25T09:12:52.000Z</time>
</trkpt>
<trkpt lat="46.2993299" lon="13.7385205">
<ele>1687.29</ele>
<time>2026-07-25T09:13:04.000Z</time>
</trkpt>
<trkpt lat="46.2993662" lon="13.7387848">
<ele>1685.37</ele>
<time>2026-07-25T09:13:17.000Z</time>
</trkpt>
<trkpt lat="46.2993270" lon="13.7390524">
<ele>1682.58</ele>
<time>2026-07-25T09:13:33.000Z</time>
</trkpt>
<trkpt lat="46.2992818" lon="13.7393147">
<ele>1680.71</ele>
<time>2026-07-25T09:13:46.000Z</time>
</trkpt>
<trkpt lat="46.2992287" lon="13.7395658">
<ele>1677.29</ele>
<time>2026-07-25T09:14:34.000Z</time>
</trkpt>
<trkpt lat="46.2992080" lon="13.7398291">
<ele>1677.02</ele>
<time>2026-07-25T09:14:45.000Z</time>
</trkpt>
<trkpt lat="46.2992640" lon="13.7400968">
<ele>1674.34</ele>
<time>2026-07-25T09:14:57.000Z</time>
</trkpt>
<trkpt lat="46.2993396" lon="13.7403610">
<ele>1674.68</ele>
<time>2026-07-25T09:15:08.000Z</time>
</trkpt>
<trkpt lat="46.2994591" lon="13.7405588">
<ele>1670.78</ele>
<time>2026-07-25T09:15:18.000Z</time>
</trkpt>
<trkpt lat="46.2995971" lon="13.7407277">
<ele>1666.88</ele>
<time>2026-07-25T09:15:32.000Z</time>
</trkpt>
<trkpt lat="46.2997118" lon="13.7409312">
<ele>1662.90</ele>
<time>2026-07-25T09:15:54.000Z</time>
</trkpt>
<trkpt lat="46.2998616" lon="13.7410787">
<ele>1659.08</ele>
<time>2026-07-25T09:16:05.000Z</time>
</trkpt>
<trkpt lat="46.3000074" lon="13.7412566">
<ele>1654.10</ele>
<time>2026-07-25T09:16:20.000Z</time>
</trkpt>
<trkpt lat="46.3001126" lon="13.7414855">
<ele>1648.34</ele>
<time>2026-07-25T09:16:35.000Z</time>
</trkpt>
<trkpt lat="46.3002073" lon="13.7417241">
<ele>1649.73</ele>
<time>2026-07-25T09:16:45.000Z</time>
</trkpt>
<trkpt lat="46.3002749" lon="13.7419810">
<ele>1643.98</ele>
<time>2026-07-25T09:16:59.000Z</time>
</trkpt>
<trkpt lat="46.3003351" lon="13.7422441">
<ele>1642.47</ele>
<time>2026-07-25T09:17:12.000Z</time>
</trkpt>
<trkpt lat="46.3004451" lon="13.7424516">
<ele>1641.43</ele>
<time>2026-07-25T09:17:25.000Z</time>
</trkpt>
<trkpt lat="46.3006214" lon="13.7425320">
<ele>1639.11</ele>
<time>2026-07-25T09:17:41.000Z</time>
</trkpt>
<trkpt lat="46.3007677" lon="13.7426943">
<ele>1633.75</ele>
<time>2026-07-25T09:17:58.000Z</time>
</trkpt>
<trkpt lat="46.3009074" lon="13.7428764">
<ele>1633.64</ele>
<time>2026-07-25T09:18:20.000Z</time>
</trkpt>
<trkpt lat="46.3010330" lon="13.7430730">
<ele>1626.49</ele>
<time>2026-07-25T09:18:35.000Z</time>
</trkpt>
<trkpt lat="46.3011565" lon="13.7432658">
<ele>1625.25</ele>
<time>2026-07-25T09:18:52.000Z</time>
</trkpt>
<trkpt lat="46.3013216" lon="13.7433863">
<ele>1625.01</ele>
<time>2026-07-25T09:19:06.000Z</time>
</trkpt>
<trkpt lat="46.3015040" lon="13.7433416">
<ele>1623.08</ele>
<time>2026-07-25T09:19:18.000Z</time>
</trkpt>
<trkpt lat="46.3016735" lon="13.7434419">
<ele>1625.49</ele>
<time>2026-07-25T09:19:35.000Z</time>
</trkpt>
<trkpt lat="46.3018456" lon="13.7435668">
<ele>1621.61</ele>
<time>2026-07-25T09:19:52.000Z</time>
</trkpt>
<trkpt lat="46.3019737" lon="13.7437500">
<ele>1620.56</ele>
<time>2026-07-25T09:20:09.000Z</time>
</trkpt>
<trkpt lat="46.3021547" lon="13.7437833">
<ele>1630.75</ele>
<time>2026-07-25T09:23:10.000Z</time>
</trkpt>
<trkpt lat="46.3023348" lon="13.7437542">
<ele>1635.07</ele>
<time>2026-07-25T09:23:42.000Z</time>
</trkpt>
<trkpt lat="46.3025063" lon="13.7438449">
<ele>1635.03</ele>
<time>2026-07-25T09:23:56.000Z</time>
</trkpt>
<trkpt lat="46.3026117" lon="13.7436198">
<ele>1636.15</ele>
<time>2026-07-25T09:24:29.000Z</time>
</trkpt>
<trkpt lat="46.3026759" lon="13.7433731">
<ele>1639.28</ele>
<time>2026-07-25T09:24:52.000Z</time>
</trkpt>
<trkpt lat="46.3027838" lon="13.7431535">
<ele>1641.60</ele>
<time>2026-07-25T09:25:17.000Z</time>
</trkpt>
<trkpt lat="46.3029520" lon="13.7430533">
<ele>1643.22</ele>
<time>2026-07-25T09:25:36.000Z</time>
</trkpt>
<trkpt lat="46.3031348" lon="13.7430241">
<ele>1644.65</ele>
<time>2026-07-25T09:25:57.000Z</time>
</trkpt>
<trkpt lat="46.3033176" lon="13.7429944">
<ele>1647.25</ele>
<time>2026-07-25T09:26:19.000Z</time>
</trkpt>
<trkpt lat="46.3034544" lon="13.7428141">
<ele>1656.41</ele>
<time>2026-07-25T09:26:42.000Z</time>
</trkpt>
<trkpt lat="46.3035714" lon="13.7426056">
<ele>1662.02</ele>
<time>2026-07-25T09:27:24.000Z</time>
</trkpt>
<trkpt lat="46.3037135" lon="13.7424460">
<ele>1662.89</ele>
<time>2026-07-25T09:27:48.000Z</time>
</trkpt>
<trkpt lat="46.3038897" lon="13.7423751">
<ele>1672.39</ele>
<time>2026-07-25T09:28:15.000Z</time>
</trkpt>
<trkpt lat="46.3040569" lon="13.7422520">
<ele>1680.21</ele>
<time>2026-07-25T09:28:46.000Z</time>
</trkpt>
<trkpt lat="46.3042446" lon="13.7422169">
<ele>1683.52</ele>
<time>2026-07-25T09:29:13.000Z</time>
</trkpt>
<trkpt lat="46.3044099" lon="13.7421112">
<ele>1693.16</ele>
<time>2026-07-25T09:29:38.000Z</time>
</trkpt>
<trkpt lat="46.3045720" lon="13.7419972">
<ele>1693.74</ele>
<time>2026-07-25T09:30:05.000Z</time>
</trkpt>
<trkpt lat="46.3047425" lon="13.7418744">
<ele>1704.45</ele>
<time>2026-07-25T09:30:27.000Z</time>
</trkpt>
<trkpt lat="46.3049231" lon="13.7418162">
<ele>1713.15</ele>
<time>2026-07-25T09:30:53.000Z</time>
</trkpt>
<trkpt lat="46.3050579" lon="13.7416405">
<ele>1716.20</ele>
<time>2026-07-25T09:31:16.000Z</time>
</trkpt>
<trkpt lat="46.3052203" lon="13.7415101">
<ele>1723.51</ele>
<time>2026-07-25T09:31:44.000Z</time>
</trkpt>
<trkpt lat="46.3054065" lon="13.7414983">
<ele>1733.82</ele>
<time>2026-07-25T09:32:26.000Z</time>
</trkpt>
<trkpt lat="46.3055794" lon="13.7414037">
<ele>1745.77</ele>
<time>2026-07-25T09:32:51.000Z</time>
</trkpt>
<trkpt lat="46.3057570" lon="13.7414634">
<ele>1749.49</ele>
<time>2026-07-25T09:33:28.000Z</time>
</trkpt>
<trkpt lat="46.3059293" lon="13.7413773">
<ele>1760.64</ele>
<time>2026-07-25T09:34:07.000Z</time>
</trkpt>
<trkpt lat="46.3060925" lon="13.7412667">
<ele>1768.96</ele>
<time>2026-07-25T09:34:52.000Z</time>
</trkpt>
<trkpt lat="46.3062472" lon="13.7411218">
<ele>1778.52</ele>
<time>2026-07-25T09:35:33.000Z</time>
</trkpt>
<trkpt lat="46.3063897" lon="13.7409493">
<ele>1791.29</ele>
<time>2026-07-25T09:36:19.000Z</time>
</trkpt>
<trkpt lat="46.3065619" lon="13.7408503">
<ele>1802.49</ele>
<time>2026-07-25T09:37:09.000Z</time>
</trkpt>
<trkpt lat="46.3067386" lon="13.7407902">
<ele>1809.10</ele>
<time>2026-07-25T09:37:50.000Z</time>
</trkpt>
<trkpt lat="46.3069049" lon="13.7409077">
<ele>1814.93</ele>
<time>2026-07-25T09:38:17.000Z</time>
</trkpt>
<trkpt lat="46.3070688" lon="13.7410184">
<ele>1811.70</ele>
<time>2026-07-25T09:38:46.000Z</time>
</trkpt>
<trkpt lat="46.3072380" lon="13.7411575">
<ele>1815.94</ele>
<time>2026-07-25T09:39:11.000Z</time>
</trkpt>
<trkpt lat="46.3073797" lon="13.7413295">
<ele>1817.66</ele>
<time>2026-07-25T09:39:34.000Z</time>
</trkpt>
<trkpt lat="46.3075198" lon="13.7414938">
<ele>1820.67</ele>
<time>2026-07-25T09:39:56.000Z</time>
</trkpt>
<trkpt lat="46.3076182" lon="13.7417321">
<ele>1822.72</ele>
<time>2026-07-25T09:40:20.000Z</time>
</trkpt>
<trkpt lat="46.3077630" lon="13.7418867">
<ele>1821.57</ele>
<time>2026-07-25T09:40:40.000Z</time>
</trkpt>
<trkpt lat="46.3077777" lon="13.7421524">
<ele>1825.91</ele>
<time>2026-07-25T09:40:59.000Z</time>
</trkpt>
<trkpt lat="46.3078935" lon="13.7423534">
<ele>1836.61</ele>
<time>2026-07-25T09:41:23.000Z</time>
</trkpt>
<trkpt lat="46.3080073" lon="13.7425562">
<ele>1843.92</ele>
<time>2026-07-25T09:41:57.000Z</time>
</trkpt>
<trkpt lat="46.3081871" lon="13.7426191">
<ele>1845.72</ele>
<time>2026-07-25T09:43:02.000Z</time>
</trkpt>
<trkpt lat="46.3083688" lon="13.7426235">
<ele>1843.25</ele>
<time>2026-07-25T09:43:23.000Z</time>
</trkpt>
<trkpt lat="46.3085611" lon="13.7426093">
<ele>1848.92</ele>
<time>2026-07-25T09:43:45.000Z</time>
</trkpt>
<trkpt lat="46.3087427" lon="13.7425962">
<ele>1856.43</ele>
<time>2026-07-25T09:44:12.000Z</time>
</trkpt>
<trkpt lat="46.3089032" lon="13.7424762">
<ele>1863.72</ele>
<time>2026-07-25T09:44:41.000Z</time>
</trkpt>
<trkpt lat="46.3090114" lon="13.7422556">
<ele>1866.28</ele>
<time>2026-07-25T09:45:04.000Z</time>
</trkpt>
<trkpt lat="46.3091845" lon="13.7421799">
<ele>1869.37</ele>
<time>2026-07-25T09:45:26.000Z</time>
</trkpt>
<trkpt lat="46.3091788" lon="13.7424462">
<ele>1870.23</ele>
<time>2026-07-25T09:46:24.000Z</time>
</trkpt>
<trkpt lat="46.3090364" lon="13.7426120">
<ele>1870.08</ele>
<time>2026-07-25T09:46:37.000Z</time>
</trkpt>
<trkpt lat="46.3089279" lon="13.7428328">
<ele>1868.58</ele>
<time>2026-07-25T09:46:50.000Z</time>
</trkpt>
<trkpt lat="46.3088948" lon="13.7430895">
<ele>1872.60</ele>
<time>2026-07-25T09:47:12.000Z</time>
</trkpt>
<trkpt lat="46.3089925" lon="13.7433108">
<ele>1877.25</ele>
<time>2026-07-25T09:47:37.000Z</time>
</trkpt>
<trkpt lat="46.3090974" lon="13.7435346">
<ele>1889.62</ele>
<time>2026-07-25T09:48:25.000Z</time>
</trkpt>
<trkpt lat="46.3092222" lon="13.7437248">
<ele>1895.91</ele>
<time>2026-07-25T09:49:07.000Z</time>
</trkpt>
<trkpt lat="46.3092396" lon="13.7439875">
<ele>1906.31</ele>
<time>2026-07-25T09:49:52.000Z</time>
</trkpt>
<trkpt lat="46.3092931" lon="13.7442404">
<ele>1918.39</ele>
<time>2026-07-25T09:50:58.000Z</time>
</trkpt>
<trkpt lat="46.3094787" lon="13.7442680">
<ele>1926.16</ele>
<time>2026-07-25T09:51:39.000Z</time>
</trkpt>
<trkpt lat="46.3096079" lon="13.7440697">
<ele>1928.67</ele>
<time>2026-07-25T09:52:01.000Z</time>
</trkpt>
<trkpt lat="46.3096046" lon="13.7437943">
<ele>1928.60</ele>
<time>2026-07-25T09:52:20.000Z</time>
</trkpt>
<trkpt lat="46.3097381" lon="13.7436056">
<ele>1930.63</ele>
<time>2026-07-25T09:52:44.000Z</time>
</trkpt>
<trkpt lat="46.3098536" lon="13.7438157">
<ele>1941.69</ele>
<time>2026-07-25T09:53:26.000Z</time>
</trkpt>
<trkpt lat="46.3099871" lon="13.7439921">
<ele>1943.78</ele>
<time>2026-07-25T09:54:01.000Z</time>
</trkpt>
<trkpt lat="46.3101059" lon="13.7441879">
<ele>1946.60</ele>
<time>2026-07-25T09:54:28.000Z</time>
</trkpt>
<trkpt lat="46.3100049" lon="13.7444063">
<ele>1949.38</ele>
<time>2026-07-25T09:54:44.000Z</time>
</trkpt>
<trkpt lat="46.3100710" lon="13.7446564">
<ele>1948.22</ele>
<time>2026-07-25T09:55:06.000Z</time>
</trkpt>
<trkpt lat="46.3102321" lon="13.7447879">
<ele>1946.77</ele>
<time>2026-07-25T09:55:34.000Z</time>
</trkpt>
<trkpt lat="46.3104101" lon="13.7448335">
<ele>1948.24</ele>
<time>2026-07-25T09:56:00.000Z</time>
</trkpt>
<trkpt lat="46.3105787" lon="13.7447395">
<ele>1959.90</ele>
<time>2026-07-25T09:56:43.000Z</time>
</trkpt>
<trkpt lat="46.3107465" lon="13.7446221">
<ele>1965.18</ele>
<time>2026-07-25T09:57:21.000Z</time>
</trkpt>
<trkpt lat="46.3109267" lon="13.7445355">
<ele>1965.76</ele>
<time>2026-07-25T09:57:45.000Z</time>
</trkpt>
<trkpt lat="46.3109670" lon="13.7442716">
<ele>1991.79</ele>
<time>2026-07-25T09:58:58.000Z</time>
</trkpt>
<trkpt lat="46.3108681" lon="13.7440438">
<ele>2002.01</ele>
<time>2026-07-25T09:59:38.000Z</time>
</trkpt>
<trkpt lat="46.3109615" lon="13.7442698">
<ele>2001.38</ele>
<time>2026-07-25T10:09:52.000Z</time>
</trkpt>
<trkpt lat="46.3110911" lon="13.7444571">
<ele>1982.19</ele>
<time>2026-07-25T10:11:30.000Z</time>
</trkpt>
<trkpt lat="46.3111002" lon="13.7447192">
<ele>1969.56</ele>
<time>2026-07-25T10:12:08.000Z</time>
</trkpt>
<trkpt lat="46.3112221" lon="13.7449204">
<ele>1971.08</ele>
<time>2026-07-25T10:13:12.000Z</time>
</trkpt>
<trkpt lat="46.3111763" lon="13.7451770">
<ele>1974.10</ele>
<time>2026-07-25T10:13:35.000Z</time>
</trkpt>
<trkpt lat="46.3111788" lon="13.7454459">
<ele>1977.76</ele>
<time>2026-07-25T10:14:21.000Z</time>
</trkpt>
<trkpt lat="46.3111704" lon="13.7457118">
<ele>1980.69</ele>
<time>2026-07-25T10:14:41.000Z</time>
</trkpt>
<trkpt lat="46.3113236" lon="13.7458520">
<ele>1990.54</ele>
<time>2026-07-25T10:15:53.000Z</time>
</trkpt>
<trkpt lat="46.3114104" lon="13.7460834">
<ele>2001.45</ele>
<time>2026-07-25T10:17:01.000Z</time>
</trkpt>
<trkpt lat="46.3115682" lon="13.7459542">
<ele>1995.15</ele>
<time>2026-07-25T10:17:34.000Z</time>
</trkpt>
<trkpt lat="46.3116307" lon="13.7457046">
<ele>1995.67</ele>
<time>2026-07-25T10:18:47.000Z</time>
</trkpt>
<trkpt lat="46.3117899" lon="13.7455762">
<ele>1997.57</ele>
<time>2026-07-25T10:19:41.000Z</time>
</trkpt>
<trkpt lat="46.3119702" lon="13.7455130">
<ele>1997.21</ele>
<time>2026-07-25T10:20:39.000Z</time>
</trkpt>
<trkpt lat="46.3121467" lon="13.7454513">
<ele>1994.94</ele>
<time>2026-07-25T10:22:08.000Z</time>
</trkpt>
<trkpt lat="46.3123162" lon="13.7453412">
<ele>1974.99</ele>
<time>2026-07-25T10:23:30.000Z</time>
</trkpt>
<trkpt lat="46.3124913" lon="13.7454420">
<ele>1970.57</ele>
<time>2026-07-25T10:27:05.000Z</time>
</trkpt>
<trkpt lat="46.3126310" lon="13.7456243">
<ele>1963.56</ele>
<time>2026-07-25T10:27:43.000Z</time>
</trkpt>
<trkpt lat="46.3127105" lon="13.7458589">
<ele>1952.02</ele>
<time>2026-07-25T10:31:06.000Z</time>
</trkpt>
<trkpt lat="46.3127926" lon="13.7461123">
<ele>1933.31</ele>
<time>2026-07-25T10:33:55.000Z</time>
</trkpt>
<trkpt lat="46.3129264" lon="13.7462889">
<ele>1938.99</ele>
<time>2026-07-25T10:34:32.000Z</time>
</trkpt>
<trkpt lat="46.3127440" lon="13.7463232">
<ele>1936.54</ele>
<time>2026-07-25T10:42:41.000Z</time>
</trkpt>
<trkpt lat="46.3129204" lon="13.7462695">
<ele>1938.26</ele>
<time>2026-07-25T10:48:47.000Z</time>
</trkpt>
<trkpt lat="46.3130856" lon="13.7464184">
<ele>1936.11</ele>
<time>2026-07-25T10:49:28.000Z</time>
</trkpt>
<trkpt lat="46.3132651" lon="13.7464344">
<ele>1935.20</ele>
<time>2026-07-25T10:50:15.000Z</time>
</trkpt>
<trkpt lat="46.3134449" lon="13.7464169">
<ele>1937.74</ele>
<time>2026-07-25T10:50:44.000Z</time>
</trkpt>
<trkpt lat="46.3136230" lon="13.7465119">
<ele>1940.59</ele>
<time>2026-07-25T10:51:17.000Z</time>
</trkpt>
<trkpt lat="46.3138050" lon="13.7464978">
<ele>1938.47</ele>
<time>2026-07-25T10:51:52.000Z</time>
</trkpt>
<trkpt lat="46.3139936" lon="13.7464479">
<ele>1938.85</ele>
<time>2026-07-25T10:52:42.000Z</time>
</trkpt>
<trkpt lat="46.3141748" lon="13.7464472">
<ele>1937.15</ele>
<time>2026-07-25T10:53:04.000Z</time>
</trkpt>
<trkpt lat="46.3143420" lon="13.7465540">
<ele>1932.99</ele>
<time>2026-07-25T10:53:37.000Z</time>
</trkpt>
<trkpt lat="46.3145220" lon="13.7465569">
<ele>1933.33</ele>
<time>2026-07-25T10:53:59.000Z</time>
</trkpt>
<trkpt lat="46.3147005" lon="13.7466804">
<ele>1933.43</ele>
<time>2026-07-25T10:54:24.000Z</time>
</trkpt>
<trkpt lat="46.3148883" lon="13.7466579">
<ele>1932.69</ele>
<time>2026-07-25T10:54:46.000Z</time>
</trkpt>
<trkpt lat="46.3150591" lon="13.7465502">
<ele>1939.04</ele>
<time>2026-07-25T10:55:26.000Z</time>
</trkpt>
<trkpt lat="46.3152396" lon="13.7465513">
<ele>1936.17</ele>
<time>2026-07-25T10:55:44.000Z</time>
</trkpt>
<trkpt lat="46.3154127" lon="13.7466222">
<ele>1931.95</ele>
<time>2026-07-25T10:56:04.000Z</time>
</trkpt>
<trkpt lat="46.3156048" lon="13.7466330">
<ele>1930.01</ele>
<time>2026-07-25T10:56:26.000Z</time>
</trkpt>
<trkpt lat="46.3157871" lon="13.7467154">
<ele>1931.70</ele>
<time>2026-07-25T10:57:04.000Z</time>
</trkpt>
<trkpt lat="46.3159789" lon="13.7467229">
<ele>1929.02</ele>
<time>2026-07-25T10:57:18.000Z</time>
</trkpt>
<trkpt lat="46.3161589" lon="13.7466547">
<ele>1925.41</ele>
<time>2026-07-25T10:57:39.000Z</time>
</trkpt>
<trkpt lat="46.3163392" lon="13.7465997">
<ele>1926.60</ele>
<time>2026-07-25T10:58:03.000Z</time>
</trkpt>
<trkpt lat="46.3164972" lon="13.7464564">
<ele>1931.32</ele>
<time>2026-07-25T10:58:21.000Z</time>
</trkpt>
<trkpt lat="46.3166486" lon="13.7466073">
<ele>1941.17</ele>
<time>2026-07-25T10:59:16.000Z</time>
</trkpt>
<trkpt lat="46.3168171" lon="13.7465153">
<ele>1946.16</ele>
<time>2026-07-25T11:04:35.000Z</time>
</trkpt>
<trkpt lat="46.3169871" lon="13.7464117">
<ele>1948.02</ele>
<time>2026-07-25T11:05:16.000Z</time>
</trkpt>
<trkpt lat="46.3171630" lon="13.7463486">
<ele>1945.49</ele>
<time>2026-07-25T11:07:42.000Z</time>
</trkpt>
<trkpt lat="46.3173387" lon="13.7464167">
<ele>1946.65</ele>
<time>2026-07-25T11:08:42.000Z</time>
</trkpt>
<trkpt lat="46.3175245" lon="13.7463926">
<ele>1943.68</ele>
<time>2026-07-25T11:09:13.000Z</time>
</trkpt>
<trkpt lat="46.3176819" lon="13.7462632">
<ele>1933.92</ele>
<time>2026-07-25T11:09:55.000Z</time>
</trkpt>
<trkpt lat="46.3178619" lon="13.7463148">
<ele>1932.65</ele>
<time>2026-07-25T11:10:32.000Z</time>
</trkpt>
<trkpt lat="46.3180373" lon="13.7462047">
<ele>1934.75</ele>
<time>2026-07-25T11:10:45.000Z</time>
</trkpt>
<trkpt lat="46.3182125" lon="13.7460885">
<ele>1934.97</ele>
<time>2026-07-25T11:11:01.000Z</time>
</trkpt>
<trkpt lat="46.3183938" lon="13.7460333">
<ele>1935.27</ele>
<time>2026-07-25T11:11:17.000Z</time>
</trkpt>
<trkpt lat="46.3185752" lon="13.7459306">
<ele>1933.92</ele>
<time>2026-07-25T11:11:32.000Z</time>
</trkpt>
<trkpt lat="46.3187430" lon="13.7458296">
<ele>1934.00</ele>
<time>2026-07-25T11:11:45.000Z</time>
</trkpt>
<trkpt lat="46.3188644" lon="13.7456353">
<ele>1934.51</ele>
<time>2026-07-25T11:12:47.000Z</time>
</trkpt>
<trkpt lat="46.3190374" lon="13.7457210">
<ele>1925.24</ele>
<time>2026-07-25T11:13:29.000Z</time>
</trkpt>
<trkpt lat="46.3190787" lon="13.7454610">
<ele>1929.75</ele>
<time>2026-07-25T11:13:58.000Z</time>
</trkpt>
<trkpt lat="46.3192460" lon="13.7453476">
<ele>1935.78</ele>
<time>2026-07-25T11:15:42.000Z</time>
</trkpt>
<trkpt lat="46.3193664" lon="13.7455545">
<ele>1919.85</ele>
<time>2026-07-25T11:16:40.000Z</time>
</trkpt>
<trkpt lat="46.3195376" lon="13.7454682">
<ele>1906.70</ele>
<time>2026-07-25T11:18:17.000Z</time>
</trkpt>
<trkpt lat="46.3196764" lon="13.7453016">
<ele>1911.05</ele>
<time>2026-07-25T11:18:36.000Z</time>
</trkpt>
<trkpt lat="46.3195974" lon="13.7450641">
<ele>1908.58</ele>
<time>2026-07-25T11:24:46.000Z</time>
</trkpt>
<trkpt lat="46.3194346" lon="13.7449514">
<ele>1904.24</ele>
<time>2026-07-25T11:25:14.000Z</time>
</trkpt>
<trkpt lat="46.3194002" lon="13.7446915">
<ele>1903.67</ele>
<time>2026-07-25T11:25:33.000Z</time>
</trkpt>
<trkpt lat="46.3195256" lon="13.7444907">
<ele>1904.81</ele>
<time>2026-07-25T11:25:52.000Z</time>
</trkpt>
<trkpt lat="46.3196953" lon="13.7443724">
<ele>1907.01</ele>
<time>2026-07-25T11:26:12.000Z</time>
</trkpt>
<trkpt lat="46.3198612" lon="13.7442535">
<ele>1907.89</ele>
<time>2026-07-25T11:26:38.000Z</time>
</trkpt>
<trkpt lat="46.3200448" lon="13.7442229">
<ele>1904.60</ele>
<time>2026-07-25T11:27:44.000Z</time>
</trkpt>
<trkpt lat="46.3201752" lon="13.7444203">
<ele>1905.66</ele>
<time>2026-07-25T11:28:13.000Z</time>
</trkpt>
<trkpt lat="46.3203637" lon="13.7443741">
<ele>1918.11</ele>
<time>2026-07-25T11:28:39.000Z</time>
</trkpt>
<trkpt lat="46.3205386" lon="13.7442968">
<ele>1914.02</ele>
<time>2026-07-25T11:29:49.000Z</time>
</trkpt>
<trkpt lat="46.3207094" lon="13.7442100">
<ele>1924.23</ele>
<time>2026-07-25T11:30:07.000Z</time>
</trkpt>
<trkpt lat="46.3208702" lon="13.7440848">
<ele>1931.48</ele>
<time>2026-07-25T11:30:32.000Z</time>
</trkpt>
<trkpt lat="46.3210531" lon="13.7441115">
<ele>1934.32</ele>
<time>2026-07-25T11:31:13.000Z</time>
</trkpt>
<trkpt lat="46.3212338" lon="13.7441696">
<ele>1936.74</ele>
<time>2026-07-25T11:31:52.000Z</time>
</trkpt>
<trkpt lat="46.3214091" lon="13.7442297">
<ele>1932.21</ele>
<time>2026-07-25T11:32:12.000Z</time>
</trkpt>
<trkpt lat="46.3214482" lon="13.7444909">
<ele>1932.83</ele>
<time>2026-07-25T11:32:54.000Z</time>
</trkpt>
<trkpt lat="46.3215586" lon="13.7447116">
<ele>1931.96</ele>
<time>2026-07-25T11:33:18.000Z</time>
</trkpt>
<trkpt lat="46.3217403" lon="13.7446842">
<ele>1940.32</ele>
<time>2026-07-25T11:33:52.000Z</time>
</trkpt>
<trkpt lat="46.3218850" lon="13.7448470">
<ele>1942.32</ele>
<time>2026-07-25T11:34:13.000Z</time>
</trkpt>
<trkpt lat="46.3220432" lon="13.7449783">
<ele>1949.14</ele>
<time>2026-07-25T11:34:51.000Z</time>
</trkpt>
<trkpt lat="46.3221715" lon="13.7451734">
<ele>1950.58</ele>
<time>2026-07-25T11:36:01.000Z</time>
</trkpt>
<trkpt lat="46.3223518" lon="13.7452120">
<ele>1949.22</ele>
<time>2026-07-25T11:36:41.000Z</time>
</trkpt>
<trkpt lat="46.3225304" lon="13.7451574">
<ele>1954.82</ele>
<time>2026-07-25T11:37:48.000Z</time>
</trkpt>
<trkpt lat="46.3226483" lon="13.7453662">
<ele>1966.55</ele>
<time>2026-07-25T11:40:31.000Z</time>
</trkpt>
<trkpt lat="46.3227461" lon="13.7455855">
<ele>1973.02</ele>
<time>2026-07-25T11:41:40.000Z</time>
</trkpt>
<trkpt lat="46.3229182" lon="13.7454718">
<ele>1974.99</ele>
<time>2026-07-25T11:42:25.000Z</time>
</trkpt>
<trkpt lat="46.3230987" lon="13.7454819">
<ele>1972.50</ele>
<time>2026-07-25T11:42:55.000Z</time>
</trkpt>
<trkpt lat="46.3232794" lon="13.7454768">
<ele>1985.30</ele>
<time>2026-07-25T11:43:49.000Z</time>
</trkpt>
<trkpt lat="46.3232463" lon="13.7452209">
<ele>1993.79</ele>
<time>2026-07-25T11:47:24.000Z</time>
</trkpt>
<trkpt lat="46.3233814" lon="13.7450225">
<ele>1998.13</ele>
<time>2026-07-25T11:48:17.000Z</time>
</trkpt>
<trkpt lat="46.3234935" lon="13.7448144">
<ele>2007.12</ele>
<time>2026-07-25T11:48:36.000Z</time>
</trkpt>
<trkpt lat="46.3236206" lon="13.7446088">
<ele>2008.74</ele>
<time>2026-07-25T11:51:18.000Z</time>
</trkpt>
<trkpt lat="46.3237110" lon="13.7443728">
<ele>2012.85</ele>
<time>2026-07-25T11:52:09.000Z</time>
</trkpt>
<trkpt lat="46.3238537" lon="13.7442104">
<ele>2015.20</ele>
<time>2026-07-25T11:52:30.000Z</time>
</trkpt>
<trkpt lat="46.3239990" lon="13.7440546">
<ele>2017.68</ele>
<time>2026-07-25T11:52:56.000Z</time>
</trkpt>
<trkpt lat="46.3241705" lon="13.7439581">
<ele>2018.22</ele>
<time>2026-07-25T11:53:23.000Z</time>
</trkpt>
<trkpt lat="46.3243535" lon="13.7438902">
<ele>2020.14</ele>
<time>2026-07-25T11:53:42.000Z</time>
</trkpt>
<trkpt lat="46.3245487" lon="13.7438583">
<ele>2024.77</ele>
<time>2026-07-25T11:54:02.000Z</time>
</trkpt>
<trkpt lat="46.3247278" lon="13.7438156">
<ele>2035.01</ele>
<time>2026-07-25T11:54:30.000Z</time>
</trkpt>
<trkpt lat="46.3248954" lon="13.7437028">
<ele>2036.77</ele>
<time>2026-07-25T11:54:53.000Z</time>
</trkpt>
<trkpt lat="46.3250297" lon="13.7435271">
<ele>2049.63</ele>
<time>2026-07-25T11:55:47.000Z</time>
</trkpt>
<trkpt lat="46.3251593" lon="13.7433295">
<ele>2059.70</ele>
<time>2026-07-25T11:56:38.000Z</time>
</trkpt>
<trkpt lat="46.3252925" lon="13.7431517">
<ele>2069.75</ele>
<time>2026-07-25T11:57:03.000Z</time>
</trkpt>
<trkpt lat="46.3253695" lon="13.7429087">
<ele>2071.62</ele>
<time>2026-07-25T11:57:29.000Z</time>
</trkpt>
<trkpt lat="46.3255005" lon="13.7427272">
<ele>2076.56</ele>
<time>2026-07-25T11:57:51.000Z</time>
</trkpt>
<trkpt lat="46.3256524" lon="13.7425598">
<ele>2081.05</ele>
<time>2026-07-25T11:58:34.000Z</time>
</trkpt>
<trkpt lat="46.3256676" lon="13.7422935">
<ele>2105.30</ele>
<time>2026-07-25T12:00:12.000Z</time>
</trkpt>
<trkpt lat="46.3256542" lon="13.7420329">
<ele>2115.17</ele>
<time>2026-07-25T12:01:07.000Z</time>
</trkpt>
<trkpt lat="46.3257001" lon="13.7417659">
<ele>2127.91</ele>
<time>2026-07-25T12:01:56.000Z</time>
</trkpt>
<trkpt lat="46.3258816" lon="13.7417273">
<ele>2133.60</ele>
<time>2026-07-25T12:18:11.000Z</time>
</trkpt>
<trkpt lat="46.3260631" lon="13.7417394">
<ele>2129.01</ele>
<time>2026-07-25T12:19:00.000Z</time>
</trkpt>
<trkpt lat="46.3262475" lon="13.7417169">
<ele>2128.89</ele>
<time>2026-07-25T12:19:17.000Z</time>
</trkpt>
<trkpt lat="46.3264341" lon="13.7417035">
<ele>2132.64</ele>
<time>2026-07-25T12:19:32.000Z</time>
</trkpt>
<trkpt lat="46.3266103" lon="13.7417630">
<ele>2125.78</ele>
<time>2026-07-25T12:20:00.000Z</time>
</trkpt>
<trkpt lat="46.3267902" lon="13.7418337">
<ele>2124.82</ele>
<time>2026-07-25T12:20:17.000Z</time>
</trkpt>
<trkpt lat="46.3269636" lon="13.7417455">
<ele>2126.08</ele>
<time>2026-07-25T12:20:41.000Z</time>
</trkpt>
<trkpt lat="46.3271563" lon="13.7417264">
<ele>2129.61</ele>
<time>2026-07-25T12:21:03.000Z</time>
</trkpt>
<trkpt lat="46.3273309" lon="13.7418039">
<ele>2135.62</ele>
<time>2026-07-25T12:21:52.000Z</time>
</trkpt>
<trkpt lat="46.3275152" lon="13.7417955">
<ele>2145.82</ele>
<time>2026-07-25T12:22:38.000Z</time>
</trkpt>
<trkpt lat="46.3276938" lon="13.7418310">
<ele>2155.19</ele>
<time>2026-07-25T12:23:36.000Z</time>
</trkpt>
<trkpt lat="46.3278687" lon="13.7417596">
<ele>2161.71</ele>
<time>2026-07-25T12:24:14.000Z</time>
</trkpt>
<trkpt lat="46.3280524" lon="13.7417888">
<ele>2168.88</ele>
<time>2026-07-25T12:24:48.000Z</time>
</trkpt>
<trkpt lat="46.3282313" lon="13.7418796">
<ele>2180.47</ele>
<time>2026-07-25T12:25:19.000Z</time>
</trkpt>
<trkpt lat="46.3284120" lon="13.7418416">
<ele>2186.19</ele>
<time>2026-07-25T12:25:41.000Z</time>
</trkpt>
<trkpt lat="46.3285863" lon="13.7417549">
<ele>2189.05</ele>
<time>2026-07-25T12:26:02.000Z</time>
</trkpt>
<trkpt lat="46.3287118" lon="13.7415621">
<ele>2191.33</ele>
<time>2026-07-25T12:26:27.000Z</time>
</trkpt>
<trkpt lat="46.3288855" lon="13.7414709">
<ele>2203.37</ele>
<time>2026-07-25T12:27:03.000Z</time>
</trkpt>
<trkpt lat="46.3290599" lon="13.7413751">
<ele>2217.53</ele>
<time>2026-07-25T12:27:43.000Z</time>
</trkpt>
<trkpt lat="46.3292062" lon="13.7412066">
<ele>2223.51</ele>
<time>2026-07-25T12:28:15.000Z</time>
</trkpt>
<trkpt lat="46.3293791" lon="13.7412791">
<ele>2229.01</ele>
<time>2026-07-25T12:30:36.000Z</time>
</trkpt>
<trkpt lat="46.3295416" lon="13.7413993">
<ele>2224.93</ele>
<time>2026-07-25T12:30:59.000Z</time>
</trkpt>
<trkpt lat="46.3297237" lon="13.7414077">
<ele>2219.60</ele>
<time>2026-07-25T12:31:26.000Z</time>
</trkpt>
<trkpt lat="46.3299058" lon="13.7414751">
<ele>2215.14</ele>
<time>2026-07-25T12:31:46.000Z</time>
</trkpt>
<trkpt lat="46.3300944" lon="13.7414743">
<ele>2213.13</ele>
<time>2026-07-25T12:32:00.000Z</time>
</trkpt>
<trkpt lat="46.3302758" lon="13.7414424">
<ele>2215.53</ele>
<time>2026-07-25T12:32:13.000Z</time>
</trkpt>
<trkpt lat="46.3304556" lon="13.7415090">
<ele>2214.80</ele>
<time>2026-07-25T12:32:32.000Z</time>
</trkpt>
<trkpt lat="46.3306319" lon="13.7415625">
<ele>2209.52</ele>
<time>2026-07-25T12:33:20.000Z</time>
</trkpt>
<trkpt lat="46.3308110" lon="13.7415178">
<ele>2188.46</ele>
<time>2026-07-25T12:34:46.000Z</time>
</trkpt>
<trkpt lat="46.3309983" lon="13.7414867">
<ele>2175.52</ele>
<time>2026-07-25T12:36:26.000Z</time>
</trkpt>
<trkpt lat="46.3311845" lon="13.7414634">
<ele>2165.68</ele>
<time>2026-07-25T12:36:59.000Z</time>
</trkpt>
<trkpt lat="46.3313611" lon="13.7415484">
<ele>2164.50</ele>
<time>2026-07-25T12:37:17.000Z</time>
</trkpt>
<trkpt lat="46.3315430" lon="13.7415635">
<ele>2156.48</ele>
<time>2026-07-25T12:37:56.000Z</time>
</trkpt>
<trkpt lat="46.3317123" lon="13.7414553">
<ele>2155.57</ele>
<time>2026-07-25T12:38:12.000Z</time>
</trkpt>
<trkpt lat="46.3318428" lon="13.7412608">
<ele>2159.53</ele>
<time>2026-07-25T12:39:39.000Z</time>
</trkpt>
<trkpt lat="46.3320053" lon="13.7411372">
<ele>2169.50</ele>
<time>2026-07-25T12:40:25.000Z</time>
</trkpt>
<trkpt lat="46.3321815" lon="13.7410539">
<ele>2180.07</ele>
<time>2026-07-25T12:41:01.000Z</time>
</trkpt>
<trkpt lat="46.3323406" lon="13.7409253">
<ele>2190.24</ele>
<time>2026-07-25T12:41:32.000Z</time>
</trkpt>
<trkpt lat="46.3325221" lon="13.7409496">
<ele>2198.64</ele>
<time>2026-07-25T12:42:01.000Z</time>
</trkpt>
<trkpt lat="46.3326769" lon="13.7410941">
<ele>2199.08</ele>
<time>2026-07-25T12:43:09.000Z</time>
</trkpt>
<trkpt lat="46.3328093" lon="13.7413050">
<ele>2213.94</ele>
<time>2026-07-25T12:43:58.000Z</time>
</trkpt>
<trkpt lat="46.3329367" lon="13.7414997">
<ele>2230.83</ele>
<time>2026-07-25T12:44:28.000Z</time>
</trkpt>
<trkpt lat="46.3328334" lon="13.7412818">
<ele>2223.24</ele>
<time>2026-07-25T12:46:33.000Z</time>
</trkpt>
<trkpt lat="46.3326883" lon="13.7411174">
<ele>2207.72</ele>
<time>2026-07-25T12:47:24.000Z</time>
</trkpt>
<trkpt lat="46.3325380" lon="13.7409720">
<ele>2202.70</ele>
<time>2026-07-25T12:48:21.000Z</time>
</trkpt>
<trkpt lat="46.3323639" lon="13.7408853">
<ele>2195.83</ele>
<time>2026-07-25T12:48:59.000Z</time>
</trkpt>
<trkpt lat="46.3322035" lon="13.7410379">
<ele>2185.25</ele>
<time>2026-07-25T12:49:22.000Z</time>
</trkpt>
<trkpt lat="46.3320236" lon="13.7411074">
<ele>2174.83</ele>
<time>2026-07-25T12:49:45.000Z</time>
</trkpt>
<trkpt lat="46.3318622" lon="13.7412539">
<ele>2165.89</ele>
<time>2026-07-25T12:50:02.000Z</time>
</trkpt>
<trkpt lat="46.3316985" lon="13.7413840">
<ele>2157.31</ele>
<time>2026-07-25T12:50:22.000Z</time>
</trkpt>
<trkpt lat="46.3318629" lon="13.7412754">
<ele>2156.65</ele>
<time>2026-07-25T12:57:58.000Z</time>
</trkpt>
<trkpt lat="46.3320200" lon="13.7411226">
<ele>2163.31</ele>
<time>2026-07-25T12:58:21.000Z</time>
</trkpt>
<trkpt lat="46.3321973" lon="13.7410553">
<ele>2178.25</ele>
<time>2026-07-25T12:59:04.000Z</time>
</trkpt>
<trkpt lat="46.3323609" lon="13.7409335">
<ele>2186.33</ele>
<time>2026-07-25T12:59:35.000Z</time>
</trkpt>
<trkpt lat="46.3325404" lon="13.7409579">
<ele>2193.96</ele>
<time>2026-07-25T13:00:53.000Z</time>
</trkpt>
<trkpt lat="46.3327015" lon="13.7410766">
<ele>2201.90</ele>
<time>2026-07-25T13:03:41.000Z</time>
</trkpt>
<trkpt lat="46.3328256" lon="13.7412659">
<ele>2218.08</ele>
<time>2026-07-25T13:05:19.000Z</time>
</trkpt>
<trkpt lat="46.3329083" lon="13.7415091">
<ele>2226.66</ele>
<time>2026-07-25T13:05:52.000Z</time>
</trkpt>
<trkpt lat="46.3329391" lon="13.7417732">
<ele>2235.60</ele>
<time>2026-07-25T13:06:38.000Z</time>
</trkpt>
<trkpt lat="46.3328802" lon="13.7415121">
<ele>2227.94</ele>
<time>2026-07-25T13:07:38.000Z</time>
</trkpt>
<trkpt lat="46.3328077" lon="13.7412691">
<ele>2221.21</ele>
<time>2026-07-25T13:08:22.000Z</time>
</trkpt>
<trkpt lat="46.3326802" lon="13.7410736">
<ele>2211.04</ele>
<time>2026-07-25T13:09:15.000Z</time>
</trkpt>
<trkpt lat="46.3325135" lon="13.7409651">
<ele>2199.74</ele>
<time>2026-07-25T13:15:36.000Z</time>
</trkpt>
<trkpt lat="46.3323305" lon="13.7409384">
<ele>2187.74</ele>
<time>2026-07-25T13:16:58.000Z</time>
</trkpt>
<trkpt lat="46.3321675" lon="13.7410800">
<ele>2177.73</ele>
<time>2026-07-25T13:17:19.000Z</time>
</trkpt>
<trkpt lat="46.3319868" lon="13.7411293">
<ele>2169.28</ele>
<time>2026-07-25T13:17:39.000Z</time>
</trkpt>
<trkpt lat="46.3318278" lon="13.7412783">
<ele>2161.64</ele>
<time>2026-07-25T13:17:54.000Z</time>
</trkpt>
<trkpt lat="46.3316554" lon="13.7413626">
<ele>2155.43</ele>
<time>2026-07-25T13:20:29.000Z</time>
</trkpt>
<trkpt lat="46.3314741" lon="13.7412909">
<ele>2149.52</ele>
<time>2026-07-25T13:20:56.000Z</time>
</trkpt>
<trkpt lat="46.3316267" lon="13.7411530">
<ele>2148.93</ele>
<time>2026-07-25T13:21:34.000Z</time>
</trkpt>
<trkpt lat="46.3317341" lon="13.7409389">
<ele>2145.03</ele>
<time>2026-07-25T13:22:24.000Z</time>
</trkpt>
<trkpt lat="46.3315878" lon="13.7407725">
<ele>2134.64</ele>
<time>2026-07-25T13:23:02.000Z</time>
</trkpt>
<trkpt lat="46.3314111" lon="13.7408502">
<ele>2129.48</ele>
<time>2026-07-25T13:23:25.000Z</time>
</trkpt>
<trkpt lat="46.3312419" lon="13.7407314">
<ele>2125.49</ele>
<time>2026-07-25T13:24:00.000Z</time>
</trkpt>
<trkpt lat="46.3310703" lon="13.7406441">
<ele>2120.20</ele>
<time>2026-07-25T13:24:41.000Z</time>
</trkpt>
<trkpt lat="46.3309256" lon="13.7404814">
<ele>2108.16</ele>
<time>2026-07-25T13:26:30.000Z</time>
</trkpt>
<trkpt lat="46.3307622" lon="13.7403691">
<ele>2096.42</ele>
<time>2026-07-25T13:31:00.000Z</time>
</trkpt>
<trkpt lat="46.3309271" lon="13.7402520">
<ele>2085.73</ele>
<time>2026-07-25T13:33:05.000Z</time>
</trkpt>
<trkpt lat="46.3310959" lon="13.7401379">
<ele>2073.91</ele>
<time>2026-07-25T13:33:55.000Z</time>
</trkpt>
<trkpt lat="46.3311462" lon="13.7398871">
<ele>2065.86</ele>
<time>2026-07-25T13:34:48.000Z</time>
</trkpt>
<trkpt lat="46.3312115" lon="13.7396410">
<ele>2055.17</ele>
<time>2026-07-25T13:35:48.000Z</time>
</trkpt>
<trkpt lat="46.3311598" lon="13.7393913">
<ele>2040.98</ele>
<time>2026-07-25T13:36:46.000Z</time>
</trkpt>
<trkpt lat="46.3312559" lon="13.7391689">
<ele>2031.75</ele>
<time>2026-07-25T13:37:37.000Z</time>
</trkpt>
<trkpt lat="46.3313670" lon="13.7389620">
<ele>2025.22</ele>
<time>2026-07-25T13:38:10.000Z</time>
</trkpt>
<trkpt lat="46.3313473" lon="13.7386942">
<ele>2020.06</ele>
<time>2026-07-25T13:38:53.000Z</time>
</trkpt>
<trkpt lat="46.3311916" lon="13.7385401">
<ele>2009.39</ele>
<time>2026-07-25T13:39:21.000Z</time>
</trkpt>
<trkpt lat="46.3311786" lon="13.7382699">
<ele>2002.40</ele>
<time>2026-07-25T13:40:12.000Z</time>
</trkpt>
<trkpt lat="46.3313550" lon="13.7381954">
<ele>1999.23</ele>
<time>2026-07-25T13:41:09.000Z</time>
</trkpt>
<trkpt lat="46.3313309" lon="13.7379345">
<ele>1992.41</ele>
<time>2026-07-25T13:44:08.000Z</time>
</trkpt>
<trkpt lat="46.3315118" lon="13.7379228">
<ele>1986.10</ele>
<time>2026-07-25T13:45:24.000Z</time>
</trkpt>
<trkpt lat="46.3316815" lon="13.7380558">
<ele>1988.92</ele>
<time>2026-07-25T13:45:57.000Z</time>
</trkpt>
<trkpt lat="46.3318483" lon="13.7381896">
<ele>1990.80</ele>
<time>2026-07-25T13:46:22.000Z</time>
</trkpt>
<trkpt lat="46.3320083" lon="13.7383186">
<ele>1990.17</ele>
<time>2026-07-25T13:46:40.000Z</time>
</trkpt>
<trkpt lat="46.3321968" lon="13.7383384">
<ele>1995.06</ele>
<time>2026-07-25T13:47:10.000Z</time>
</trkpt>
<trkpt lat="46.3323781" lon="13.7383577">
<ele>1996.32</ele>
<time>2026-07-25T13:47:30.000Z</time>
</trkpt>
<trkpt lat="46.3325604" lon="13.7383425">
<ele>1996.52</ele>
<time>2026-07-25T13:47:46.000Z</time>
</trkpt>
<trkpt lat="46.3327419" lon="13.7383493">
<ele>2000.24</ele>
<time>2026-07-25T13:48:10.000Z</time>
</trkpt>
<trkpt lat="46.3329291" lon="13.7383526">
<ele>2002.33</ele>
<time>2026-07-25T13:48:43.000Z</time>
</trkpt>
<trkpt lat="46.3331088" lon="13.7384237">
<ele>2007.43</ele>
<time>2026-07-25T13:49:00.000Z</time>
</trkpt>
<trkpt lat="46.3332781" lon="13.7385127">
<ele>2010.30</ele>
<time>2026-07-25T13:49:20.000Z</time>
</trkpt>
<trkpt lat="46.3334442" lon="13.7386276">
<ele>2011.51</ele>
<time>2026-07-25T13:49:46.000Z</time>
</trkpt>
<trkpt lat="46.3336061" lon="13.7387765">
<ele>2016.60</ele>
<time>2026-07-25T13:50:11.000Z</time>
</trkpt>
<trkpt lat="46.3337377" lon="13.7389601">
<ele>2018.38</ele>
<time>2026-07-25T13:50:34.000Z</time>
</trkpt>
<trkpt lat="46.3338756" lon="13.7391335">
<ele>2021.11</ele>
<time>2026-07-25T13:50:59.000Z</time>
</trkpt>
<trkpt lat="46.3340033" lon="13.7393200">
<ele>2029.34</ele>
<time>2026-07-25T13:51:52.000Z</time>
</trkpt>
<trkpt lat="46.3341548" lon="13.7394614">
<ele>2036.42</ele>
<time>2026-07-25T13:52:16.000Z</time>
</trkpt>
<trkpt lat="46.3342689" lon="13.7396663">
<ele>2034.52</ele>
<time>2026-07-25T13:53:06.000Z</time>
</trkpt>
<trkpt lat="46.3343572" lon="13.7398958">
<ele>2031.84</ele>
<time>2026-07-25T13:53:32.000Z</time>
</trkpt>
<trkpt lat="46.3344577" lon="13.7401148">
<ele>2033.73</ele>
<time>2026-07-25T13:54:06.000Z</time>
</trkpt>
<trkpt lat="46.3344624" lon="13.7403763">
<ele>2038.40</ele>
<time>2026-07-25T13:54:29.000Z</time>
</trkpt>
<trkpt lat="46.3344901" lon="13.7406396">
<ele>2044.75</ele>
<time>2026-07-25T13:55:01.000Z</time>
</trkpt>
<trkpt lat="46.3344365" lon="13.7409018">
<ele>2048.51</ele>
<time>2026-07-25T13:55:28.000Z</time>
</trkpt>
<trkpt lat="46.3343938" lon="13.7411576">
<ele>2053.28</ele>
<time>2026-07-25T13:55:55.000Z</time>
</trkpt>
<trkpt lat="46.3343142" lon="13.7413944">
<ele>2054.03</ele>
<time>2026-07-25T13:56:17.000Z</time>
</trkpt>
<trkpt lat="46.3342427" lon="13.7416399">
<ele>2058.92</ele>
<time>2026-07-25T13:56:53.000Z</time>
</trkpt>
<trkpt lat="46.3342333" lon="13.7419053">
<ele>2067.20</ele>
<time>2026-07-25T13:57:25.000Z</time>
</trkpt>
<trkpt lat="46.3342674" lon="13.7421726">
<ele>2078.38</ele>
<time>2026-07-25T13:57:49.000Z</time>
</trkpt>
<trkpt lat="46.3342597" lon="13.7424355">
<ele>2077.02</ele>
<time>2026-07-25T13:58:11.000Z</time>
</trkpt>
<trkpt lat="46.3343610" lon="13.7426557">
<ele>2086.78</ele>
<time>2026-07-25T13:58:57.000Z</time>
</trkpt>
<trkpt lat="46.3345070" lon="13.7428159">
<ele>2091.73</ele>
<time>2026-07-25T13:59:32.000Z</time>
</trkpt>
<trkpt lat="46.3346190" lon="13.7430292">
<ele>2097.53</ele>
<time>2026-07-25T13:59:57.000Z</time>
</trkpt>
<trkpt lat="46.3346521" lon="13.7432931">
<ele>2099.29</ele>
<time>2026-07-25T14:00:23.000Z</time>
</trkpt>
<trkpt lat="46.3347895" lon="13.7434651">
<ele>2104.19</ele>
<time>2026-07-25T14:00:45.000Z</time>
</trkpt>
<trkpt lat="46.3349392" lon="13.7436344">
<ele>2116.71</ele>
<time>2026-07-25T14:01:18.000Z</time>
</trkpt>
<trkpt lat="46.3351107" lon="13.7437579">
<ele>2118.23</ele>
<time>2026-07-25T14:01:52.000Z</time>
</trkpt>
<trkpt lat="46.3352920" lon="13.7437372">
<ele>2126.71</ele>
<time>2026-07-25T14:02:21.000Z</time>
</trkpt>
<trkpt lat="46.3354655" lon="13.7438372">
<ele>2133.00</ele>
<time>2026-07-25T14:02:59.000Z</time>
</trkpt>
<trkpt lat="46.3356040" lon="13.7440155">
<ele>2147.06</ele>
<time>2026-07-25T14:03:56.000Z</time>
</trkpt>
<trkpt lat="46.3354868" lon="13.7442181">
<ele>2152.47</ele>
<time>2026-07-25T14:04:30.000Z</time>
</trkpt>
<trkpt lat="46.3354885" lon="13.7444822">
<ele>2163.16</ele>
<time>2026-07-25T14:05:32.000Z</time>
</trkpt>
<trkpt lat="46.3356663" lon="13.7445483">
<ele>2170.09</ele>
<time>2026-07-25T14:06:29.000Z</time>
</trkpt>
<trkpt lat="46.3358413" lon="13.7444696">
<ele>2183.26</ele>
<time>2026-07-25T14:07:12.000Z</time>
</trkpt>
<trkpt lat="46.3360221" lon="13.7444609">
<ele>2187.80</ele>
<time>2026-07-25T14:07:40.000Z</time>
</trkpt>
<trkpt lat="46.3362113" lon="13.7444480">
<ele>2196.42</ele>
<time>2026-07-25T14:08:11.000Z</time>
</trkpt>
<trkpt lat="46.3363990" lon="13.7444510">
<ele>2203.36</ele>
<time>2026-07-25T14:08:39.000Z</time>
</trkpt>
<trkpt lat="46.3365880" lon="13.7444415">
<ele>2213.17</ele>
<time>2026-07-25T14:09:14.000Z</time>
</trkpt>
<trkpt lat="46.3367747" lon="13.7444736">
<ele>2219.35</ele>
<time>2026-07-25T14:09:41.000Z</time>
</trkpt>
<trkpt lat="46.3369578" lon="13.7444728">
<ele>2227.15</ele>
<time>2026-07-25T14:10:14.000Z</time>
</trkpt>
<trkpt lat="46.3371379" lon="13.7444906">
<ele>2238.92</ele>
<time>2026-07-25T14:10:47.000Z</time>
</trkpt>
<trkpt lat="46.3373247" lon="13.7445142">
<ele>2249.37</ele>
<time>2026-07-25T14:11:35.000Z</time>
</trkpt>
<trkpt lat="46.3374112" lon="13.7442803">
<ele>2252.38</ele>
<time>2026-07-25T14:12:06.000Z</time>
</trkpt>
<trkpt lat="46.3374779" lon="13.7440341">
<ele>2251.76</ele>
<time>2026-07-25T14:12:24.000Z</time>
</trkpt>
<trkpt lat="46.3375134" lon="13.7437692">
<ele>2252.13</ele>
<time>2026-07-25T14:12:42.000Z</time>
</trkpt>
<trkpt lat="46.3374830" lon="13.7440344">
<ele>2251.76</ele>
<time>2026-07-25T14:19:01.000Z</time>
</trkpt>
<trkpt lat="46.3374116" lon="13.7442828">
<ele>2254.47</ele>
<time>2026-07-25T14:19:20.000Z</time>
</trkpt>
<trkpt lat="46.3373712" lon="13.7445382">
<ele>2255.00</ele>
<time>2026-07-25T14:19:40.000Z</time>
</trkpt>
<trkpt lat="46.3373192" lon="13.7447887">
<ele>2246.69</ele>
<time>2026-07-25T14:20:15.000Z</time>
</trkpt>
<trkpt lat="46.3373062" lon="13.7450643">
<ele>2242.30</ele>
<time>2026-07-25T14:20:32.000Z</time>
</trkpt>
<trkpt lat="46.3373782" lon="13.7453099">
<ele>2242.00</ele>
<time>2026-07-25T14:20:49.000Z</time>
</trkpt>
<trkpt lat="46.3374224" lon="13.7455735">
<ele>2242.31</ele>
<time>2026-07-25T14:21:10.000Z</time>
</trkpt>
<trkpt lat="46.3374840" lon="13.7458333">
<ele>2241.08</ele>
<time>2026-07-25T14:21:35.000Z</time>
</trkpt>
<trkpt lat="46.3375296" lon="13.7460938">
<ele>2235.59</ele>
<time>2026-07-25T14:21:54.000Z</time>
</trkpt>
<trkpt lat="46.3376333" lon="13.7463150">
<ele>2240.79</ele>
<time>2026-07-25T14:22:15.000Z</time>
</trkpt>
<trkpt lat="46.3377118" lon="13.7465573">
<ele>2244.98</ele>
<time>2026-07-25T14:22:33.000Z</time>
</trkpt>
<trkpt lat="46.3377710" lon="13.7468136">
<ele>2245.77</ele>
<time>2026-07-25T14:22:53.000Z</time>
</trkpt>
<trkpt lat="46.3378214" lon="13.7470712">
<ele>2251.69</ele>
<time>2026-07-25T14:23:24.000Z</time>
</trkpt>
<trkpt lat="46.3378557" lon="13.7473313">
<ele>2261.48</ele>
<time>2026-07-25T14:24:09.000Z</time>
</trkpt>
<trkpt lat="46.3379279" lon="13.7475788">
<ele>2268.25</ele>
<time>2026-07-25T14:24:39.000Z</time>
</trkpt>
<trkpt lat="46.3379603" lon="13.7478513">
<ele>2273.58</ele>
<time>2026-07-25T14:25:10.000Z</time>
</trkpt>
<trkpt lat="46.3378929" lon="13.7481007">
<ele>2282.04</ele>
<time>2026-07-25T14:27:23.000Z</time>
</trkpt>
<trkpt lat="46.3377134" lon="13.7480764">
<ele>2263.12</ele>
<time>2026-07-25T14:31:11.000Z</time>
</trkpt>
<trkpt lat="46.3376279" lon="13.7483248">
<ele>2254.75</ele>
<time>2026-07-25T14:31:37.000Z</time>
</trkpt>
<trkpt lat="46.3375800" lon="13.7485800">
<ele>2249.95</ele>
<time>2026-07-25T14:32:12.000Z</time>
</trkpt>
<trkpt lat="46.3376108" lon="13.7488390">
<ele>2256.73</ele>
<time>2026-07-25T14:33:11.000Z</time>
</trkpt>
<trkpt lat="46.3375810" lon="13.7490997">
<ele>2264.23</ele>
<time>2026-07-25T14:33:50.000Z</time>
</trkpt>
<trkpt lat="46.3376884" lon="13.7493098">
<ele>2283.83</ele>
<time>2026-07-25T14:35:56.000Z</time>
</trkpt>
<trkpt lat="46.3375678" lon="13.7495081">
<ele>2291.81</ele>
<time>2026-07-25T14:36:42.000Z</time>
</trkpt>
<trkpt lat="46.3376212" lon="13.7497595">
<ele>2302.80</ele>
<time>2026-07-25T14:37:29.000Z</time>
</trkpt>
<trkpt lat="46.3377283" lon="13.7499722">
<ele>2314.91</ele>
<time>2026-07-25T14:38:27.000Z</time>
</trkpt>
<trkpt lat="46.3376384" lon="13.7502016">
<ele>2328.70</ele>
<time>2026-07-25T14:39:17.000Z</time>
</trkpt>
<trkpt lat="46.3376855" lon="13.7504531">
<ele>2342.06</ele>
<time>2026-07-25T14:40:04.000Z</time>
</trkpt>
<trkpt lat="46.3377628" lon="13.7506925">
<ele>2347.46</ele>
<time>2026-07-25T14:41:28.000Z</time>
</trkpt>
<trkpt lat="46.3375822" lon="13.7506664">
<ele>2343.06</ele>
<time>2026-07-25T15:05:26.000Z</time>
</trkpt>
<trkpt lat="46.3374042" lon="13.7505996">
<ele>2326.93</ele>
<time>2026-07-25T15:06:38.000Z</time>
</trkpt>
<trkpt lat="46.3372439" lon="13.7504662">
<ele>2314.94</ele>
<time>2026-07-25T15:07:12.000Z</time>
</trkpt>
<trkpt lat="46.3370733" lon="13.7505771">
<ele>2307.79</ele>
<time>2026-07-25T15:07:59.000Z</time>
</trkpt>
<trkpt lat="46.3368892" lon="13.7506338">
<ele>2291.97</ele>
<time>2026-07-25T15:08:36.000Z</time>
</trkpt>
<trkpt lat="46.3367102" lon="13.7505660">
<ele>2281.82</ele>
<time>2026-07-25T15:09:27.000Z</time>
</trkpt>
<trkpt lat="46.3365325" lon="13.7506197">
<ele>2271.35</ele>
<time>2026-07-25T15:10:34.000Z</time>
</trkpt>
<trkpt lat="46.3363831" lon="13.7507680">
<ele>2262.86</ele>
<time>2026-07-25T15:11:13.000Z</time>
</trkpt>
<trkpt lat="46.3362509" lon="13.7509459">
<ele>2261.54</ele>
<time>2026-07-25T15:11:58.000Z</time>
</trkpt>
<trkpt lat="46.3361566" lon="13.7507229">
<ele>2242.08</ele>
<time>2026-07-25T15:13:36.000Z</time>
</trkpt>
<trkpt lat="46.3362221" lon="13.7504759">
<ele>2237.47</ele>
<time>2026-07-25T15:14:00.000Z</time>
</trkpt>
<trkpt lat="46.3363223" lon="13.7502536">
<ele>2234.18</ele>
<time>2026-07-25T15:14:21.000Z</time>
</trkpt>
<trkpt lat="46.3364776" lon="13.7501102">
<ele>2231.04</ele>
<time>2026-07-25T15:14:52.000Z</time>
</trkpt>
<trkpt lat="46.3365831" lon="13.7498940">
<ele>2226.65</ele>
<time>2026-07-25T15:16:07.000Z</time>
</trkpt>
<trkpt lat="46.3367471" lon="13.7497686">
<ele>2229.59</ele>
<time>2026-07-25T15:16:34.000Z</time>
</trkpt>
<trkpt lat="46.3368873" lon="13.7495916">
<ele>2227.17</ele>
<time>2026-07-25T15:16:55.000Z</time>
</trkpt>
<trkpt lat="46.3370533" lon="13.7494660">
<ele>2222.00</ele>
<time>2026-07-25T15:17:24.000Z</time>
</trkpt>
<trkpt lat="46.3371693" lon="13.7492585">
<ele>2222.31</ele>
<time>2026-07-25T15:17:48.000Z</time>
</trkpt>
<trkpt lat="46.3372206" lon="13.7490019">
<ele>2222.96</ele>
<time>2026-07-25T15:18:23.000Z</time>
</trkpt>
<trkpt lat="46.3372434" lon="13.7487327">
<ele>2223.49</ele>
<time>2026-07-25T15:18:52.000Z</time>
</trkpt>
<trkpt lat="46.3373366" lon="13.7485031">
<ele>2220.94</ele>
<time>2026-07-25T15:27:27.000Z</time>
</trkpt>
<trkpt lat="46.3374437" lon="13.7482902">
<ele>2229.98</ele>
<time>2026-07-25T15:28:34.000Z</time>
</trkpt>
<trkpt lat="46.3375208" lon="13.7480490">
<ele>2232.70</ele>
<time>2026-07-25T15:29:17.000Z</time>
</trkpt>
<trkpt lat="46.3376407" lon="13.7478444">
<ele>2244.23</ele>
<time>2026-07-25T15:29:55.000Z</time>
</trkpt>
<trkpt lat="46.3376760" lon="13.7475884">
<ele>2247.38</ele>
<time>2026-07-25T15:30:21.000Z</time>
</trkpt>
<trkpt lat="46.3376746" lon="13.7473141">
<ele>2243.22</ele>
<time>2026-07-25T15:30:46.000Z</time>
</trkpt>
<trkpt lat="46.3376959" lon="13.7470497">
<ele>2241.89</ele>
<time>2026-07-25T15:31:18.000Z</time>
</trkpt>
<trkpt lat="46.3376977" lon="13.7467887">
<ele>2237.44</ele>
<time>2026-07-25T15:33:41.000Z</time>
</trkpt>
<trkpt lat="46.3376830" lon="13.7465251">
<ele>2238.55</ele>
<time>2026-07-25T15:34:28.000Z</time>
</trkpt>
<trkpt lat="46.3376070" lon="13.7462801">
<ele>2239.67</ele>
<time>2026-07-25T15:34:41.000Z</time>
</trkpt>
<trkpt lat="46.3375235" lon="13.7460314">
<ele>2237.13</ele>
<time>2026-07-25T15:34:55.000Z</time>
</trkpt>
<trkpt lat="46.3374716" lon="13.7457739">
<ele>2237.78</ele>
<time>2026-07-25T15:35:13.000Z</time>
</trkpt>
<trkpt lat="46.3374386" lon="13.7455044">
<ele>2242.02</ele>
<time>2026-07-25T15:35:33.000Z</time>
</trkpt>
<trkpt lat="46.3373556" lon="13.7452585">
<ele>2241.77</ele>
<time>2026-07-25T15:35:50.000Z</time>
</trkpt>
<trkpt lat="46.3372954" lon="13.7449972">
<ele>2242.46</ele>
<time>2026-07-25T15:36:11.000Z</time>
</trkpt>
<trkpt lat="46.3372068" lon="13.7447697">
<ele>2243.99</ele>
<time>2026-07-25T15:36:23.000Z</time>
</trkpt>
<trkpt lat="46.3370425" lon="13.7446520">
<ele>2236.44</ele>
<time>2026-07-25T15:38:17.000Z</time>
</trkpt>
<trkpt lat="46.3368825" lon="13.7445252">
<ele>2232.01</ele>
<time>2026-07-25T15:38:37.000Z</time>
</trkpt>
<trkpt lat="46.3367061" lon="13.7444564">
<ele>2216.88</ele>
<time>2026-07-25T15:39:05.000Z</time>
</trkpt>
<trkpt lat="46.3365358" lon="13.7443659">
<ele>2210.68</ele>
<time>2026-07-25T15:39:25.000Z</time>
</trkpt>
<trkpt lat="46.3363587" lon="13.7444193">
<ele>2205.13</ele>
<time>2026-07-25T15:39:53.000Z</time>
</trkpt>
<trkpt lat="46.3361788" lon="13.7444137">
<ele>2197.87</ele>
<time>2026-07-25T15:40:11.000Z</time>
</trkpt>
<trkpt lat="46.3359997" lon="13.7444701">
<ele>2191.63</ele>
<time>2026-07-25T15:40:33.000Z</time>
</trkpt>
<trkpt lat="46.3358171" lon="13.7444513">
<ele>2187.66</ele>
<time>2026-07-25T15:40:51.000Z</time>
</trkpt>
<trkpt lat="46.3356451" lon="13.7445314">
<ele>2181.81</ele>
<time>2026-07-25T15:43:37.000Z</time>
</trkpt>
<trkpt lat="46.3354632" lon="13.7445161">
<ele>2171.91</ele>
<time>2026-07-25T15:44:10.000Z</time>
</trkpt>
<trkpt lat="46.3352952" lon="13.7444105">
<ele>2163.03</ele>
<time>2026-07-25T15:44:37.000Z</time>
</trkpt>
<trkpt lat="46.3351722" lon="13.7442044">
<ele>2156.51</ele>
<time>2026-07-25T15:45:24.000Z</time>
</trkpt>
<trkpt lat="46.3350355" lon="13.7440312">
<ele>2148.41</ele>
<time>2026-07-25T15:45:49.000Z</time>
</trkpt>
<trkpt lat="46.3348577" lon="13.7440940">
<ele>2137.62</ele>
<time>2026-07-25T15:46:42.000Z</time>
</trkpt>
<trkpt lat="46.3347643" lon="13.7438599">
<ele>2134.56</ele>
<time>2026-07-25T15:48:36.000Z</time>
</trkpt>
<trkpt lat="46.3346498" lon="13.7436351">
<ele>2121.69</ele>
<time>2026-07-25T15:49:18.000Z</time>
</trkpt>
<trkpt lat="46.3345852" lon="13.7433820">
<ele>2114.21</ele>
<time>2026-07-25T15:49:39.000Z</time>
</trkpt>
<trkpt lat="46.3345078" lon="13.7431463">
<ele>2106.21</ele>
<time>2026-07-25T15:50:13.000Z</time>
</trkpt>
<trkpt lat="46.3344663" lon="13.7428826">
<ele>2092.02</ele>
<time>2026-07-25T15:50:39.000Z</time>
</trkpt>
<trkpt lat="46.3343898" lon="13.7426424">
<ele>2086.97</ele>
<time>2026-07-25T15:51:00.000Z</time>
</trkpt>
<trkpt lat="46.3342973" lon="13.7423886">
<ele>2082.01</ele>
<time>2026-07-25T15:51:18.000Z</time>
</trkpt>
<trkpt lat="46.3343322" lon="13.7421296">
<ele>2074.99</ele>
<time>2026-07-25T15:51:42.000Z</time>
</trkpt>
<trkpt lat="46.3343043" lon="13.7418721">
<ele>2073.89</ele>
<time>2026-07-25T15:52:09.000Z</time>
</trkpt>
<trkpt lat="46.3342870" lon="13.7416116">
<ele>2070.20</ele>
<time>2026-07-25T15:52:38.000Z</time>
</trkpt>
<trkpt lat="46.3341636" lon="13.7414134">
<ele>2068.73</ele>
<time>2026-07-25T15:53:11.000Z</time>
</trkpt>
<trkpt lat="46.3340759" lon="13.7411834">
<ele>2067.50</ele>
<time>2026-07-25T15:53:35.000Z</time>
</trkpt>
<trkpt lat="46.3340612" lon="13.7409167">
<ele>2061.02</ele>
<time>2026-07-25T15:54:07.000Z</time>
</trkpt>
<trkpt lat="46.3340184" lon="13.7406626">
<ele>2055.54</ele>
<time>2026-07-25T15:54:30.000Z</time>
</trkpt>
<trkpt lat="46.3340450" lon="13.7403866">
<ele>2052.11</ele>
<time>2026-07-25T15:54:55.000Z</time>
</trkpt>
<trkpt lat="46.3341639" lon="13.7401675">
<ele>2044.83</ele>
<time>2026-07-25T15:55:27.000Z</time>
</trkpt>
<trkpt lat="46.3341242" lon="13.7399110">
<ele>2038.71</ele>
<time>2026-07-25T15:55:44.000Z</time>
</trkpt>
<trkpt lat="46.3340954" lon="13.7396484">
<ele>2039.37</ele>
<time>2026-07-25T15:56:10.000Z</time>
</trkpt>
<trkpt lat="46.3339833" lon="13.7394309">
<ele>2037.02</ele>
<time>2026-07-25T15:56:42.000Z</time>
</trkpt>
<trkpt lat="46.3338297" lon="13.7392939">
<ele>2036.27</ele>
<time>2026-07-25T15:57:21.000Z</time>
</trkpt>
<trkpt lat="46.3336504" lon="13.7392463">
<ele>2037.66</ele>
<time>2026-07-25T15:57:52.000Z</time>
</trkpt>
<trkpt lat="46.3334902" lon="13.7390980">
<ele>2033.64</ele>
<time>2026-07-25T15:58:38.000Z</time>
</trkpt>
<trkpt lat="46.3334097" lon="13.7388561">
<ele>2026.49</ele>
<time>2026-07-25T15:59:02.000Z</time>
</trkpt>
<trkpt lat="46.3333732" lon="13.7385968">
<ele>2011.52</ele>
<time>2026-07-25T15:59:46.000Z</time>
</trkpt>
<trkpt lat="46.3332097" lon="13.7384804">
<ele>2008.70</ele>
<time>2026-07-25T16:00:13.000Z</time>
</trkpt>
<trkpt lat="46.3330282" lon="13.7384264">
<ele>2002.25</ele>
<time>2026-07-25T16:00:43.000Z</time>
</trkpt>
<trkpt lat="46.3328449" lon="13.7384291">
<ele>1994.89</ele>
<time>2026-07-25T16:01:05.000Z</time>
</trkpt>
<trkpt lat="46.3326619" lon="13.7383747">
<ele>1990.24</ele>
<time>2026-07-25T16:01:41.000Z</time>
</trkpt>
<trkpt lat="46.3324802" lon="13.7383578">
<ele>1991.51</ele>
<time>2026-07-25T16:01:58.000Z</time>
</trkpt>
<trkpt lat="46.3322963" lon="13.7383816">
<ele>1989.84</ele>
<time>2026-07-25T16:02:20.000Z</time>
</trkpt>
<trkpt lat="46.3321336" lon="13.7382557">
<ele>1982.68</ele>
<time>2026-07-25T16:02:59.000Z</time>
</trkpt>
<trkpt lat="46.3320805" lon="13.7380058">
<ele>1976.23</ele>
<time>2026-07-25T16:03:45.000Z</time>
</trkpt>
<trkpt lat="46.3319314" lon="13.7378479">
<ele>1973.05</ele>
<time>2026-07-25T16:04:15.000Z</time>
</trkpt>
<trkpt lat="46.3317475" lon="13.7378242">
<ele>1974.76</ele>
<time>2026-07-25T16:04:59.000Z</time>
</trkpt>
<trkpt lat="46.3315642" lon="13.7378268">
<ele>1975.10</ele>
<time>2026-07-25T16:05:18.000Z</time>
</trkpt>
<trkpt lat="46.3314412" lon="13.7376352">
<ele>1974.08</ele>
<time>2026-07-25T16:05:52.000Z</time>
</trkpt>
<trkpt lat="46.3313269" lon="13.7374256">
<ele>1973.79</ele>
<time>2026-07-25T16:06:57.000Z</time>
</trkpt>
<trkpt lat="46.3313570" lon="13.7371662">
<ele>1966.29</ele>
<time>2026-07-25T16:07:56.000Z</time>
</trkpt>
<trkpt lat="46.3311815" lon="13.7372493">
<ele>1962.89</ele>
<time>2026-07-25T16:08:49.000Z</time>
</trkpt>
<trkpt lat="46.3309951" lon="13.7372113">
<ele>1959.77</ele>
<time>2026-07-25T16:09:14.000Z</time>
</trkpt>
<trkpt lat="46.3308842" lon="13.7370043">
<ele>1952.68</ele>
<time>2026-07-25T16:09:45.000Z</time>
</trkpt>
<trkpt lat="46.3307599" lon="13.7368075">
<ele>1944.54</ele>
<time>2026-07-25T16:10:15.000Z</time>
</trkpt>
<trkpt lat="46.3305959" lon="13.7366968">
<ele>1940.00</ele>
<time>2026-07-25T16:10:39.000Z</time>
</trkpt>
<trkpt lat="46.3304189" lon="13.7366061">
<ele>1923.53</ele>
<time>2026-07-25T16:11:16.000Z</time>
</trkpt>
<trkpt lat="46.3302846" lon="13.7364324">
<ele>1916.82</ele>
<time>2026-07-25T16:11:35.000Z</time>
</trkpt>
<trkpt lat="46.3301660" lon="13.7362296">
<ele>1918.31</ele>
<time>2026-07-25T16:11:53.000Z</time>
</trkpt>
<trkpt lat="46.3301920" lon="13.7359560">
<ele>1917.28</ele>
<time>2026-07-25T16:12:08.000Z</time>
</trkpt>
<trkpt lat="46.3302880" lon="13.7357158">
<ele>1916.83</ele>
<time>2026-07-25T16:12:25.000Z</time>
</trkpt>
<trkpt lat="46.3302052" lon="13.7354789">
<ele>1920.05</ele>
<time>2026-07-25T16:12:45.000Z</time>
</trkpt>
<trkpt lat="46.3301209" lon="13.7352429">
<ele>1920.23</ele>
<time>2026-07-25T16:12:58.000Z</time>
</trkpt>
<trkpt lat="46.3300237" lon="13.7350090">
<ele>1918.95</ele>
<time>2026-07-25T16:14:24.000Z</time>
</trkpt>
<trkpt lat="46.3299313" lon="13.7347743">
<ele>1920.47</ele>
<time>2026-07-25T16:14:40.000Z</time>
</trkpt>
<trkpt lat="46.3298012" lon="13.7345847">
<ele>1917.37</ele>
<time>2026-07-25T16:14:57.000Z</time>
</trkpt>
<trkpt lat="46.3296640" lon="13.7344020">
<ele>1916.16</ele>
<time>2026-07-25T16:15:17.000Z</time>
</trkpt>
<trkpt lat="46.3297496" lon="13.7341688">
<ele>1917.88</ele>
<time>2026-07-25T16:15:45.000Z</time>
</trkpt>
<trkpt lat="46.3298167" lon="13.7339144">
<ele>1918.93</ele>
<time>2026-07-25T16:16:06.000Z</time>
</trkpt>
<trkpt lat="46.3298484" lon="13.7336540">
<ele>1932.69</ele>
<time>2026-07-25T16:16:32.000Z</time>
</trkpt>
<trkpt lat="46.3296659" lon="13.7336970">
<ele>1932.26</ele>
<time>2026-07-25T16:16:55.000Z</time>
</trkpt>
<trkpt lat="46.3296477" lon="13.7334331">
<ele>1936.11</ele>
<time>2026-07-25T16:17:36.000Z</time>
</trkpt>
<trkpt lat="46.3295504" lon="13.7331938">
<ele>1926.11</ele>
<time>2026-07-25T16:18:01.000Z</time>
</trkpt>
<trkpt lat="46.3294605" lon="13.7329444">
<ele>1928.45</ele>
<time>2026-07-25T16:18:31.000Z</time>
</trkpt>
<trkpt lat="46.3295398" lon="13.7326925">
<ele>1925.57</ele>
<time>2026-07-25T16:18:54.000Z</time>
</trkpt>
<trkpt lat="46.3294982" lon="13.7324376">
<ele>1929.51</ele>
<time>2026-07-25T16:19:25.000Z</time>
</trkpt>
<trkpt lat="46.3294201" lon="13.7322029">
<ele>1933.33</ele>
<time>2026-07-25T16:19:46.000Z</time>
</trkpt>
<trkpt lat="46.3293406" lon="13.7319574">
<ele>1938.30</ele>
<time>2026-07-25T16:20:21.000Z</time>
</trkpt>
<trkpt lat="46.3293170" lon="13.7316958">
<ele>1940.29</ele>
<time>2026-07-25T16:20:42.000Z</time>
</trkpt>
<trkpt lat="46.3293762" lon="13.7314488">
<ele>1932.37</ele>
<time>2026-07-25T16:21:17.000Z</time>
</trkpt>
<trkpt lat="46.3292487" lon="13.7312531">
<ele>1925.37</ele>
<time>2026-07-25T16:21:40.000Z</time>
</trkpt>
<trkpt lat="46.3291251" lon="13.7310475">
<ele>1924.47</ele>
<time>2026-07-25T16:21:59.000Z</time>
</trkpt>
<trkpt lat="46.3289914" lon="13.7308585">
<ele>1916.32</ele>
<time>2026-07-25T16:22:29.000Z</time>
</trkpt>
<trkpt lat="46.3288293" lon="13.7307337">
<ele>1911.21</ele>
<time>2026-07-25T16:22:46.000Z</time>
</trkpt>
<trkpt lat="46.3286657" lon="13.7306175">
<ele>1908.67</ele>
<time>2026-07-25T16:23:09.000Z</time>
</trkpt>
<trkpt lat="46.3285415" lon="13.7304271">
<ele>1902.53</ele>
<time>2026-07-25T16:23:43.000Z</time>
</trkpt>
<trkpt lat="46.3284374" lon="13.7302076">
<ele>1886.82</ele>
<time>2026-07-25T16:24:40.000Z</time>
</trkpt>
<trkpt lat="46.3283770" lon="13.7299464">
<ele>1878.18</ele>
<time>2026-07-25T16:24:57.000Z</time>
</trkpt>
<trkpt lat="46.3283915" lon="13.7296801">
<ele>1868.85</ele>
<time>2026-07-25T16:25:15.000Z</time>
</trkpt>
<trkpt lat="46.3282366" lon="13.7295322">
<ele>1863.84</ele>
<time>2026-07-25T16:25:42.000Z</time>
</trkpt>
<trkpt lat="46.3280800" lon="13.7293954">
<ele>1860.50</ele>
<time>2026-07-25T16:25:59.000Z</time>
</trkpt>
<trkpt lat="46.3279458" lon="13.7292189">
<ele>1854.65</ele>
<time>2026-07-25T16:26:12.000Z</time>
</trkpt>
<trkpt lat="46.3278650" lon="13.7289790">
<ele>1855.70</ele>
<time>2026-07-25T16:26:29.000Z</time>
</trkpt>
<trkpt lat="46.3277878" lon="13.7287212">
<ele>1852.88</ele>
<time>2026-07-25T16:26:44.000Z</time>
</trkpt>
<trkpt lat="46.3277600" lon="13.7284577">
<ele>1848.71</ele>
<time>2026-07-25T16:27:01.000Z</time>
</trkpt>
<trkpt lat="46.3275988" lon="13.7283413">
<ele>1849.03</ele>
<time>2026-07-25T16:27:13.000Z</time>
</trkpt>
<trkpt lat="46.3274443" lon="13.7281663">
<ele>1848.09</ele>
<time>2026-07-25T16:27:40.000Z</time>
</trkpt>
<trkpt lat="46.3273338" lon="13.7279506">
<ele>1836.37</ele>
<time>2026-07-25T16:27:57.000Z</time>
</trkpt>
<trkpt lat="46.3273044" lon="13.7276904">
<ele>1835.27</ele>
<time>2026-07-25T16:28:06.000Z</time>
</trkpt>
<trkpt lat="46.3272452" lon="13.7274233">
<ele>1827.96</ele>
<time>2026-07-25T16:28:20.000Z</time>
</trkpt>
<trkpt lat="46.3272642" lon="13.7271623">
<ele>1828.00</ele>
<time>2026-07-25T16:28:35.000Z</time>
</trkpt>
<trkpt lat="46.3272978" lon="13.7269035">
<ele>1827.66</ele>
<time>2026-07-25T16:28:54.000Z</time>
</trkpt>
<trkpt lat="46.3273530" lon="13.7266465">
<ele>1830.28</ele>
<time>2026-07-25T16:29:13.000Z</time>
</trkpt>
<trkpt lat="46.3271904" lon="13.7265243">
<ele>1826.14</ele>
<time>2026-07-25T16:29:31.000Z</time>
</trkpt>
<trkpt lat="46.3270529" lon="13.7263224">
<ele>1824.51</ele>
<time>2026-07-25T16:29:48.000Z</time>
</trkpt>
<trkpt lat="46.3270056" lon="13.7260668">
<ele>1822.53</ele>
<time>2026-07-25T16:30:05.000Z</time>
</trkpt>
<trkpt lat="46.3269873" lon="13.7257983">
<ele>1816.88</ele>
<time>2026-07-25T16:30:22.000Z</time>
</trkpt>
<trkpt lat="46.3269126" lon="13.7255463">
<ele>1813.50</ele>
<time>2026-07-25T16:30:38.000Z</time>
</trkpt>
<trkpt lat="46.3267756" lon="13.7253619">
<ele>1811.42</ele>
<time>2026-07-25T16:30:52.000Z</time>
</trkpt>
<trkpt lat="46.3266266" lon="13.7252018">
<ele>1806.59</ele>
<time>2026-07-25T16:31:08.000Z</time>
</trkpt>
<trkpt lat="46.3266253" lon="13.7249345">
<ele>1801.11</ele>
<time>2026-07-25T16:31:27.000Z</time>
</trkpt>
<trkpt lat="46.3265343" lon="13.7247005">
<ele>1790.92</ele>
<time>2026-07-25T16:32:04.000Z</time>
</trkpt>
<trkpt lat="46.3264209" lon="13.7244798">
<ele>1791.75</ele>
<time>2026-07-25T16:32:17.000Z</time>
</trkpt>
<trkpt lat="46.3262834" lon="13.7243014">
<ele>1792.63</ele>
<time>2026-07-25T16:32:34.000Z</time>
</trkpt>
<trkpt lat="46.3262045" lon="13.7240463">
<ele>1789.81</ele>
<time>2026-07-25T16:32:52.000Z</time>
</trkpt>
<trkpt lat="46.3262440" lon="13.7237917">
<ele>1786.38</ele>
<time>2026-07-25T16:33:07.000Z</time>
</trkpt>
<trkpt lat="46.3261874" lon="13.7235320">
<ele>1781.14</ele>
<time>2026-07-25T16:33:27.000Z</time>
</trkpt>
<trkpt lat="46.3261677" lon="13.7232663">
<ele>1775.56</ele>
<time>2026-07-25T16:33:44.000Z</time>
</trkpt>
<trkpt lat="46.3259993" lon="13.7231483">
<ele>1778.33</ele>
<time>2026-07-25T16:34:07.000Z</time>
</trkpt>
<trkpt lat="46.3258237" lon="13.7230350">
<ele>1782.94</ele>
<time>2026-07-25T16:34:34.000Z</time>
</trkpt>
<trkpt lat="46.3257151" lon="13.7228187">
<ele>1780.17</ele>
<time>2026-07-25T16:34:57.000Z</time>
</trkpt>
<trkpt lat="46.3255997" lon="13.7226150">
<ele>1777.46</ele>
<time>2026-07-25T16:35:18.000Z</time>
</trkpt>
<trkpt lat="46.3254285" lon="13.7225027">
<ele>1765.54</ele>
<time>2026-07-25T16:35:53.000Z</time>
</trkpt>
<trkpt lat="46.3252707" lon="13.7223421">
<ele>1763.75</ele>
<time>2026-07-25T16:36:10.000Z</time>
</trkpt>
<trkpt lat="46.3250951" lon="13.7222792">
<ele>1755.54</ele>
<time>2026-07-25T16:36:31.000Z</time>
</trkpt>
<trkpt lat="46.3249551" lon="13.7221070">
<ele>1750.17</ele>
<time>2026-07-25T16:36:49.000Z</time>
</trkpt>
<trkpt lat="46.3248266" lon="13.7219050">
<ele>1746.04</ele>
<time>2026-07-25T16:37:03.000Z</time>
</trkpt>
<trkpt lat="46.3246594" lon="13.7217969">
<ele>1740.78</ele>
<time>2026-07-25T16:37:20.000Z</time>
</trkpt>
<trkpt lat="46.3245382" lon="13.7215907">
<ele>1735.74</ele>
<time>2026-07-25T16:37:35.000Z</time>
</trkpt>
<trkpt lat="46.3243729" lon="13.7214711">
<ele>1730.39</ele>
<time>2026-07-25T16:37:51.000Z</time>
</trkpt>
<trkpt lat="46.3241820" lon="13.7215458">
<ele>1730.02</ele>
<time>2026-07-25T16:38:04.000Z</time>
</trkpt>
<trkpt lat="46.3240091" lon="13.7214570">
<ele>1727.15</ele>
<time>2026-07-25T16:38:17.000Z</time>
</trkpt>
<trkpt lat="46.3238277" lon="13.7214807">
<ele>1716.56</ele>
<time>2026-07-25T16:38:37.000Z</time>
</trkpt>
<trkpt lat="46.3236370" lon="13.7215177">
<ele>1712.12</ele>
<time>2026-07-25T16:38:49.000Z</time>
</trkpt>
<trkpt lat="46.3235080" lon="13.7213328">
<ele>1703.69</ele>
<time>2026-07-25T16:39:06.000Z</time>
</trkpt>
<trkpt lat="46.3233382" lon="13.7212302">
<ele>1699.27</ele>
<time>2026-07-25T16:39:24.000Z</time>
</trkpt>
<trkpt lat="46.3231884" lon="13.7210625">
<ele>1698.50</ele>
<time>2026-07-25T16:39:38.000Z</time>
</trkpt>
<trkpt lat="46.3230431" lon="13.7209020">
<ele>1695.78</ele>
<time>2026-07-25T16:39:52.000Z</time>
</trkpt>
<trkpt lat="46.3229016" lon="13.7207313">
<ele>1697.36</ele>
<time>2026-07-25T16:40:05.000Z</time>
</trkpt>
<trkpt lat="46.3227268" lon="13.7206687">
<ele>1690.16</ele>
<time>2026-07-25T16:40:18.000Z</time>
</trkpt>
<trkpt lat="46.3225387" lon="13.7206412">
<ele>1683.10</ele>
<time>2026-07-25T16:40:33.000Z</time>
</trkpt>
<trkpt lat="46.3223526" lon="13.7206314">
<ele>1679.53</ele>
<time>2026-07-25T16:41:16.000Z</time>
</trkpt>
<trkpt lat="46.3221677" lon="13.7206178">
<ele>1677.49</ele>
<time>2026-07-25T16:41:35.000Z</time>
</trkpt>
<trkpt lat="46.3219788" lon="13.7206297">
<ele>1671.37</ele>
<time>2026-07-25T16:41:53.000Z</time>
</trkpt>
<trkpt lat="46.3217941" lon="13.7205701">
<ele>1668.01</ele>
<time>2026-07-25T16:42:07.000Z</time>
</trkpt>
<trkpt lat="46.3216402" lon="13.7204350">
<ele>1666.41</ele>
<time>2026-07-25T16:42:25.000Z</time>
</trkpt>
<trkpt lat="46.3215911" lon="13.7201809">
<ele>1658.07</ele>
<time>2026-07-25T16:42:44.000Z</time>
</trkpt>
<trkpt lat="46.3214829" lon="13.7199699">
<ele>1655.76</ele>
<time>2026-07-25T16:43:09.000Z</time>
</trkpt>
<trkpt lat="46.3213687" lon="13.7197563">
<ele>1640.92</ele>
<time>2026-07-25T16:44:55.000Z</time>
</trkpt>
<trkpt lat="46.3211750" lon="13.7197747">
<ele>1630.21</ele>
<time>2026-07-25T16:46:44.000Z</time>
</trkpt>
<trkpt lat="46.3210196" lon="13.7196180">
<ele>1609.87</ele>
<time>2026-07-25T16:48:08.000Z</time>
</trkpt>
<trkpt lat="46.3208406" lon="13.7195737">
<ele>1601.14</ele>
<time>2026-07-25T16:48:25.000Z</time>
</trkpt>
<trkpt lat="46.3206618" lon="13.7195083">
<ele>1594.03</ele>
<time>2026-07-25T16:48:46.000Z</time>
</trkpt>
<trkpt lat="46.3204965" lon="13.7193639">
<ele>1590.64</ele>
<time>2026-07-25T16:49:05.000Z</time>
</trkpt>
<trkpt lat="46.3203115" lon="13.7193045">
<ele>1581.49</ele>
<time>2026-07-25T16:49:18.000Z</time>
</trkpt>
<trkpt lat="46.3201274" lon="13.7192497">
<ele>1578.62</ele>
<time>2026-07-25T16:50:30.000Z</time>
</trkpt>
<trkpt lat="46.3199401" lon="13.7192562">
<ele>1572.07</ele>
<time>2026-07-25T16:50:55.000Z</time>
</trkpt>
<trkpt lat="46.3197480" lon="13.7192531">
<ele>1570.43</ele>
<time>2026-07-25T16:51:11.000Z</time>
</trkpt>
<trkpt lat="46.3195764" lon="13.7191229">
<ele>1560.95</ele>
<time>2026-07-25T16:51:25.000Z</time>
</trkpt>
<trkpt lat="46.3193970" lon="13.7190638">
<ele>1552.36</ele>
<time>2026-07-25T16:51:41.000Z</time>
</trkpt>
<trkpt lat="46.3192163" lon="13.7190186">
<ele>1547.34</ele>
<time>2026-07-25T16:51:54.000Z</time>
</trkpt>
<trkpt lat="46.3190415" lon="13.7189388">
<ele>1541.67</ele>
<time>2026-07-25T16:52:11.000Z</time>
</trkpt>
<trkpt lat="46.3189480" lon="13.7187143">
<ele>1539.40</ele>
<time>2026-07-25T16:52:28.000Z</time>
</trkpt>
<trkpt lat="46.3189759" lon="13.7184328">
<ele>1538.28</ele>
<time>2026-07-25T16:52:41.000Z</time>
</trkpt>
<trkpt lat="46.3190425" lon="13.7181882">
<ele>1532.71</ele>
<time>2026-07-25T16:53:01.000Z</time>
</trkpt>
<trkpt lat="46.3192112" lon="13.7180943">
<ele>1530.48</ele>
<time>2026-07-25T16:53:23.000Z</time>
</trkpt>
<trkpt lat="46.3190644" lon="13.7179147">
<ele>1536.30</ele>
<time>2026-07-25T16:55:25.000Z</time>
</trkpt>
<trkpt lat="46.3190543" lon="13.7181857">
<ele>1536.10</ele>
<time>2026-07-25T16:58:16.000Z</time>
</trkpt>
<trkpt lat="46.3188737" lon="13.7182599">
<ele>1540.52</ele>
<time>2026-07-25T16:58:36.000Z</time>
</trkpt>
<trkpt lat="46.3190493" lon="13.7181617">
<ele>1536.24</ele>
<time>2026-07-25T16:59:48.000Z</time>
</trkpt>
<trkpt lat="46.3188876" lon="13.7182793">
<ele>1536.61</ele>
<time>2026-07-25T17:02:48.000Z</time>
</trkpt>
<trkpt lat="46.3187044" lon="13.7183245">
<ele>1530.89</ele>
<time>2026-07-25T17:03:05.000Z</time>
</trkpt>
<trkpt lat="46.3185178" lon="13.7182880">
<ele>1529.22</ele>
<time>2026-07-25T17:03:23.000Z</time>
</trkpt>
<trkpt lat="46.3183223" lon="13.7182380">
<ele>1525.52</ele>
<time>2026-07-25T17:03:41.000Z</time>
</trkpt>
<trkpt lat="46.3181331" lon="13.7182331">
<ele>1526.27</ele>
<time>2026-07-25T17:03:55.000Z</time>
</trkpt>
<trkpt lat="46.3179488" lon="13.7183308">
<ele>1531.72</ele>
<time>2026-07-25T17:04:09.000Z</time>
</trkpt>
<trkpt lat="46.3177863" lon="13.7184925">
<ele>1531.52</ele>
<time>2026-07-25T17:04:23.000Z</time>
</trkpt>
<trkpt lat="46.3177206" lon="13.7182442">
<ele>1530.50</ele>
<time>2026-07-25T17:04:52.000Z</time>
</trkpt>
<trkpt lat="46.3175398" lon="13.7181545">
<ele>1523.25</ele>
<time>2026-07-25T17:05:04.000Z</time>
</trkpt>
<trkpt lat="46.3174930" lon="13.7178882">
<ele>1523.41</ele>
<time>2026-07-25T17:05:18.000Z</time>
</trkpt>
<trkpt lat="46.3175029" lon="13.7176195">
<ele>1522.32</ele>
<time>2026-07-25T17:05:38.000Z</time>
</trkpt>
<trkpt lat="46.3175894" lon="13.7173782">
<ele>1519.16</ele>
<time>2026-07-25T17:05:55.000Z</time>
</trkpt>
<trkpt lat="46.3176666" lon="13.7171257">
<ele>1515.18</ele>
<time>2026-07-25T17:06:07.000Z</time>
</trkpt>
<trkpt lat="46.3177210" lon="13.7168649">
<ele>1518.45</ele>
<time>2026-07-25T17:06:19.000Z</time>
</trkpt>
<trkpt lat="46.3177657" lon="13.7166015">
<ele>1512.98</ele>
<time>2026-07-25T17:06:38.000Z</time>
</trkpt>
<trkpt lat="46.3178052" lon="13.7163290">
<ele>1512.39</ele>
<time>2026-07-25T17:06:49.000Z</time>
</trkpt>
<trkpt lat="46.3178833" lon="13.7160941">
<ele>1509.63</ele>
<time>2026-07-25T17:07:11.000Z</time>
</trkpt>
<trkpt lat="46.3180232" lon="13.7158996">
<ele>1501.99</ele>
<time>2026-07-25T17:07:29.000Z</time>
</trkpt>
<trkpt lat="46.3181770" lon="13.7157334">
<ele>1497.74</ele>
<time>2026-07-25T17:07:44.000Z</time>
</trkpt>
<trkpt lat="46.3183426" lon="13.7156274">
<ele>1496.93</ele>
<time>2026-07-25T17:07:57.000Z</time>
</trkpt>
<trkpt lat="46.3185260" lon="13.7156201">
<ele>1501.49</ele>
<time>2026-07-25T17:08:11.000Z</time>
</trkpt>
<trkpt lat="46.3187039" lon="13.7157183">
<ele>1495.16</ele>
<time>2026-07-25T17:08:22.000Z</time>
</trkpt>
<trkpt lat="46.3188817" lon="13.7157874">
<ele>1482.10</ele>
<time>2026-07-25T17:08:33.000Z</time>
</trkpt>
<trkpt lat="46.3190662" lon="13.7157920">
<ele>1479.28</ele>
<time>2026-07-25T17:08:45.000Z</time>
</trkpt>
<trkpt lat="46.3189706" lon="13.7155587">
<ele>1477.71</ele>
<time>2026-07-25T17:08:58.000Z</time>
</trkpt>
<trkpt lat="46.3191237" lon="13.7154186">
<ele>1475.02</ele>
<time>2026-07-25T17:09:20.000Z</time>
</trkpt>
<trkpt lat="46.3192143" lon="13.7156454">
<ele>1468.37</ele>
<time>2026-07-25T17:09:35.000Z</time>
</trkpt>
<trkpt lat="46.3193771" lon="13.7157623">
<ele>1453.51</ele>
<time>2026-07-25T17:10:03.000Z</time>
</trkpt>
<trkpt lat="46.3195623" lon="13.7158272">
<ele>1448.67</ele>
<time>2026-07-25T17:10:16.000Z</time>
</trkpt>
<trkpt lat="46.3197412" lon="13.7159214">
<ele>1448.80</ele>
<time>2026-07-25T17:10:29.000Z</time>
</trkpt>
<trkpt lat="46.3198710" lon="13.7161208">
<ele>1440.33</ele>
<time>2026-07-25T17:10:40.000Z</time>
</trkpt>
<trkpt lat="46.3200153" lon="13.7162805">
<ele>1437.21</ele>
<time>2026-07-25T17:10:52.000Z</time>
</trkpt>
<trkpt lat="46.3201972" lon="13.7161980">
<ele>1427.86</ele>
<time>2026-07-25T17:11:10.000Z</time>
</trkpt>
<trkpt lat="46.3203840" lon="13.7162236">
<ele>1420.25</ele>
<time>2026-07-25T17:11:34.000Z</time>
</trkpt>
<trkpt lat="46.3205549" lon="13.7161139">
<ele>1416.08</ele>
<time>2026-07-25T17:12:02.000Z</time>
</trkpt>
<trkpt lat="46.3207332" lon="13.7160727">
<ele>1409.87</ele>
<time>2026-07-25T17:12:29.000Z</time>
</trkpt>
<trkpt lat="46.3208842" lon="13.7159128">
<ele>1401.11</ele>
<time>2026-07-25T17:12:51.000Z</time>
</trkpt>
<trkpt lat="46.3210572" lon="13.7158224">
<ele>1399.98</ele>
<time>2026-07-25T17:13:09.000Z</time>
</trkpt>
<trkpt lat="46.3208884" lon="13.7157115">
<ele>1394.46</ele>
<time>2026-07-25T17:13:26.000Z</time>
</trkpt>
<trkpt lat="46.3210349" lon="13.7155382">
<ele>1383.86</ele>
<time>2026-07-25T17:13:53.000Z</time>
</trkpt>
<trkpt lat="46.3209327" lon="13.7153221">
<ele>1374.66</ele>
<time>2026-07-25T17:14:20.000Z</time>
</trkpt>
<trkpt lat="46.3208895" lon="13.7150661">
<ele>1366.39</ele>
<time>2026-07-25T17:15:04.000Z</time>
</trkpt>
<trkpt lat="46.3209745" lon="13.7148350">
<ele>1358.03</ele>
<time>2026-07-25T17:15:27.000Z</time>
</trkpt>
<trkpt lat="46.3210595" lon="13.7145966">
<ele>1346.90</ele>
<time>2026-07-25T17:16:54.000Z</time>
</trkpt>
<trkpt lat="46.3211083" lon="13.7143443">
<ele>1335.71</ele>
<time>2026-07-25T17:17:10.000Z</time>
</trkpt>
<trkpt lat="46.3210965" lon="13.7140546">
<ele>1324.92</ele>
<time>2026-07-25T17:17:20.000Z</time>
</trkpt>
<trkpt lat="46.3212558" lon="13.7139315">
<ele>1315.92</ele>
<time>2026-07-25T17:17:47.000Z</time>
</trkpt>
<trkpt lat="46.3213156" lon="13.7136761">
<ele>1304.24</ele>
<time>2026-07-25T17:18:05.000Z</time>
</trkpt>
<trkpt lat="46.3214186" lon="13.7134399">
<ele>1298.14</ele>
<time>2026-07-25T17:18:21.000Z</time>
</trkpt>
<trkpt lat="46.3215768" lon="13.7133110">
<ele>1296.14</ele>
<time>2026-07-25T17:18:33.000Z</time>
</trkpt>
<trkpt lat="46.3215331" lon="13.7130354">
<ele>1287.37</ele>
<time>2026-07-25T17:18:45.000Z</time>
</trkpt>
<trkpt lat="46.3214864" lon="13.7127597">
<ele>1280.98</ele>
<time>2026-07-25T17:19:03.000Z</time>
</trkpt>
<trkpt lat="46.3215463" lon="13.7124987">
<ele>1278.10</ele>
<time>2026-07-25T17:19:13.000Z</time>
</trkpt>
<trkpt lat="46.3215109" lon="13.7122429">
<ele>1266.68</ele>
<time>2026-07-25T17:19:29.000Z</time>
</trkpt>
<trkpt lat="46.3216018" lon="13.7119899">
<ele>1257.17</ele>
<time>2026-07-25T17:19:59.000Z</time>
</trkpt>
<trkpt lat="46.3215691" lon="13.7117158">
<ele>1252.07</ele>
<time>2026-07-25T17:20:11.000Z</time>
</trkpt>
<trkpt lat="46.3216188" lon="13.7114470">
<ele>1251.80</ele>
<time>2026-07-25T17:20:30.000Z</time>
</trkpt>
<trkpt lat="46.3217996" lon="13.7115083">
<ele>1241.79</ele>
<time>2026-07-25T17:21:10.000Z</time>
</trkpt>
<trkpt lat="46.3219744" lon="13.7114005">
<ele>1227.88</ele>
<time>2026-07-25T17:21:33.000Z</time>
</trkpt>
<trkpt lat="46.3221589" lon="13.7114790">
<ele>1222.08</ele>
<time>2026-07-25T17:22:10.000Z</time>
</trkpt>
<trkpt lat="46.3222848" lon="13.7112903">
<ele>1212.74</ele>
<time>2026-07-25T17:22:36.000Z</time>
</trkpt>
<trkpt lat="46.3224588" lon="13.7111841">
<ele>1187.08</ele>
<time>2026-07-25T17:23:18.000Z</time>
</trkpt>
<trkpt lat="46.3226046" lon="13.7110243">
<ele>1183.29</ele>
<time>2026-07-25T17:23:47.000Z</time>
</trkpt>
<trkpt lat="46.3227513" lon="13.7108518">
<ele>1181.65</ele>
<time>2026-07-25T17:24:03.000Z</time>
</trkpt>
<trkpt lat="46.3229033" lon="13.7106940">
<ele>1176.86</ele>
<time>2026-07-25T17:24:14.000Z</time>
</trkpt>
<trkpt lat="46.3230679" lon="13.7105838">
<ele>1159.89</ele>
<time>2026-07-25T17:24:47.000Z</time>
</trkpt>
<trkpt lat="46.3231317" lon="13.7103214">
<ele>1149.94</ele>
<time>2026-07-25T17:25:05.000Z</time>
</trkpt>
<trkpt lat="46.3230540" lon="13.7100732">
<ele>1142.88</ele>
<time>2026-07-25T17:25:32.000Z</time>
</trkpt>
<trkpt lat="46.3228876" lon="13.7099568">
<ele>1135.98</ele>
<time>2026-07-25T17:25:45.000Z</time>
</trkpt>
<trkpt lat="46.3228846" lon="13.7096737">
<ele>1126.51</ele>
<time>2026-07-25T17:26:18.000Z</time>
</trkpt>
<trkpt lat="46.3228491" lon="13.7093991">
<ele>1114.16</ele>
<time>2026-07-25T17:26:33.000Z</time>
</trkpt>
<trkpt lat="46.3227560" lon="13.7091711">
<ele>1105.57</ele>
<time>2026-07-25T17:26:46.000Z</time>
</trkpt>
<trkpt lat="46.3225785" lon="13.7090616">
<ele>1098.07</ele>
<time>2026-07-25T17:26:56.000Z</time>
</trkpt>
<trkpt lat="46.3224277" lon="13.7088942">
<ele>1101.34</ele>
<time>2026-07-25T17:27:04.000Z</time>
</trkpt>
<trkpt lat="46.3223247" lon="13.7086484">
<ele>1088.24</ele>
<time>2026-07-25T17:27:29.000Z</time>
</trkpt>
<trkpt lat="46.3224832" lon="13.7085113">
<ele>1082.55</ele>
<time>2026-07-25T17:28:11.000Z</time>
</trkpt>
<trkpt lat="46.3226629" lon="13.7084748">
<ele>1077.40</ele>
<time>2026-07-25T17:28:22.000Z</time>
</trkpt>
<trkpt lat="46.3228410" lon="13.7083792">
<ele>1065.56</ele>
<time>2026-07-25T17:28:38.000Z</time>
</trkpt>
<trkpt lat="46.3229002" lon="13.7086327">
<ele>1055.34</ele>
<time>2026-07-25T17:29:46.000Z</time>
</trkpt>
<trkpt lat="46.3230733" lon="13.7085242">
<ele>1048.86</ele>
<time>2026-07-25T17:30:41.000Z</time>
</trkpt>
<trkpt lat="46.3230641" lon="13.7082466">
<ele>1019.80</ele>
<time>2026-07-25T17:31:26.000Z</time>
</trkpt>
<trkpt lat="46.3230322" lon="13.7079694">
<ele>1011.17</ele>
<time>2026-07-25T17:31:53.000Z</time>
</trkpt>
<trkpt lat="46.3231767" lon="13.7078061">
<ele>992.00</ele>
<time>2026-07-25T17:32:56.000Z</time>
</trkpt>
<trkpt lat="46.3233574" lon="13.7078900">
<ele>993.13</ele>
<time>2026-07-25T17:33:20.000Z</time>
</trkpt>
<trkpt lat="46.3235342" lon="13.7079481">
<ele>974.17</ele>
<time>2026-07-25T17:33:47.000Z</time>
</trkpt>
<trkpt lat="46.3236888" lon="13.7080873">
<ele>970.95</ele>
<time>2026-07-25T17:34:19.000Z</time>
</trkpt>
<trkpt lat="46.3238690" lon="13.7080157">
<ele>967.33</ele>
<time>2026-07-25T17:34:34.000Z</time>
</trkpt>
<trkpt lat="46.3240437" lon="13.7079322">
<ele>958.78</ele>
<time>2026-07-25T17:34:50.000Z</time>
</trkpt>
<trkpt lat="46.3242217" lon="13.7078069">
<ele>953.45</ele>
<time>2026-07-25T17:35:31.000Z</time>
</trkpt>
<trkpt lat="46.3244003" lon="13.7077243">
<ele>947.40</ele>
<time>2026-07-25T17:35:43.000Z</time>
</trkpt>
<trkpt lat="46.3243141" lon="13.7074919">
<ele>941.30</ele>
<time>2026-07-25T17:35:58.000Z</time>
</trkpt>
<trkpt lat="46.3241353" lon="13.7074141">
<ele>928.75</ele>
<time>2026-07-25T17:36:13.000Z</time>
</trkpt>
<trkpt lat="46.3239814" lon="13.7072678">
<ele>927.17</ele>
<time>2026-07-25T17:36:28.000Z</time>
</trkpt>
<trkpt lat="46.3241570" lon="13.7071569">
<ele>924.02</ele>
<time>2026-07-25T17:36:47.000Z</time>
</trkpt>
<trkpt lat="46.3241239" lon="13.7068918">
<ele>904.99</ele>
<time>2026-07-25T17:37:12.000Z</time>
</trkpt>
<trkpt lat="46.3239857" lon="13.7067173">
<ele>901.01</ele>
<time>2026-07-25T17:37:30.000Z</time>
</trkpt>
<trkpt lat="46.3239232" lon="13.7064650">
<ele>896.21</ele>
<time>2026-07-25T17:37:57.000Z</time>
</trkpt>
<trkpt lat="46.3239889" lon="13.7062088">
<ele>884.91</ele>
<time>2026-07-25T17:38:20.000Z</time>
</trkpt>
<trkpt lat="46.3240908" lon="13.7059873">
<ele>878.69</ele>
<time>2026-07-25T17:38:46.000Z</time>
</trkpt>
<trkpt lat="46.3242396" lon="13.7058292">
<ele>871.77</ele>
<time>2026-07-25T17:39:02.000Z</time>
</trkpt>
<trkpt lat="46.3241733" lon="13.7055812">
<ele>868.89</ele>
<time>2026-07-25T17:39:16.000Z</time>
</trkpt>
<trkpt lat="46.3241162" lon="13.7053341">
<ele>863.65</ele>
<time>2026-07-25T17:39:34.000Z</time>
</trkpt>
<trkpt lat="46.3240674" lon="13.7050827">
<ele>863.73</ele>
<time>2026-07-25T17:39:55.000Z</time>
</trkpt>
<trkpt lat="46.3241010" lon="13.7048267">
<ele>860.98</ele>
<time>2026-07-25T17:40:15.000Z</time>
</trkpt>
<trkpt lat="46.3241343" lon="13.7045495">
<ele>856.78</ele>
<time>2026-07-25T17:40:40.000Z</time>
</trkpt>
<trkpt lat="46.3241321" lon="13.7042834">
<ele>851.67</ele>
<time>2026-07-25T17:40:52.000Z</time>
</trkpt>
<trkpt lat="46.3241545" lon="13.7040141">
<ele>850.21</ele>
<time>2026-07-25T17:41:03.000Z</time>
</trkpt>
<trkpt lat="46.3242068" lon="13.7037379">
<ele>848.33</ele>
<time>2026-07-25T17:41:15.000Z</time>
</trkpt>
<trkpt lat="46.3242351" lon="13.7034692">
<ele>847.52</ele>
<time>2026-07-25T17:41:27.000Z</time>
</trkpt>
<trkpt lat="46.3243271" lon="13.7032409">
<ele>840.70</ele>
<time>2026-07-25T17:41:38.000Z</time>
</trkpt>
<trkpt lat="46.3244451" lon="13.7030240">
<ele>834.13</ele>
<time>2026-07-25T17:41:50.000Z</time>
</trkpt>
<trkpt lat="46.3245193" lon="13.7027737">
<ele>829.50</ele>
<time>2026-07-25T17:42:06.000Z</time>
</trkpt>
<trkpt lat="46.3245686" lon="13.7024903">
<ele>830.18</ele>
<time>2026-07-25T17:42:25.000Z</time>
</trkpt>
<trkpt lat="46.3246790" lon="13.7022844">
<ele>824.79</ele>
<time>2026-07-25T17:42:35.000Z</time>
</trkpt>
<trkpt lat="46.3248324" lon="13.7021310">
<ele>826.62</ele>
<time>2026-07-25T17:42:45.000Z</time>
</trkpt>
<trkpt lat="46.3249766" lon="13.7019582">
<ele>823.76</ele>
<time>2026-07-25T17:42:57.000Z</time>
</trkpt>
<trkpt lat="46.3250841" lon="13.7017223">
<ele>819.47</ele>
<time>2026-07-25T17:43:08.000Z</time>
</trkpt>
<trkpt lat="46.3252151" lon="13.7015348">
<ele>815.28</ele>
<time>2026-07-25T17:43:23.000Z</time>
</trkpt>
<trkpt lat="46.3252784" lon="13.7012844">
<ele>805.66</ele>
<time>2026-07-25T17:43:39.000Z</time>
</trkpt>
<trkpt lat="46.3254604" lon="13.7012736">
<ele>797.87</ele>
<time>2026-07-25T17:44:36.000Z</time>
</trkpt>
<trkpt lat="46.3255333" lon="13.7010202">
<ele>795.19</ele>
<time>2026-07-25T17:44:51.000Z</time>
</trkpt>
<trkpt lat="46.3255785" lon="13.7007636">
<ele>793.25</ele>
<time>2026-07-25T17:45:02.000Z</time>
</trkpt>
<trkpt lat="46.3256292" lon="13.7005048">
<ele>788.03</ele>
<time>2026-07-25T17:45:17.000Z</time>
</trkpt>
<trkpt lat="46.3257071" lon="13.7002491">
<ele>786.87</ele>
<time>2026-07-25T17:45:32.000Z</time>
</trkpt>
<trkpt lat="46.3256697" lon="13.6999717">
<ele>785.31</ele>
<time>2026-07-25T17:45:42.000Z</time>
</trkpt>
<trkpt lat="46.3258182" lon="13.7001264">
<ele>777.46</ele>
<time>2026-07-25T17:46:08.000Z</time>
</trkpt>
<trkpt lat="46.3258624" lon="13.6998556">
<ele>768.26</ele>
<time>2026-07-25T17:47:07.000Z</time>
</trkpt>
<trkpt lat="46.3257720" lon="13.6996194">
<ele>773.86</ele>
<time>2026-07-25T17:47:23.000Z</time>
</trkpt>
<trkpt lat="46.3257932" lon="13.6993511">
<ele>766.12</ele>
<time>2026-07-25T17:47:47.000Z</time>
</trkpt>
<trkpt lat="46.3259394" lon="13.6991717">
<ele>765.18</ele>
<time>2026-07-25T17:47:58.000Z</time>
</trkpt>
<trkpt lat="46.3260127" lon="13.6989186">
<ele>762.21</ele>
<time>2026-07-25T17:48:10.000Z</time>
</trkpt>
<trkpt lat="46.3260343" lon="13.6986571">
<ele>757.72</ele>
<time>2026-07-25T17:48:27.000Z</time>
</trkpt>
<trkpt lat="46.3260900" lon="13.6983944">
<ele>753.94</ele>
<time>2026-07-25T17:48:48.000Z</time>
</trkpt>
<trkpt lat="46.3259354" lon="13.6982497">
<ele>751.28</ele>
<time>2026-07-25T17:49:06.000Z</time>
</trkpt>
<trkpt lat="46.3257558" lon="13.6982204">
<ele>750.10</ele>
<time>2026-07-25T17:49:17.000Z</time>
</trkpt>
<trkpt lat="46.3255794" lon="13.6981478">
<ele>750.72</ele>
<time>2026-07-25T17:49:31.000Z</time>
</trkpt>
<trkpt lat="46.3253925" lon="13.6981559">
<ele>751.46</ele>
<time>2026-07-25T17:49:48.000Z</time>
</trkpt>
<trkpt lat="46.3252193" lon="13.6982420">
<ele>749.00</ele>
<time>2026-07-25T17:49:59.000Z</time>
</trkpt>
<trkpt lat="46.3250747" lon="13.6984313">
<ele>747.99</ele>
<time>2026-07-25T17:50:12.000Z</time>
</trkpt>
<trkpt lat="46.3249563" lon="13.6986633">
<ele>743.48</ele>
<time>2026-07-25T17:50:23.000Z</time>
</trkpt>
<trkpt lat="46.3247898" lon="13.6985221">
<ele>749.32</ele>
<time>2026-07-25T17:50:33.000Z</time>
</trkpt>
<trkpt lat="46.3245879" lon="13.6985398">
<ele>745.11</ele>
<time>2026-07-25T17:50:42.000Z</time>
</trkpt>
<trkpt lat="46.3244025" lon="13.6986535">
<ele>743.25</ele>
<time>2026-07-25T17:50:51.000Z</time>
</trkpt>
<trkpt lat="46.3243336" lon="13.6983988">
<ele>741.44</ele>
<time>2026-07-25T17:51:08.000Z</time>
</trkpt>
<trkpt lat="46.3244326" lon="13.6981465">
<ele>738.33</ele>
<time>2026-07-25T17:51:18.000Z</time>
</trkpt>
<trkpt lat="46.3244009" lon="13.6978874">
<ele>730.26</ele>
<time>2026-07-25T17:51:27.000Z</time>
</trkpt>
<trkpt lat="46.3243493" lon="13.6976025">
<ele>732.43</ele>
<time>2026-07-25T17:51:36.000Z</time>
</trkpt>
<trkpt lat="46.3242625" lon="13.6973483">
<ele>732.49</ele>
<time>2026-07-25T17:51:44.000Z</time>
</trkpt>
<trkpt lat="46.3242210" lon="13.6970912">
<ele>733.69</ele>
<time>2026-07-25T17:51:52.000Z</time>
</trkpt>
<trkpt lat="46.3242720" lon="13.6968249">
<ele>733.60</ele>
<time>2026-07-25T17:52:02.000Z</time>
</trkpt>
<trkpt lat="46.3244119" lon="13.6966048">
<ele>729.21</ele>
<time>2026-07-25T17:52:11.000Z</time>
</trkpt>
<trkpt lat="46.3245686" lon="13.6964350">
<ele>730.31</ele>
<time>2026-07-25T17:52:20.000Z</time>
</trkpt>
<trkpt lat="46.3246914" lon="13.6962282">
<ele>728.13</ele>
<time>2026-07-25T17:52:30.000Z</time>
</trkpt>
<trkpt lat="46.3248401" lon="13.6960513">
<ele>724.42</ele>
<time>2026-07-25T17:52:40.000Z</time>
</trkpt>
<trkpt lat="46.3249891" lon="13.6959044">
<ele>719.89</ele>
<time>2026-07-25T17:52:51.000Z</time>
</trkpt>
<trkpt lat="46.3251282" lon="13.6957291">
<ele>718.24</ele>
<time>2026-07-25T17:53:01.000Z</time>
</trkpt>
<trkpt lat="46.3252595" lon="13.6955303">
<ele>716.12</ele>
<time>2026-07-25T17:53:13.000Z</time>
</trkpt>
<trkpt lat="46.3253212" lon="13.6952767">
<ele>709.83</ele>
<time>2026-07-25T17:53:22.000Z</time>
</trkpt>
<trkpt lat="46.3254215" lon="13.6950543">
<ele>703.60</ele>
<time>2026-07-25T17:53:32.000Z</time>
</trkpt>
<trkpt lat="46.3254628" lon="13.6947957">
<ele>707.79</ele>
<time>2026-07-25T17:53:41.000Z</time>
</trkpt>
<trkpt lat="46.3256100" lon="13.6945767">
<ele>708.81</ele>
<time>2026-07-25T17:53:48.000Z</time>
</trkpt>
<trkpt lat="46.3256283" lon="13.6943057">
<ele>700.78</ele>
<time>2026-07-25T17:53:57.000Z</time>
</trkpt>
<trkpt lat="46.3255286" lon="13.6940639">
<ele>694.64</ele>
<time>2026-07-25T17:54:06.000Z</time>
</trkpt>
<trkpt lat="46.3253930" lon="13.6938631">
<ele>691.14</ele>
<time>2026-07-25T17:54:14.000Z</time>
</trkpt>
<trkpt lat="46.3252894" lon="13.6936421">
<ele>690.37</ele>
<time>2026-07-25T17:54:22.000Z</time>
</trkpt>
<trkpt lat="46.3254050" lon="13.6934290">
<ele>693.99</ele>
<time>2026-07-25T17:54:37.000Z</time>
</trkpt>
<trkpt lat="46.3255608" lon="13.6932753">
<ele>690.44</ele>
<time>2026-07-25T17:54:48.000Z</time>
</trkpt>
<trkpt lat="46.3257498" lon="13.6932155">
<ele>688.89</ele>
<time>2026-07-25T17:54:59.000Z</time>
</trkpt>
<trkpt lat="46.3259423" lon="13.6931960">
<ele>683.68</ele>
<time>2026-07-25T17:55:08.000Z</time>
</trkpt>
<trkpt lat="46.3261328" lon="13.6931243">
<ele>684.49</ele>
<time>2026-07-25T17:55:17.000Z</time>
</trkpt>
<trkpt lat="46.3263124" lon="13.6929830">
<ele>675.18</ele>
<time>2026-07-25T17:55:30.000Z</time>
</trkpt>
<trkpt lat="46.3264904" lon="13.6928478">
<ele>673.81</ele>
<time>2026-07-25T17:55:38.000Z</time>
</trkpt>
<trkpt lat="46.3266606" lon="13.6927371">
<ele>674.74</ele>
<time>2026-07-25T17:55:42.000Z</time>
</trkpt>
<trkpt lat="46.3268308" lon="13.6926159">
<ele>674.33</ele>
<time>2026-07-25T17:55:46.000Z</time>
</trkpt>
<trkpt lat="46.3269984" lon="13.6925004">
<ele>673.09</ele>
<time>2026-07-25T17:55:50.000Z</time>
</trkpt>
<trkpt lat="46.3271841" lon="13.6923912">
<ele>671.71</ele>
<time>2026-07-25T17:55:56.000Z</time>
</trkpt>
<trkpt lat="46.3273434" lon="13.6921722">
<ele>666.43</ele>
<time>2026-07-25T17:56:01.000Z</time>
</trkpt>
<trkpt lat="46.3274771" lon="13.6919728">
<ele>667.25</ele>
<time>2026-07-25T17:56:05.000Z</time>
</trkpt>
<trkpt lat="46.3276504" lon="13.6918322">
<ele>666.23</ele>
<time>2026-07-25T17:56:14.000Z</time>
</trkpt>
<trkpt lat="46.3278267" lon="13.6917167">
<ele>665.38</ele>
<time>2026-07-25T17:56:24.000Z</time>
</trkpt>
<trkpt lat="46.3280100" lon="13.6916283">
<ele>661.69</ele>
<time>2026-07-25T17:56:30.000Z</time>
</trkpt>
<trkpt lat="46.3281819" lon="13.6915413">
<ele>657.57</ele>
<time>2026-07-25T17:56:35.000Z</time>
</trkpt>
<trkpt lat="46.3283568" lon="13.6914762">
<ele>654.48</ele>
<time>2026-07-25T17:56:40.000Z</time>
</trkpt>
<trkpt lat="46.3285351" lon="13.6914040">
<ele>654.20</ele>
<time>2026-07-25T17:56:45.000Z</time>
</trkpt>
<trkpt lat="46.3287183" lon="13.6913025">
<ele>652.90</ele>
<time>2026-07-25T17:56:52.000Z</time>
</trkpt>
<trkpt lat="46.3289132" lon="13.6912214">
<ele>647.36</ele>
<time>2026-07-25T17:57:03.000Z</time>
</trkpt>
<trkpt lat="46.3291010" lon="13.6911622">
<ele>644.63</ele>
<time>2026-07-25T17:57:15.000Z</time>
</trkpt>
<trkpt lat="46.3292888" lon="13.6911207">
<ele>641.10</ele>
<time>2026-07-25T17:57:24.000Z</time>
</trkpt>
<trkpt lat="46.3294676" lon="13.6910774">
<ele>641.38</ele>
<time>2026-07-25T17:57:32.000Z</time>
</trkpt>
<trkpt lat="46.3296592" lon="13.6910799">
<ele>640.19</ele>
<time>2026-07-25T17:57:45.000Z</time>
</trkpt>
<trkpt lat="46.3298358" lon="13.6911543">
<ele>645.06</ele>
<time>2026-07-25T17:57:56.000Z</time>
</trkpt>
<trkpt lat="46.3300105" lon="13.6912844">
<ele>639.49</ele>
<time>2026-07-25T17:58:08.000Z</time>
</trkpt>
<trkpt lat="46.3301782" lon="13.6913932">
<ele>636.55</ele>
<time>2026-07-25T17:58:20.000Z</time>
</trkpt>
<trkpt lat="46.3303477" lon="13.6914986">
<ele>634.70</ele>
<time>2026-07-25T17:58:32.000Z</time>
</trkpt>
<trkpt lat="46.3305230" lon="13.6916002">
<ele>635.31</ele>
<time>2026-07-25T17:58:44.000Z</time>
</trkpt>
<trkpt lat="46.3307135" lon="13.6916338">
<ele>634.73</ele>
<time>2026-07-25T17:58:56.000Z</time>
</trkpt>
<trkpt lat="46.3308873" lon="13.6915429">
<ele>633.59</ele>
<time>2026-07-25T17:59:08.000Z</time>
</trkpt>
<trkpt lat="46.3310285" lon="13.6913582">
<ele>629.68</ele>
<time>2026-07-25T17:59:31.000Z</time>
</trkpt>
<trkpt lat="46.3311572" lon="13.6911398">
<ele>628.18</ele>
<time>2026-07-25T17:59:43.000Z</time>
</trkpt>
<trkpt lat="46.3312892" lon="13.6909546">
<ele>628.33</ele>
<time>2026-07-25T17:59:55.000Z</time>
</trkpt>
<trkpt lat="46.3314236" lon="13.6907582">
<ele>622.45</ele>
<time>2026-07-25T18:00:13.000Z</time>
</trkpt>
<trkpt lat="46.3315626" lon="13.6905608">
<ele>623.22</ele>
<time>2026-07-25T18:00:22.000Z</time>
</trkpt>
<trkpt lat="46.3316888" lon="13.6903587">
<ele>621.64</ele>
<time>2026-07-25T18:00:30.000Z</time>
</trkpt>
<trkpt lat="46.3318278" lon="13.6901865">
<ele>624.05</ele>
<time>2026-07-25T18:00:41.000Z</time>
</trkpt>
<trkpt lat="46.3319627" lon="13.6900019">
<ele>624.31</ele>
<time>2026-07-25T18:00:52.000Z</time>
</trkpt>
<trkpt lat="46.3320814" lon="13.6898059">
<ele>619.62</ele>
<time>2026-07-25T18:01:02.000Z</time>
</trkpt>
<extensions>
<om:oruxmapsextensions>
<om:ext type="NAME" subtype="0"><![CDATA[Segment: 1]]></om:ext>
</om:oruxmapsextensions>
</extensions>
</trkseg>
</trk>
</gpx>
