<?xml version="1.0" encoding="UTF-8" standalone="no" ?>
<gpx xmlns="http://www.topografix.com/GPX/1/1" creator="OruxMaps v.10.7.4 GP" version="1.1" xmlns:gpxtpx="http://www.garmin.com/xmlschemas/TrackPointExtension/v2" xmlns:xsi="http://www.w3.org/2001/XMLSchema-instance" xmlns:om="http://www.oruxmaps.com/oruxmapsextensions/1/0" xsi:schemaLocation="http://www.topografix.com/GPX/1/1 http://www.topografix.com/GPX/1/1/gpx.xsd">
<!-- owner: e57cf051988575 -->
<metadata>
<name><![CDATA[2026-06-20 05:06:30 Vernar, Tosc, Teme, Veliki Pršivec]]></name>
<link href="https://www.oruxmaps.com">
<text>OruxMaps GP</text>
</link>
<time>2026-06-20T03:06:30.327Z</time><bounds maxlat="46.3911990" maxlon="13.9158152" minlat="46.3463031" minlon="13.8557155"/>
</metadata>
<wpt lat="46.3911066" lon="13.9156774">
<ele>919.70</ele>
<time>2026-06-20T03:06:31.015Z</time>
<name><![CDATA[]]></name>
<sym>Waypoint</sym>
<type>Starting Point</type>
<extensions>
<om:oruxmapsextensions>
<om:ext type="ICON" subtype="0">38</om:ext>
</om:oruxmapsextensions>
</extensions>
</wpt>
<wpt lat="46.3910886" lon="13.9158152">
<ele>922.27</ele>
<time>2026-06-20T11:45:52.462Z</time>
<name><![CDATA[]]></name>
<desc><![CDATA[<p><br /><h3>Name: Segment: 1</h3><br />Type: Hiking<br/>Start time: 05:06 20 Jun 2026<br/>Finish time: 13:45 20 Jun 2026<br/>Distance: 26.7km (08:39)<br/>Moving time: 07:07<br/>Average speed: 3.08 km/h<br/>Speed in Movement: 3.74 km/h<br/>Maximum Speed: 10.63 km/h<br/>Minimum altitude: 913 m<br/>Maximum altitude: 2275 m<br/>Ascent speed: 699.4 m/h<br/>Descent speed: 605.1 m/h<br/>Elevation gain: 2281 m<br/>Elevation loss: 2276 m<br/>Ascent time: 03:15<br/>Descent time: 03:45<br/></p>]]></desc>
<sym>Waypoint</sym>
<type>Finishing Point</type>
<extensions>
<om:oruxmapsextensions>
<om:ext type="ICON" subtype="0">15</om:ext>
</om:oruxmapsextensions>
</extensions>
</wpt>
<trk>
<name><![CDATA[2026-06-20 05:06:30 Vernar, Tosc, Teme, Veliki Pršivec]]></name>
<desc><![CDATA[<p>Type: Hiking<br/>Start time: 05:06 20 Jun 2026<br/>Finish time: 13:45 20 Jun 2026<br/>Distance: 26.7 km (08:39)<br/>Moving time: 07:07<br/>Average speed: 3.08 km/h<br/>Speed in Movement: 3.74 km/h<br/>Maximum Speed: 10.63 km/h<br/>Minimum altitude: 913 m<br/>Maximum altitude: 2275 m<br/>Ascent speed: 699.4 m/h<br/>Descent speed: 605.1 m/h<br/>Elevation gain: 2281 m<br/>Elevation loss: 2276 m<br/>Ascent time: 03:15<br/>Descent time: 03:45<br/></p><hr align="center" width="480" style="height: 2px; width: 517px"/>]]></desc>
<type>Hiking</type>
<extensions>
<om:oruxmapsextensions>
<om:ext type="TYPE" subtype="0">5</om:ext>
<om:ext type="DIFFICULTY">0</om:ext>
</om:oruxmapsextensions>
</extensions>
<trkseg>
<trkpt lat="46.3911066" lon="13.9156774">
<ele>919.70</ele>
<time>2026-06-20T03:06:29.967Z</time>
</trkpt>
<trkpt lat="46.3911990" lon="13.9154391">
<ele>913.37</ele>
<time>2026-06-20T03:07:00.000Z</time>
</trkpt>
<trkpt lat="46.3911249" lon="13.9151898">
<ele>913.48</ele>
<time>2026-06-20T03:07:13.000Z</time>
</trkpt>
<trkpt lat="46.3909850" lon="13.9150040">
<ele>914.57</ele>
<time>2026-06-20T03:07:24.000Z</time>
</trkpt>
<trkpt lat="46.3908312" lon="13.9148603">
<ele>913.04</ele>
<time>2026-06-20T03:07:34.000Z</time>
</trkpt>
<trkpt lat="46.3907065" lon="13.9146623">
<ele>915.29</ele>
<time>2026-06-20T03:07:47.000Z</time>
</trkpt>
<trkpt lat="46.3905733" lon="13.9144676">
<ele>915.29</ele>
<time>2026-06-20T03:07:57.000Z</time>
</trkpt>
<trkpt lat="46.3904281" lon="13.9142974">
<ele>912.51</ele>
<time>2026-06-20T03:08:07.000Z</time>
</trkpt>
<trkpt lat="46.3902718" lon="13.9141464">
<ele>924.20</ele>
<time>2026-06-20T03:08:18.000Z</time>
</trkpt>
<trkpt lat="46.3900977" lon="13.9140254">
<ele>924.09</ele>
<time>2026-06-20T03:08:32.000Z</time>
</trkpt>
<trkpt lat="46.3899211" lon="13.9139571">
<ele>918.83</ele>
<time>2026-06-20T03:08:52.000Z</time>
</trkpt>
<trkpt lat="46.3897522" lon="13.9138418">
<ele>918.47</ele>
<time>2026-06-20T03:09:03.000Z</time>
</trkpt>
<trkpt lat="46.3896183" lon="13.9136591">
<ele>921.06</ele>
<time>2026-06-20T03:09:17.000Z</time>
</trkpt>
<trkpt lat="46.3894566" lon="13.9134946">
<ele>921.45</ele>
<time>2026-06-20T03:09:27.000Z</time>
</trkpt>
<trkpt lat="46.3892963" lon="13.9133425">
<ele>921.04</ele>
<time>2026-06-20T03:09:38.000Z</time>
</trkpt>
<trkpt lat="46.3891410" lon="13.9131737">
<ele>922.55</ele>
<time>2026-06-20T03:09:52.000Z</time>
</trkpt>
<trkpt lat="46.3890136" lon="13.9129891">
<ele>925.47</ele>
<time>2026-06-20T03:10:02.000Z</time>
</trkpt>
<trkpt lat="46.3889508" lon="13.9127424">
<ele>927.42</ele>
<time>2026-06-20T03:10:11.000Z</time>
</trkpt>
<trkpt lat="46.3889707" lon="13.9124634">
<ele>932.64</ele>
<time>2026-06-20T03:10:23.000Z</time>
</trkpt>
<trkpt lat="46.3888685" lon="13.9122350">
<ele>931.15</ele>
<time>2026-06-20T03:10:33.000Z</time>
</trkpt>
<trkpt lat="46.3887705" lon="13.9120078">
<ele>932.51</ele>
<time>2026-06-20T03:10:45.000Z</time>
</trkpt>
<trkpt lat="46.3886599" lon="13.9117978">
<ele>940.27</ele>
<time>2026-06-20T03:10:57.000Z</time>
</trkpt>
<trkpt lat="46.3885575" lon="13.9115783">
<ele>938.16</ele>
<time>2026-06-20T03:11:07.000Z</time>
</trkpt>
<trkpt lat="46.3884203" lon="13.9113841">
<ele>940.52</ele>
<time>2026-06-20T03:11:18.000Z</time>
</trkpt>
<trkpt lat="46.3882824" lon="13.9111842">
<ele>938.95</ele>
<time>2026-06-20T03:11:27.000Z</time>
</trkpt>
<trkpt lat="46.3882141" lon="13.9109169">
<ele>940.99</ele>
<time>2026-06-20T03:11:40.000Z</time>
</trkpt>
<trkpt lat="46.3881736" lon="13.9106467">
<ele>940.95</ele>
<time>2026-06-20T03:11:53.000Z</time>
</trkpt>
<trkpt lat="46.3880878" lon="13.9103867">
<ele>945.79</ele>
<time>2026-06-20T03:12:03.000Z</time>
</trkpt>
<trkpt lat="46.3880206" lon="13.9101195">
<ele>946.15</ele>
<time>2026-06-20T03:12:14.000Z</time>
</trkpt>
<trkpt lat="46.3879900" lon="13.9098406">
<ele>948.75</ele>
<time>2026-06-20T03:12:24.000Z</time>
</trkpt>
<trkpt lat="46.3879098" lon="13.9096001">
<ele>948.79</ele>
<time>2026-06-20T03:12:35.000Z</time>
</trkpt>
<trkpt lat="46.3877966" lon="13.9093670">
<ele>947.08</ele>
<time>2026-06-20T03:12:46.000Z</time>
</trkpt>
<trkpt lat="46.3876405" lon="13.9091972">
<ele>946.62</ele>
<time>2026-06-20T03:12:56.000Z</time>
</trkpt>
<trkpt lat="46.3875096" lon="13.9090053">
<ele>947.31</ele>
<time>2026-06-20T03:13:06.000Z</time>
</trkpt>
<trkpt lat="46.3873605" lon="13.9088399">
<ele>940.87</ele>
<time>2026-06-20T03:13:17.000Z</time>
</trkpt>
<trkpt lat="46.3872003" lon="13.9086964">
<ele>941.07</ele>
<time>2026-06-20T03:13:27.000Z</time>
</trkpt>
<trkpt lat="46.3870541" lon="13.9085142">
<ele>944.01</ele>
<time>2026-06-20T03:13:37.000Z</time>
</trkpt>
<trkpt lat="46.3869781" lon="13.9082548">
<ele>945.49</ele>
<time>2026-06-20T03:13:49.000Z</time>
</trkpt>
<trkpt lat="46.3868352" lon="13.9080797">
<ele>945.94</ele>
<time>2026-06-20T03:14:03.000Z</time>
</trkpt>
<trkpt lat="46.3866762" lon="13.9079570">
<ele>944.75</ele>
<time>2026-06-20T03:14:14.000Z</time>
</trkpt>
<trkpt lat="46.3865388" lon="13.9077501">
<ele>945.00</ele>
<time>2026-06-20T03:14:25.000Z</time>
</trkpt>
<trkpt lat="46.3863450" lon="13.9076792">
<ele>943.52</ele>
<time>2026-06-20T03:14:49.000Z</time>
</trkpt>
<trkpt lat="46.3861888" lon="13.9075240">
<ele>943.34</ele>
<time>2026-06-20T03:14:59.000Z</time>
</trkpt>
<trkpt lat="46.3859977" lon="13.9074266">
<ele>946.82</ele>
<time>2026-06-20T03:15:11.000Z</time>
</trkpt>
<trkpt lat="46.3858206" lon="13.9073072">
<ele>950.23</ele>
<time>2026-06-20T03:15:23.000Z</time>
</trkpt>
<trkpt lat="46.3856578" lon="13.9071922">
<ele>955.10</ele>
<time>2026-06-20T03:15:31.000Z</time>
</trkpt>
<trkpt lat="46.3854662" lon="13.9071969">
<ele>957.36</ele>
<time>2026-06-20T03:15:41.000Z</time>
</trkpt>
<trkpt lat="46.3852730" lon="13.9072239">
<ele>953.28</ele>
<time>2026-06-20T03:15:59.000Z</time>
</trkpt>
<trkpt lat="46.3851040" lon="13.9071336">
<ele>953.31</ele>
<time>2026-06-20T03:16:09.000Z</time>
</trkpt>
<trkpt lat="46.3849256" lon="13.9071731">
<ele>957.79</ele>
<time>2026-06-20T03:16:21.000Z</time>
</trkpt>
<trkpt lat="46.3847365" lon="13.9072052">
<ele>954.95</ele>
<time>2026-06-20T03:16:35.000Z</time>
</trkpt>
<trkpt lat="46.3845767" lon="13.9070765">
<ele>955.65</ele>
<time>2026-06-20T03:16:45.000Z</time>
</trkpt>
<trkpt lat="46.3844234" lon="13.9069023">
<ele>951.23</ele>
<time>2026-06-20T03:16:55.000Z</time>
</trkpt>
<trkpt lat="46.3842781" lon="13.9067464">
<ele>957.54</ele>
<time>2026-06-20T03:17:07.000Z</time>
</trkpt>
<trkpt lat="46.3841396" lon="13.9065650">
<ele>958.15</ele>
<time>2026-06-20T03:17:18.000Z</time>
</trkpt>
<trkpt lat="46.3839901" lon="13.9064008">
<ele>956.90</ele>
<time>2026-06-20T03:17:28.000Z</time>
</trkpt>
<trkpt lat="46.3838671" lon="13.9061660">
<ele>957.75</ele>
<time>2026-06-20T03:17:35.000Z</time>
</trkpt>
<trkpt lat="46.3836790" lon="13.9061054">
<ele>959.11</ele>
<time>2026-06-20T03:17:50.000Z</time>
</trkpt>
<trkpt lat="46.3835283" lon="13.9059471">
<ele>961.81</ele>
<time>2026-06-20T03:18:04.000Z</time>
</trkpt>
<trkpt lat="46.3834328" lon="13.9056991">
<ele>961.91</ele>
<time>2026-06-20T03:18:16.000Z</time>
</trkpt>
<trkpt lat="46.3832890" lon="13.9055057">
<ele>959.53</ele>
<time>2026-06-20T03:18:27.000Z</time>
</trkpt>
<trkpt lat="46.3831145" lon="13.9054380">
<ele>963.07</ele>
<time>2026-06-20T03:18:40.000Z</time>
</trkpt>
<trkpt lat="46.3829285" lon="13.9053857">
<ele>960.04</ele>
<time>2026-06-20T03:18:51.000Z</time>
</trkpt>
<trkpt lat="46.3827979" lon="13.9051998">
<ele>957.81</ele>
<time>2026-06-20T03:19:01.000Z</time>
</trkpt>
<trkpt lat="46.3827716" lon="13.9049407">
<ele>958.80</ele>
<time>2026-06-20T03:19:16.000Z</time>
</trkpt>
<trkpt lat="46.3826585" lon="13.9047239">
<ele>959.68</ele>
<time>2026-06-20T03:19:26.000Z</time>
</trkpt>
<trkpt lat="46.3825668" lon="13.9044662">
<ele>962.31</ele>
<time>2026-06-20T03:19:39.000Z</time>
</trkpt>
<trkpt lat="46.3824522" lon="13.9042482">
<ele>962.91</ele>
<time>2026-06-20T03:19:48.000Z</time>
</trkpt>
<trkpt lat="46.3823286" lon="13.9040422">
<ele>964.62</ele>
<time>2026-06-20T03:20:05.000Z</time>
</trkpt>
<trkpt lat="46.3822198" lon="13.9038064">
<ele>963.32</ele>
<time>2026-06-20T03:20:16.000Z</time>
</trkpt>
<trkpt lat="46.3821587" lon="13.9035529">
<ele>965.44</ele>
<time>2026-06-20T03:20:28.000Z</time>
</trkpt>
<trkpt lat="46.3820385" lon="13.9033390">
<ele>963.08</ele>
<time>2026-06-20T03:20:40.000Z</time>
</trkpt>
<trkpt lat="46.3819046" lon="13.9031195">
<ele>967.04</ele>
<time>2026-06-20T03:20:51.000Z</time>
</trkpt>
<trkpt lat="46.3818492" lon="13.9028508">
<ele>969.79</ele>
<time>2026-06-20T03:21:04.000Z</time>
</trkpt>
<trkpt lat="46.3817774" lon="13.9025990">
<ele>969.98</ele>
<time>2026-06-20T03:21:13.000Z</time>
</trkpt>
<trkpt lat="46.3816414" lon="13.9024092">
<ele>969.97</ele>
<time>2026-06-20T03:21:23.000Z</time>
</trkpt>
<trkpt lat="46.3814513" lon="13.9023649">
<ele>968.43</ele>
<time>2026-06-20T03:21:35.000Z</time>
</trkpt>
<trkpt lat="46.3813383" lon="13.9021423">
<ele>969.91</ele>
<time>2026-06-20T03:21:47.000Z</time>
</trkpt>
<trkpt lat="46.3812312" lon="13.9019203">
<ele>971.14</ele>
<time>2026-06-20T03:21:56.000Z</time>
</trkpt>
<trkpt lat="46.3810961" lon="13.9017363">
<ele>974.80</ele>
<time>2026-06-20T03:22:05.000Z</time>
</trkpt>
<trkpt lat="46.3810554" lon="13.9014770">
<ele>970.58</ele>
<time>2026-06-20T03:22:18.000Z</time>
</trkpt>
<trkpt lat="46.3809013" lon="13.9012943">
<ele>969.85</ele>
<time>2026-06-20T03:22:25.000Z</time>
</trkpt>
<trkpt lat="46.3807353" lon="13.9011859">
<ele>970.99</ele>
<time>2026-06-20T03:22:34.000Z</time>
</trkpt>
<trkpt lat="46.3805666" lon="13.9010902">
<ele>973.75</ele>
<time>2026-06-20T03:22:46.000Z</time>
</trkpt>
<trkpt lat="46.3803843" lon="13.9010769">
<ele>971.72</ele>
<time>2026-06-20T03:22:58.000Z</time>
</trkpt>
<trkpt lat="46.3802209" lon="13.9009258">
<ele>977.69</ele>
<time>2026-06-20T03:23:10.000Z</time>
</trkpt>
<trkpt lat="46.3800724" lon="13.9007523">
<ele>986.09</ele>
<time>2026-06-20T03:23:21.000Z</time>
</trkpt>
<trkpt lat="46.3799250" lon="13.9005999">
<ele>987.80</ele>
<time>2026-06-20T03:23:35.000Z</time>
</trkpt>
<trkpt lat="46.3797757" lon="13.9004452">
<ele>990.04</ele>
<time>2026-06-20T03:23:46.000Z</time>
</trkpt>
<trkpt lat="46.3796309" lon="13.9002443">
<ele>992.25</ele>
<time>2026-06-20T03:23:56.000Z</time>
</trkpt>
<trkpt lat="46.3794604" lon="13.9001346">
<ele>992.84</ele>
<time>2026-06-20T03:24:10.000Z</time>
</trkpt>
<trkpt lat="46.3793115" lon="13.8999620">
<ele>998.65</ele>
<time>2026-06-20T03:24:20.000Z</time>
</trkpt>
<trkpt lat="46.3791611" lon="13.8997904">
<ele>992.01</ele>
<time>2026-06-20T03:24:33.000Z</time>
</trkpt>
<trkpt lat="46.3790131" lon="13.8996185">
<ele>994.25</ele>
<time>2026-06-20T03:25:12.000Z</time>
</trkpt>
<trkpt lat="46.3788292" lon="13.8995120">
<ele>998.24</ele>
<time>2026-06-20T03:25:21.000Z</time>
</trkpt>
<trkpt lat="46.3786702" lon="13.8993889">
<ele>998.48</ele>
<time>2026-06-20T03:25:33.000Z</time>
</trkpt>
<trkpt lat="46.3785008" lon="13.8992774">
<ele>1000.43</ele>
<time>2026-06-20T03:25:43.000Z</time>
</trkpt>
<trkpt lat="46.3783094" lon="13.8992151">
<ele>1005.43</ele>
<time>2026-06-20T03:25:57.000Z</time>
</trkpt>
<trkpt lat="46.3781188" lon="13.8991399">
<ele>1001.91</ele>
<time>2026-06-20T03:26:08.000Z</time>
</trkpt>
<trkpt lat="46.3779565" lon="13.8990140">
<ele>1000.28</ele>
<time>2026-06-20T03:26:18.000Z</time>
</trkpt>
<trkpt lat="46.3777729" lon="13.8989092">
<ele>997.47</ele>
<time>2026-06-20T03:26:29.000Z</time>
</trkpt>
<trkpt lat="46.3776685" lon="13.8986700">
<ele>993.77</ele>
<time>2026-06-20T03:26:39.000Z</time>
</trkpt>
<trkpt lat="46.3775444" lon="13.8984799">
<ele>997.71</ele>
<time>2026-06-20T03:26:50.000Z</time>
</trkpt>
<trkpt lat="46.3773573" lon="13.8984061">
<ele>994.70</ele>
<time>2026-06-20T03:27:00.000Z</time>
</trkpt>
<trkpt lat="46.3772580" lon="13.8981880">
<ele>998.79</ele>
<time>2026-06-20T03:27:15.000Z</time>
</trkpt>
<trkpt lat="46.3771459" lon="13.8979670">
<ele>1004.09</ele>
<time>2026-06-20T03:27:28.000Z</time>
</trkpt>
<trkpt lat="46.3770555" lon="13.8977232">
<ele>998.12</ele>
<time>2026-06-20T03:27:40.000Z</time>
</trkpt>
<trkpt lat="46.3769397" lon="13.8974974">
<ele>998.65</ele>
<time>2026-06-20T03:27:53.000Z</time>
</trkpt>
<trkpt lat="46.3768220" lon="13.8972672">
<ele>1003.25</ele>
<time>2026-06-20T03:28:08.000Z</time>
</trkpt>
<trkpt lat="46.3766959" lon="13.8970645">
<ele>1006.71</ele>
<time>2026-06-20T03:28:20.000Z</time>
</trkpt>
<trkpt lat="46.3766369" lon="13.8968060">
<ele>1005.51</ele>
<time>2026-06-20T03:28:31.000Z</time>
</trkpt>
<trkpt lat="46.3765500" lon="13.8965642">
<ele>1009.73</ele>
<time>2026-06-20T03:28:42.000Z</time>
</trkpt>
<trkpt lat="46.3763722" lon="13.8964980">
<ele>1015.20</ele>
<time>2026-06-20T03:29:02.000Z</time>
</trkpt>
<trkpt lat="46.3762222" lon="13.8963370">
<ele>1014.39</ele>
<time>2026-06-20T03:29:15.000Z</time>
</trkpt>
<trkpt lat="46.3760393" lon="13.8963366">
<ele>1013.43</ele>
<time>2026-06-20T03:29:27.000Z</time>
</trkpt>
<trkpt lat="46.3758522" lon="13.8962868">
<ele>1011.49</ele>
<time>2026-06-20T03:29:43.000Z</time>
</trkpt>
<trkpt lat="46.3757007" lon="13.8961167">
<ele>1016.41</ele>
<time>2026-06-20T03:29:56.000Z</time>
</trkpt>
<trkpt lat="46.3755449" lon="13.8959835">
<ele>1018.37</ele>
<time>2026-06-20T03:30:05.000Z</time>
</trkpt>
<trkpt lat="46.3754060" lon="13.8957977">
<ele>1025.15</ele>
<time>2026-06-20T03:30:19.000Z</time>
</trkpt>
<trkpt lat="46.3752683" lon="13.8956070">
<ele>1033.29</ele>
<time>2026-06-20T03:30:33.000Z</time>
</trkpt>
<trkpt lat="46.3751885" lon="13.8953647">
<ele>1041.09</ele>
<time>2026-06-20T03:30:48.000Z</time>
</trkpt>
<trkpt lat="46.3750764" lon="13.8951348">
<ele>1044.83</ele>
<time>2026-06-20T03:31:06.000Z</time>
</trkpt>
<trkpt lat="46.3749887" lon="13.8948753">
<ele>1050.23</ele>
<time>2026-06-20T03:31:19.000Z</time>
</trkpt>
<trkpt lat="46.3748510" lon="13.8947045">
<ele>1052.87</ele>
<time>2026-06-20T03:31:32.000Z</time>
</trkpt>
<trkpt lat="46.3747253" lon="13.8945114">
<ele>1061.47</ele>
<time>2026-06-20T03:31:52.000Z</time>
</trkpt>
<trkpt lat="46.3745798" lon="13.8943541">
<ele>1059.65</ele>
<time>2026-06-20T03:32:05.000Z</time>
</trkpt>
<trkpt lat="46.3744481" lon="13.8941628">
<ele>1064.97</ele>
<time>2026-06-20T03:32:19.000Z</time>
</trkpt>
<trkpt lat="46.3743799" lon="13.8939147">
<ele>1067.96</ele>
<time>2026-06-20T03:32:31.000Z</time>
</trkpt>
<trkpt lat="46.3742577" lon="13.8937060">
<ele>1069.34</ele>
<time>2026-06-20T03:32:44.000Z</time>
</trkpt>
<trkpt lat="46.3741308" lon="13.8935112">
<ele>1067.26</ele>
<time>2026-06-20T03:32:57.000Z</time>
</trkpt>
<trkpt lat="46.3739679" lon="13.8933841">
<ele>1068.30</ele>
<time>2026-06-20T03:33:12.000Z</time>
</trkpt>
<trkpt lat="46.3738253" lon="13.8932015">
<ele>1077.61</ele>
<time>2026-06-20T03:33:26.000Z</time>
</trkpt>
<trkpt lat="46.3738090" lon="13.8929248">
<ele>1083.14</ele>
<time>2026-06-20T03:33:40.000Z</time>
</trkpt>
<trkpt lat="46.3737856" lon="13.8926612">
<ele>1087.06</ele>
<time>2026-06-20T03:33:55.000Z</time>
</trkpt>
<trkpt lat="46.3737359" lon="13.8924041">
<ele>1091.32</ele>
<time>2026-06-20T03:34:10.000Z</time>
</trkpt>
<trkpt lat="46.3736339" lon="13.8921881">
<ele>1095.25</ele>
<time>2026-06-20T03:34:24.000Z</time>
</trkpt>
<trkpt lat="46.3735653" lon="13.8919341">
<ele>1105.16</ele>
<time>2026-06-20T03:34:45.000Z</time>
</trkpt>
<trkpt lat="46.3734556" lon="13.8917241">
<ele>1110.62</ele>
<time>2026-06-20T03:35:06.000Z</time>
</trkpt>
<trkpt lat="46.3733260" lon="13.8915417">
<ele>1114.15</ele>
<time>2026-06-20T03:35:22.000Z</time>
</trkpt>
<trkpt lat="46.3732609" lon="13.8912973">
<ele>1121.11</ele>
<time>2026-06-20T03:35:45.000Z</time>
</trkpt>
<trkpt lat="46.3731534" lon="13.8910828">
<ele>1125.59</ele>
<time>2026-06-20T03:36:06.000Z</time>
</trkpt>
<trkpt lat="46.3730460" lon="13.8908691">
<ele>1126.88</ele>
<time>2026-06-20T03:36:30.000Z</time>
</trkpt>
<trkpt lat="46.3728776" lon="13.8907768">
<ele>1133.89</ele>
<time>2026-06-20T03:36:49.000Z</time>
</trkpt>
<trkpt lat="46.3727900" lon="13.8905473">
<ele>1146.73</ele>
<time>2026-06-20T03:37:17.000Z</time>
</trkpt>
<trkpt lat="46.3726530" lon="13.8903689">
<ele>1154.09</ele>
<time>2026-06-20T03:37:52.000Z</time>
</trkpt>
<trkpt lat="46.3725393" lon="13.8901592">
<ele>1156.84</ele>
<time>2026-06-20T03:38:16.000Z</time>
</trkpt>
<trkpt lat="46.3723716" lon="13.8900384">
<ele>1166.46</ele>
<time>2026-06-20T03:38:41.000Z</time>
</trkpt>
<trkpt lat="46.3722190" lon="13.8898838">
<ele>1175.54</ele>
<time>2026-06-20T03:38:59.000Z</time>
</trkpt>
<trkpt lat="46.3720558" lon="13.8897432">
<ele>1182.02</ele>
<time>2026-06-20T03:39:17.000Z</time>
</trkpt>
<trkpt lat="46.3718701" lon="13.8897052">
<ele>1188.89</ele>
<time>2026-06-20T03:39:33.000Z</time>
</trkpt>
<trkpt lat="46.3716848" lon="13.8896979">
<ele>1194.86</ele>
<time>2026-06-20T03:39:47.000Z</time>
</trkpt>
<trkpt lat="46.3715024" lon="13.8896853">
<ele>1192.62</ele>
<time>2026-06-20T03:40:02.000Z</time>
</trkpt>
<trkpt lat="46.3713353" lon="13.8895517">
<ele>1196.45</ele>
<time>2026-06-20T03:40:14.000Z</time>
</trkpt>
<trkpt lat="46.3711434" lon="13.8895560">
<ele>1199.14</ele>
<time>2026-06-20T03:40:31.000Z</time>
</trkpt>
<trkpt lat="46.3709713" lon="13.8894465">
<ele>1199.49</ele>
<time>2026-06-20T03:40:48.000Z</time>
</trkpt>
<trkpt lat="46.3708424" lon="13.8892468">
<ele>1202.33</ele>
<time>2026-06-20T03:41:06.000Z</time>
</trkpt>
<trkpt lat="46.3707135" lon="13.8890514">
<ele>1208.75</ele>
<time>2026-06-20T03:41:25.000Z</time>
</trkpt>
<trkpt lat="46.3706531" lon="13.8887939">
<ele>1214.50</ele>
<time>2026-06-20T03:41:42.000Z</time>
</trkpt>
<trkpt lat="46.3705833" lon="13.8885369">
<ele>1218.73</ele>
<time>2026-06-20T03:42:00.000Z</time>
</trkpt>
<trkpt lat="46.3704329" lon="13.8883786">
<ele>1226.35</ele>
<time>2026-06-20T03:42:24.000Z</time>
</trkpt>
<trkpt lat="46.3702624" lon="13.8882931">
<ele>1225.43</ele>
<time>2026-06-20T03:42:37.000Z</time>
</trkpt>
<trkpt lat="46.3700843" lon="13.8882357">
<ele>1220.42</ele>
<time>2026-06-20T03:42:49.000Z</time>
</trkpt>
<trkpt lat="46.3699196" lon="13.8881299">
<ele>1224.99</ele>
<time>2026-06-20T03:43:06.000Z</time>
</trkpt>
<trkpt lat="46.3697361" lon="13.8881512">
<ele>1235.96</ele>
<time>2026-06-20T03:43:21.000Z</time>
</trkpt>
<trkpt lat="46.3696306" lon="13.8879265">
<ele>1244.27</ele>
<time>2026-06-20T03:43:43.000Z</time>
</trkpt>
<trkpt lat="46.3695343" lon="13.8876886">
<ele>1247.59</ele>
<time>2026-06-20T03:44:03.000Z</time>
</trkpt>
<trkpt lat="46.3694684" lon="13.8874357">
<ele>1250.43</ele>
<time>2026-06-20T03:44:17.000Z</time>
</trkpt>
<trkpt lat="46.3693606" lon="13.8872124">
<ele>1260.24</ele>
<time>2026-06-20T03:44:44.000Z</time>
</trkpt>
<trkpt lat="46.3691817" lon="13.8871352">
<ele>1266.31</ele>
<time>2026-06-20T03:45:02.000Z</time>
</trkpt>
<trkpt lat="46.3690717" lon="13.8869251">
<ele>1272.19</ele>
<time>2026-06-20T03:45:24.000Z</time>
</trkpt>
<trkpt lat="46.3689460" lon="13.8867272">
<ele>1277.42</ele>
<time>2026-06-20T03:45:52.000Z</time>
</trkpt>
<trkpt lat="46.3687772" lon="13.8866259">
<ele>1289.63</ele>
<time>2026-06-20T03:46:12.000Z</time>
</trkpt>
<trkpt lat="46.3686291" lon="13.8864651">
<ele>1291.72</ele>
<time>2026-06-20T03:46:32.000Z</time>
</trkpt>
<trkpt lat="46.3684898" lon="13.8862685">
<ele>1297.17</ele>
<time>2026-06-20T03:46:56.000Z</time>
</trkpt>
<trkpt lat="46.3684446" lon="13.8860150">
<ele>1299.21</ele>
<time>2026-06-20T03:47:11.000Z</time>
</trkpt>
<trkpt lat="46.3683179" lon="13.8858176">
<ele>1308.93</ele>
<time>2026-06-20T03:47:34.000Z</time>
</trkpt>
<trkpt lat="46.3681829" lon="13.8856336">
<ele>1313.91</ele>
<time>2026-06-20T03:47:57.000Z</time>
</trkpt>
<trkpt lat="46.3681640" lon="13.8853606">
<ele>1320.59</ele>
<time>2026-06-20T03:48:15.000Z</time>
</trkpt>
<trkpt lat="46.3680796" lon="13.8851283">
<ele>1328.69</ele>
<time>2026-06-20T03:48:41.000Z</time>
</trkpt>
<trkpt lat="46.3679385" lon="13.8849526">
<ele>1334.17</ele>
<time>2026-06-20T03:48:58.000Z</time>
</trkpt>
<trkpt lat="46.3677691" lon="13.8848259">
<ele>1342.97</ele>
<time>2026-06-20T03:49:24.000Z</time>
</trkpt>
<trkpt lat="46.3677021" lon="13.8845743">
<ele>1345.97</ele>
<time>2026-06-20T03:49:46.000Z</time>
</trkpt>
<trkpt lat="46.3676172" lon="13.8843342">
<ele>1360.40</ele>
<time>2026-06-20T03:50:27.000Z</time>
</trkpt>
<trkpt lat="46.3675952" lon="13.8840696">
<ele>1364.24</ele>
<time>2026-06-20T03:50:42.000Z</time>
</trkpt>
<trkpt lat="46.3674965" lon="13.8838466">
<ele>1368.54</ele>
<time>2026-06-20T03:51:01.000Z</time>
</trkpt>
<trkpt lat="46.3675130" lon="13.8835856">
<ele>1374.21</ele>
<time>2026-06-20T03:51:18.000Z</time>
</trkpt>
<trkpt lat="46.3675483" lon="13.8833233">
<ele>1380.56</ele>
<time>2026-06-20T03:51:44.000Z</time>
</trkpt>
<trkpt lat="46.3675508" lon="13.8830525">
<ele>1377.06</ele>
<time>2026-06-20T03:52:03.000Z</time>
</trkpt>
<trkpt lat="46.3675338" lon="13.8827894">
<ele>1375.29</ele>
<time>2026-06-20T03:52:15.000Z</time>
</trkpt>
<trkpt lat="46.3674872" lon="13.8825250">
<ele>1376.81</ele>
<time>2026-06-20T03:52:29.000Z</time>
</trkpt>
<trkpt lat="46.3674341" lon="13.8822702">
<ele>1388.09</ele>
<time>2026-06-20T03:52:42.000Z</time>
</trkpt>
<trkpt lat="46.3673851" lon="13.8820001">
<ele>1388.98</ele>
<time>2026-06-20T03:52:56.000Z</time>
</trkpt>
<trkpt lat="46.3673323" lon="13.8817234">
<ele>1389.36</ele>
<time>2026-06-20T03:53:10.000Z</time>
</trkpt>
<trkpt lat="46.3672468" lon="13.8814739">
<ele>1395.90</ele>
<time>2026-06-20T03:53:21.000Z</time>
</trkpt>
<trkpt lat="46.3671514" lon="13.8812354">
<ele>1401.53</ele>
<time>2026-06-20T03:53:37.000Z</time>
</trkpt>
<trkpt lat="46.3671130" lon="13.8809645">
<ele>1410.02</ele>
<time>2026-06-20T03:53:52.000Z</time>
</trkpt>
<trkpt lat="46.3670242" lon="13.8807344">
<ele>1414.36</ele>
<time>2026-06-20T03:54:14.000Z</time>
</trkpt>
<trkpt lat="46.3669200" lon="13.8805092">
<ele>1422.30</ele>
<time>2026-06-20T03:54:34.000Z</time>
</trkpt>
<trkpt lat="46.3669758" lon="13.8802514">
<ele>1426.91</ele>
<time>2026-06-20T03:54:51.000Z</time>
</trkpt>
<trkpt lat="46.3669060" lon="13.8799865">
<ele>1418.52</ele>
<time>2026-06-20T03:55:07.000Z</time>
</trkpt>
<trkpt lat="46.3667364" lon="13.8798648">
<ele>1421.11</ele>
<time>2026-06-20T03:55:17.000Z</time>
</trkpt>
<trkpt lat="46.3665898" lon="13.8796761">
<ele>1422.49</ele>
<time>2026-06-20T03:55:27.000Z</time>
</trkpt>
<trkpt lat="46.3664357" lon="13.8795305">
<ele>1420.22</ele>
<time>2026-06-20T03:55:39.000Z</time>
</trkpt>
<trkpt lat="46.3663682" lon="13.8792439">
<ele>1421.05</ele>
<time>2026-06-20T03:55:58.000Z</time>
</trkpt>
<trkpt lat="46.3663323" lon="13.8789430">
<ele>1421.48</ele>
<time>2026-06-20T03:56:03.000Z</time>
</trkpt>
<trkpt lat="46.3663020" lon="13.8786749">
<ele>1420.94</ele>
<time>2026-06-20T03:56:13.000Z</time>
</trkpt>
<trkpt lat="46.3662323" lon="13.8784188">
<ele>1418.39</ele>
<time>2026-06-20T03:56:25.000Z</time>
</trkpt>
<trkpt lat="46.3661420" lon="13.8781882">
<ele>1421.12</ele>
<time>2026-06-20T03:56:35.000Z</time>
</trkpt>
<trkpt lat="46.3660237" lon="13.8779882">
<ele>1428.02</ele>
<time>2026-06-20T03:56:52.000Z</time>
</trkpt>
<trkpt lat="46.3659978" lon="13.8777095">
<ele>1430.42</ele>
<time>2026-06-20T03:57:06.000Z</time>
</trkpt>
<trkpt lat="46.3659794" lon="13.8774277">
<ele>1434.72</ele>
<time>2026-06-20T03:57:20.000Z</time>
</trkpt>
<trkpt lat="46.3660674" lon="13.8771897">
<ele>1439.32</ele>
<time>2026-06-20T03:57:34.000Z</time>
</trkpt>
<trkpt lat="46.3659195" lon="13.8770231">
<ele>1447.90</ele>
<time>2026-06-20T03:57:50.000Z</time>
</trkpt>
<trkpt lat="46.3658458" lon="13.8767835">
<ele>1455.14</ele>
<time>2026-06-20T03:58:15.000Z</time>
</trkpt>
<trkpt lat="46.3658304" lon="13.8765165">
<ele>1457.63</ele>
<time>2026-06-20T03:58:39.000Z</time>
</trkpt>
<trkpt lat="46.3658422" lon="13.8762506">
<ele>1462.91</ele>
<time>2026-06-20T03:58:56.000Z</time>
</trkpt>
<trkpt lat="46.3657983" lon="13.8759657">
<ele>1471.98</ele>
<time>2026-06-20T03:59:13.000Z</time>
</trkpt>
<trkpt lat="46.3658555" lon="13.8757133">
<ele>1477.84</ele>
<time>2026-06-20T03:59:27.000Z</time>
</trkpt>
<trkpt lat="46.3657502" lon="13.8754893">
<ele>1485.24</ele>
<time>2026-06-20T03:59:47.000Z</time>
</trkpt>
<trkpt lat="46.3656554" lon="13.8752554">
<ele>1491.21</ele>
<time>2026-06-20T04:00:07.000Z</time>
</trkpt>
<trkpt lat="46.3656005" lon="13.8749902">
<ele>1496.63</ele>
<time>2026-06-20T04:00:29.000Z</time>
</trkpt>
<trkpt lat="46.3654505" lon="13.8748448">
<ele>1503.75</ele>
<time>2026-06-20T04:00:41.000Z</time>
</trkpt>
<trkpt lat="46.3653093" lon="13.8746667">
<ele>1510.01</ele>
<time>2026-06-20T04:01:00.000Z</time>
</trkpt>
<trkpt lat="46.3652684" lon="13.8744085">
<ele>1517.97</ele>
<time>2026-06-20T04:01:21.000Z</time>
</trkpt>
<trkpt lat="46.3653319" lon="13.8741486">
<ele>1522.93</ele>
<time>2026-06-20T04:01:39.000Z</time>
</trkpt>
<trkpt lat="46.3652756" lon="13.8739002">
<ele>1536.66</ele>
<time>2026-06-20T04:02:00.000Z</time>
</trkpt>
<trkpt lat="46.3653388" lon="13.8736526">
<ele>1539.77</ele>
<time>2026-06-20T04:02:16.000Z</time>
</trkpt>
<trkpt lat="46.3653172" lon="13.8733842">
<ele>1545.16</ele>
<time>2026-06-20T04:02:38.000Z</time>
</trkpt>
<trkpt lat="46.3653879" lon="13.8731416">
<ele>1559.03</ele>
<time>2026-06-20T04:02:56.000Z</time>
</trkpt>
<trkpt lat="46.3653215" lon="13.8728870">
<ele>1561.04</ele>
<time>2026-06-20T04:03:13.000Z</time>
</trkpt>
<trkpt lat="46.3651430" lon="13.8727900">
<ele>1558.67</ele>
<time>2026-06-20T04:03:24.000Z</time>
</trkpt>
<trkpt lat="46.3650896" lon="13.8725270">
<ele>1560.63</ele>
<time>2026-06-20T04:03:39.000Z</time>
</trkpt>
<trkpt lat="46.3651388" lon="13.8722697">
<ele>1557.09</ele>
<time>2026-06-20T04:03:48.000Z</time>
</trkpt>
<trkpt lat="46.3652788" lon="13.8720740">
<ele>1557.65</ele>
<time>2026-06-20T04:04:01.000Z</time>
</trkpt>
<trkpt lat="46.3653567" lon="13.8718280">
<ele>1560.46</ele>
<time>2026-06-20T04:04:21.000Z</time>
</trkpt>
<trkpt lat="46.3654090" lon="13.8715698">
<ele>1562.84</ele>
<time>2026-06-20T04:04:33.000Z</time>
</trkpt>
<trkpt lat="46.3654568" lon="13.8713118">
<ele>1560.24</ele>
<time>2026-06-20T04:04:44.000Z</time>
</trkpt>
<trkpt lat="46.3653505" lon="13.8710996">
<ele>1567.52</ele>
<time>2026-06-20T04:05:01.000Z</time>
</trkpt>
<trkpt lat="46.3651986" lon="13.8709525">
<ele>1572.22</ele>
<time>2026-06-20T04:05:20.000Z</time>
</trkpt>
<trkpt lat="46.3652017" lon="13.8706811">
<ele>1576.73</ele>
<time>2026-06-20T04:05:34.000Z</time>
</trkpt>
<trkpt lat="46.3651092" lon="13.8704504">
<ele>1587.26</ele>
<time>2026-06-20T04:05:54.000Z</time>
</trkpt>
<trkpt lat="46.3650958" lon="13.8701758">
<ele>1595.79</ele>
<time>2026-06-20T04:06:21.000Z</time>
</trkpt>
<trkpt lat="46.3649318" lon="13.8700342">
<ele>1603.03</ele>
<time>2026-06-20T04:06:53.000Z</time>
</trkpt>
<trkpt lat="46.3647472" lon="13.8700733">
<ele>1613.83</ele>
<time>2026-06-20T04:07:06.000Z</time>
</trkpt>
<trkpt lat="46.3645930" lon="13.8699387">
<ele>1625.16</ele>
<time>2026-06-20T04:07:28.000Z</time>
</trkpt>
<trkpt lat="46.3644426" lon="13.8697702">
<ele>1631.59</ele>
<time>2026-06-20T04:08:00.000Z</time>
</trkpt>
<trkpt lat="46.3642627" lon="13.8697379">
<ele>1640.26</ele>
<time>2026-06-20T04:08:33.000Z</time>
</trkpt>
<trkpt lat="46.3641912" lon="13.8694889">
<ele>1645.98</ele>
<time>2026-06-20T04:08:56.000Z</time>
</trkpt>
<trkpt lat="46.3640550" lon="13.8693040">
<ele>1654.98</ele>
<time>2026-06-20T04:09:18.000Z</time>
</trkpt>
<trkpt lat="46.3638913" lon="13.8691639">
<ele>1664.30</ele>
<time>2026-06-20T04:10:01.000Z</time>
</trkpt>
<trkpt lat="46.3637357" lon="13.8690174">
<ele>1673.35</ele>
<time>2026-06-20T04:10:16.000Z</time>
</trkpt>
<trkpt lat="46.3635523" lon="13.8690071">
<ele>1682.16</ele>
<time>2026-06-20T04:10:35.000Z</time>
</trkpt>
<trkpt lat="46.3633747" lon="13.8689400">
<ele>1690.77</ele>
<time>2026-06-20T04:11:11.000Z</time>
</trkpt>
<trkpt lat="46.3632012" lon="13.8688665">
<ele>1693.57</ele>
<time>2026-06-20T04:11:40.000Z</time>
</trkpt>
<trkpt lat="46.3630520" lon="13.8687073">
<ele>1697.29</ele>
<time>2026-06-20T04:12:13.000Z</time>
</trkpt>
<trkpt lat="46.3629463" lon="13.8684880">
<ele>1707.54</ele>
<time>2026-06-20T04:12:29.000Z</time>
</trkpt>
<trkpt lat="46.3628627" lon="13.8682470">
<ele>1718.27</ele>
<time>2026-06-20T04:12:51.000Z</time>
</trkpt>
<trkpt lat="46.3626903" lon="13.8681304">
<ele>1721.38</ele>
<time>2026-06-20T04:13:10.000Z</time>
</trkpt>
<trkpt lat="46.3625129" lon="13.8680790">
<ele>1726.92</ele>
<time>2026-06-20T04:13:35.000Z</time>
</trkpt>
<trkpt lat="46.3623718" lon="13.8679069">
<ele>1733.62</ele>
<time>2026-06-20T04:13:54.000Z</time>
</trkpt>
<trkpt lat="46.3622314" lon="13.8677411">
<ele>1742.60</ele>
<time>2026-06-20T04:14:16.000Z</time>
</trkpt>
<trkpt lat="46.3620771" lon="13.8676044">
<ele>1753.44</ele>
<time>2026-06-20T04:14:34.000Z</time>
</trkpt>
<trkpt lat="46.3619206" lon="13.8674497">
<ele>1759.10</ele>
<time>2026-06-20T04:15:09.000Z</time>
</trkpt>
<trkpt lat="46.3617461" lon="13.8673810">
<ele>1755.41</ele>
<time>2026-06-20T04:15:35.000Z</time>
</trkpt>
<trkpt lat="46.3615881" lon="13.8672411">
<ele>1767.38</ele>
<time>2026-06-20T04:15:56.000Z</time>
</trkpt>
<trkpt lat="46.3614868" lon="13.8670178">
<ele>1782.95</ele>
<time>2026-06-20T04:16:23.000Z</time>
</trkpt>
<trkpt lat="46.3614307" lon="13.8667586">
<ele>1791.67</ele>
<time>2026-06-20T04:16:49.000Z</time>
</trkpt>
<trkpt lat="46.3613473" lon="13.8665244">
<ele>1802.01</ele>
<time>2026-06-20T04:17:24.000Z</time>
</trkpt>
<trkpt lat="46.3613979" lon="13.8662695">
<ele>1806.46</ele>
<time>2026-06-20T04:17:54.000Z</time>
</trkpt>
<trkpt lat="46.3613463" lon="13.8660164">
<ele>1817.03</ele>
<time>2026-06-20T04:18:29.000Z</time>
</trkpt>
<trkpt lat="46.3614125" lon="13.8657734">
<ele>1829.02</ele>
<time>2026-06-20T04:19:18.000Z</time>
</trkpt>
<trkpt lat="46.3614695" lon="13.8655195">
<ele>1840.65</ele>
<time>2026-06-20T04:19:51.000Z</time>
</trkpt>
<trkpt lat="46.3614124" lon="13.8652668">
<ele>1855.54</ele>
<time>2026-06-20T04:20:43.000Z</time>
</trkpt>
<trkpt lat="46.3612523" lon="13.8651375">
<ele>1865.69</ele>
<time>2026-06-20T04:21:08.000Z</time>
</trkpt>
<trkpt lat="46.3610955" lon="13.8649907">
<ele>1860.09</ele>
<time>2026-06-20T04:21:48.000Z</time>
</trkpt>
<trkpt lat="46.3609135" lon="13.8649363">
<ele>1868.37</ele>
<time>2026-06-20T04:22:04.000Z</time>
</trkpt>
<trkpt lat="46.3607336" lon="13.8648913">
<ele>1879.76</ele>
<time>2026-06-20T04:22:26.000Z</time>
</trkpt>
<trkpt lat="46.3605663" lon="13.8647808">
<ele>1884.63</ele>
<time>2026-06-20T04:22:47.000Z</time>
</trkpt>
<trkpt lat="46.3604054" lon="13.8646604">
<ele>1881.18</ele>
<time>2026-06-20T04:23:03.000Z</time>
</trkpt>
<trkpt lat="46.3602261" lon="13.8646164">
<ele>1886.56</ele>
<time>2026-06-20T04:23:25.000Z</time>
</trkpt>
<trkpt lat="46.3600405" lon="13.8646658">
<ele>1893.76</ele>
<time>2026-06-20T04:23:44.000Z</time>
</trkpt>
<trkpt lat="46.3598751" lon="13.8645539">
<ele>1896.57</ele>
<time>2026-06-20T04:23:59.000Z</time>
</trkpt>
<trkpt lat="46.3596900" lon="13.8645281">
<ele>1901.26</ele>
<time>2026-06-20T04:24:12.000Z</time>
</trkpt>
<trkpt lat="46.3595154" lon="13.8644633">
<ele>1902.40</ele>
<time>2026-06-20T04:24:31.000Z</time>
</trkpt>
<trkpt lat="46.3593433" lon="13.8645680">
<ele>1912.63</ele>
<time>2026-06-20T04:24:47.000Z</time>
</trkpt>
<trkpt lat="46.3591609" lon="13.8646270">
<ele>1929.00</ele>
<time>2026-06-20T04:25:24.000Z</time>
</trkpt>
<trkpt lat="46.3589696" lon="13.8646654">
<ele>1932.02</ele>
<time>2026-06-20T04:25:37.000Z</time>
</trkpt>
<trkpt lat="46.3587825" lon="13.8646935">
<ele>1934.88</ele>
<time>2026-06-20T04:25:52.000Z</time>
</trkpt>
<trkpt lat="46.3585920" lon="13.8646783">
<ele>1933.09</ele>
<time>2026-06-20T04:26:05.000Z</time>
</trkpt>
<trkpt lat="46.3584122" lon="13.8647154">
<ele>1930.12</ele>
<time>2026-06-20T04:26:17.000Z</time>
</trkpt>
<trkpt lat="46.3582438" lon="13.8648457">
<ele>1930.57</ele>
<time>2026-06-20T04:26:34.000Z</time>
</trkpt>
<trkpt lat="46.3581107" lon="13.8650300">
<ele>1936.47</ele>
<time>2026-06-20T04:26:55.000Z</time>
</trkpt>
<trkpt lat="46.3579532" lon="13.8651611">
<ele>1938.44</ele>
<time>2026-06-20T04:27:17.000Z</time>
</trkpt>
<trkpt lat="46.3578165" lon="13.8649855">
<ele>1963.90</ele>
<time>2026-06-20T04:28:17.000Z</time>
</trkpt>
<trkpt lat="46.3576338" lon="13.8649265">
<ele>1980.45</ele>
<time>2026-06-20T04:29:09.000Z</time>
</trkpt>
<trkpt lat="46.3577678" lon="13.8647468">
<ele>1975.53</ele>
<time>2026-06-20T04:30:19.000Z</time>
</trkpt>
<trkpt lat="46.3579159" lon="13.8645970">
<ele>1984.16</ele>
<time>2026-06-20T04:31:09.000Z</time>
</trkpt>
<trkpt lat="46.3579759" lon="13.8643438">
<ele>1995.89</ele>
<time>2026-06-20T04:32:07.000Z</time>
</trkpt>
<trkpt lat="46.3580699" lon="13.8641110">
<ele>2001.20</ele>
<time>2026-06-20T04:32:35.000Z</time>
</trkpt>
<trkpt lat="46.3582336" lon="13.8639856">
<ele>2012.12</ele>
<time>2026-06-20T04:33:03.000Z</time>
</trkpt>
<trkpt lat="46.3583220" lon="13.8637368">
<ele>2019.22</ele>
<time>2026-06-20T04:33:27.000Z</time>
</trkpt>
<trkpt lat="46.3583517" lon="13.8634737">
<ele>2028.49</ele>
<time>2026-06-20T04:33:56.000Z</time>
</trkpt>
<trkpt lat="46.3585058" lon="13.8633376">
<ele>2032.78</ele>
<time>2026-06-20T04:34:23.000Z</time>
</trkpt>
<trkpt lat="46.3586762" lon="13.8632226">
<ele>2053.90</ele>
<time>2026-06-20T04:35:16.000Z</time>
</trkpt>
<trkpt lat="46.3588557" lon="13.8631845">
<ele>2067.01</ele>
<time>2026-06-20T04:36:02.000Z</time>
</trkpt>
<trkpt lat="46.3589873" lon="13.8629988">
<ele>2080.04</ele>
<time>2026-06-20T04:36:48.000Z</time>
</trkpt>
<trkpt lat="46.3589512" lon="13.8627317">
<ele>2094.63</ele>
<time>2026-06-20T04:37:06.000Z</time>
</trkpt>
<trkpt lat="46.3591328" lon="13.8627265">
<ele>2110.92</ele>
<time>2026-06-20T04:37:52.000Z</time>
</trkpt>
<trkpt lat="46.3593135" lon="13.8628010">
<ele>2127.29</ele>
<time>2026-06-20T04:38:54.000Z</time>
</trkpt>
<trkpt lat="46.3594913" lon="13.8627456">
<ele>2141.26</ele>
<time>2026-06-20T04:39:50.000Z</time>
</trkpt>
<trkpt lat="46.3596622" lon="13.8628269">
<ele>2162.20</ele>
<time>2026-06-20T04:40:37.000Z</time>
</trkpt>
<trkpt lat="46.3598493" lon="13.8628741">
<ele>2172.87</ele>
<time>2026-06-20T04:41:18.000Z</time>
</trkpt>
<trkpt lat="46.3600084" lon="13.8629968">
<ele>2182.54</ele>
<time>2026-06-20T04:41:37.000Z</time>
</trkpt>
<trkpt lat="46.3601763" lon="13.8629030">
<ele>2181.26</ele>
<time>2026-06-20T04:42:39.000Z</time>
</trkpt>
<trkpt lat="46.3603446" lon="13.8627921">
<ele>2173.81</ele>
<time>2026-06-20T04:43:22.000Z</time>
</trkpt>
<trkpt lat="46.3604906" lon="13.8626343">
<ele>2176.91</ele>
<time>2026-06-20T04:43:41.000Z</time>
</trkpt>
<trkpt lat="46.3606152" lon="13.8624310">
<ele>2178.03</ele>
<time>2026-06-20T04:44:10.000Z</time>
</trkpt>
<trkpt lat="46.3607725" lon="13.8622965">
<ele>2183.58</ele>
<time>2026-06-20T04:45:00.000Z</time>
</trkpt>
<trkpt lat="46.3608666" lon="13.8620690">
<ele>2195.37</ele>
<time>2026-06-20T04:45:40.000Z</time>
</trkpt>
<trkpt lat="46.3609166" lon="13.8618051">
<ele>2204.83</ele>
<time>2026-06-20T04:46:48.000Z</time>
</trkpt>
<trkpt lat="46.3610531" lon="13.8616347">
<ele>2213.35</ele>
<time>2026-06-20T04:47:20.000Z</time>
</trkpt>
<trkpt lat="46.3611887" lon="13.8614625">
<ele>2221.85</ele>
<time>2026-06-20T04:47:59.000Z</time>
</trkpt>
<trkpt lat="46.3610656" lon="13.8616714">
<ele>2217.51</ele>
<time>2026-06-20T05:11:38.000Z</time>
</trkpt>
<trkpt lat="46.3609142" lon="13.8618141">
<ele>2205.91</ele>
<time>2026-06-20T05:12:31.000Z</time>
</trkpt>
<trkpt lat="46.3608882" lon="13.8620773">
<ele>2195.77</ele>
<time>2026-06-20T05:13:56.000Z</time>
</trkpt>
<trkpt lat="46.3607789" lon="13.8622970">
<ele>2192.96</ele>
<time>2026-06-20T05:16:38.000Z</time>
</trkpt>
<trkpt lat="46.3606094" lon="13.8623979">
<ele>2180.45</ele>
<time>2026-06-20T05:19:45.000Z</time>
</trkpt>
<trkpt lat="46.3604827" lon="13.8625878">
<ele>2181.10</ele>
<time>2026-06-20T05:20:02.000Z</time>
</trkpt>
<trkpt lat="46.3603606" lon="13.8627943">
<ele>2178.39</ele>
<time>2026-06-20T05:20:18.000Z</time>
</trkpt>
<trkpt lat="46.3601901" lon="13.8628816">
<ele>2179.67</ele>
<time>2026-06-20T05:20:55.000Z</time>
</trkpt>
<trkpt lat="46.3600085" lon="13.8629709">
<ele>2183.64</ele>
<time>2026-06-20T05:21:41.000Z</time>
</trkpt>
<trkpt lat="46.3598400" lon="13.8628589">
<ele>2174.84</ele>
<time>2026-06-20T05:22:11.000Z</time>
</trkpt>
<trkpt lat="46.3596619" lon="13.8628172">
<ele>2165.68</ele>
<time>2026-06-20T05:23:06.000Z</time>
</trkpt>
<trkpt lat="46.3594873" lon="13.8627528">
<ele>2153.00</ele>
<time>2026-06-20T05:23:45.000Z</time>
</trkpt>
<trkpt lat="46.3593116" lon="13.8628192">
<ele>2131.29</ele>
<time>2026-06-20T05:24:56.000Z</time>
</trkpt>
<trkpt lat="46.3591259" lon="13.8627688">
<ele>2118.95</ele>
<time>2026-06-20T05:25:29.000Z</time>
</trkpt>
<trkpt lat="46.3589613" lon="13.8626499">
<ele>2106.34</ele>
<time>2026-06-20T05:26:02.000Z</time>
</trkpt>
<trkpt lat="46.3589768" lon="13.8629156">
<ele>2095.55</ele>
<time>2026-06-20T05:26:22.000Z</time>
</trkpt>
<trkpt lat="46.3589314" lon="13.8631709">
<ele>2093.06</ele>
<time>2026-06-20T05:26:51.000Z</time>
</trkpt>
<trkpt lat="46.3587602" lon="13.8632528">
<ele>2078.37</ele>
<time>2026-06-20T05:27:24.000Z</time>
</trkpt>
<trkpt lat="46.3585958" lon="13.8633788">
<ele>2055.84</ele>
<time>2026-06-20T05:27:55.000Z</time>
</trkpt>
<trkpt lat="46.3584105" lon="13.8633429">
<ele>2044.52</ele>
<time>2026-06-20T05:28:15.000Z</time>
</trkpt>
<trkpt lat="46.3583398" lon="13.8635915">
<ele>2030.29</ele>
<time>2026-06-20T05:28:37.000Z</time>
</trkpt>
<trkpt lat="46.3583255" lon="13.8638520">
<ele>2025.06</ele>
<time>2026-06-20T05:28:53.000Z</time>
</trkpt>
<trkpt lat="46.3581877" lon="13.8640272">
<ele>2019.87</ele>
<time>2026-06-20T05:29:06.000Z</time>
</trkpt>
<trkpt lat="46.3580645" lon="13.8642282">
<ele>2008.97</ele>
<time>2026-06-20T05:29:37.000Z</time>
</trkpt>
<trkpt lat="46.3579776" lon="13.8644573">
<ele>1993.46</ele>
<time>2026-06-20T05:30:20.000Z</time>
</trkpt>
<trkpt lat="46.3578244" lon="13.8645993">
<ele>1988.58</ele>
<time>2026-06-20T05:33:24.000Z</time>
</trkpt>
<trkpt lat="46.3577467" lon="13.8648394">
<ele>1979.70</ele>
<time>2026-06-20T05:33:36.000Z</time>
</trkpt>
<trkpt lat="46.3576017" lon="13.8650014">
<ele>1987.88</ele>
<time>2026-06-20T05:34:05.000Z</time>
</trkpt>
<trkpt lat="46.3574324" lon="13.8651101">
<ele>1996.92</ele>
<time>2026-06-20T05:35:07.000Z</time>
</trkpt>
<trkpt lat="46.3572790" lon="13.8652487">
<ele>2003.99</ele>
<time>2026-06-20T05:37:02.000Z</time>
</trkpt>
<trkpt lat="46.3571069" lon="13.8653367">
<ele>2020.72</ele>
<time>2026-06-20T05:38:17.000Z</time>
</trkpt>
<trkpt lat="46.3571506" lon="13.8655916">
<ele>2032.17</ele>
<time>2026-06-20T05:39:47.000Z</time>
</trkpt>
<trkpt lat="46.3572947" lon="13.8657519">
<ele>2050.15</ele>
<time>2026-06-20T05:41:10.000Z</time>
</trkpt>
<trkpt lat="46.3574291" lon="13.8659303">
<ele>2062.98</ele>
<time>2026-06-20T05:42:09.000Z</time>
</trkpt>
<trkpt lat="46.3574886" lon="13.8661800">
<ele>2085.74</ele>
<time>2026-06-20T05:44:49.000Z</time>
</trkpt>
<trkpt lat="46.3573059" lon="13.8661442">
<ele>2090.98</ele>
<time>2026-06-20T05:50:04.000Z</time>
</trkpt>
<trkpt lat="46.3574112" lon="13.8663721">
<ele>2105.00</ele>
<time>2026-06-20T05:50:57.000Z</time>
</trkpt>
<trkpt lat="46.3573766" lon="13.8666293">
<ele>2128.17</ele>
<time>2026-06-20T05:53:18.000Z</time>
</trkpt>
<trkpt lat="46.3571851" lon="13.8666507">
<ele>2134.45</ele>
<time>2026-06-20T05:54:30.000Z</time>
</trkpt>
<trkpt lat="46.3570052" lon="13.8666472">
<ele>2139.05</ele>
<time>2026-06-20T05:54:52.000Z</time>
</trkpt>
<trkpt lat="46.3570190" lon="13.8669102">
<ele>2155.42</ele>
<time>2026-06-20T05:56:24.000Z</time>
</trkpt>
<trkpt lat="46.3568374" lon="13.8668955">
<ele>2160.38</ele>
<time>2026-06-20T05:56:49.000Z</time>
</trkpt>
<trkpt lat="46.3566653" lon="13.8668091">
<ele>2166.97</ele>
<time>2026-06-20T05:57:27.000Z</time>
</trkpt>
<trkpt lat="46.3564849" lon="13.8668153">
<ele>2168.84</ele>
<time>2026-06-20T05:57:47.000Z</time>
</trkpt>
<trkpt lat="46.3562980" lon="13.8668018">
<ele>2174.99</ele>
<time>2026-06-20T05:58:33.000Z</time>
</trkpt>
<trkpt lat="46.3561293" lon="13.8669145">
<ele>2192.84</ele>
<time>2026-06-20T06:00:04.000Z</time>
</trkpt>
<trkpt lat="46.3559488" lon="13.8669490">
<ele>2201.84</ele>
<time>2026-06-20T06:00:44.000Z</time>
</trkpt>
<trkpt lat="46.3557732" lon="13.8670243">
<ele>2216.64</ele>
<time>2026-06-20T06:02:06.000Z</time>
</trkpt>
<trkpt lat="46.3558186" lon="13.8672803">
<ele>2225.45</ele>
<time>2026-06-20T06:02:41.000Z</time>
</trkpt>
<trkpt lat="46.3558551" lon="13.8675365">
<ele>2238.98</ele>
<time>2026-06-20T06:03:09.000Z</time>
</trkpt>
<trkpt lat="46.3560258" lon="13.8676465">
<ele>2246.68</ele>
<time>2026-06-20T06:03:40.000Z</time>
</trkpt>
<trkpt lat="46.3561851" lon="13.8677726">
<ele>2251.89</ele>
<time>2026-06-20T06:04:02.000Z</time>
</trkpt>
<trkpt lat="46.3563524" lon="13.8678837">
<ele>2263.74</ele>
<time>2026-06-20T06:04:28.000Z</time>
</trkpt>
<trkpt lat="46.3564452" lon="13.8681074">
<ele>2268.58</ele>
<time>2026-06-20T06:04:46.000Z</time>
</trkpt>
<trkpt lat="46.3565411" lon="13.8683295">
<ele>2271.94</ele>
<time>2026-06-20T06:05:05.000Z</time>
</trkpt>
<trkpt lat="46.3567197" lon="13.8683844">
<ele>2276.97</ele>
<time>2026-06-20T06:05:37.000Z</time>
</trkpt>
<trkpt lat="46.3568881" lon="13.8684870">
<ele>2273.38</ele>
<time>2026-06-20T06:08:42.000Z</time>
</trkpt>
<trkpt lat="46.3567149" lon="13.8684138">
<ele>2276.93</ele>
<time>2026-06-20T06:22:43.000Z</time>
</trkpt>
<trkpt lat="46.3565391" lon="13.8683431">
<ele>2274.72</ele>
<time>2026-06-20T06:23:58.000Z</time>
</trkpt>
<trkpt lat="46.3563575" lon="13.8683711">
<ele>2268.36</ele>
<time>2026-06-20T06:24:37.000Z</time>
</trkpt>
<trkpt lat="46.3561819" lon="13.8684912">
<ele>2261.24</ele>
<time>2026-06-20T06:24:47.000Z</time>
</trkpt>
<trkpt lat="46.3560498" lon="13.8686957">
<ele>2255.36</ele>
<time>2026-06-20T06:24:57.000Z</time>
</trkpt>
<trkpt lat="46.3559537" lon="13.8689180">
<ele>2248.76</ele>
<time>2026-06-20T06:25:05.000Z</time>
</trkpt>
<trkpt lat="46.3557832" lon="13.8690799">
<ele>2242.45</ele>
<time>2026-06-20T06:25:15.000Z</time>
</trkpt>
<trkpt lat="46.3556045" lon="13.8691372">
<ele>2238.76</ele>
<time>2026-06-20T06:25:25.000Z</time>
</trkpt>
<trkpt lat="46.3554868" lon="13.8693440">
<ele>2233.30</ele>
<time>2026-06-20T06:25:38.000Z</time>
</trkpt>
<trkpt lat="46.3553050" lon="13.8694351">
<ele>2231.31</ele>
<time>2026-06-20T06:25:54.000Z</time>
</trkpt>
<trkpt lat="46.3551098" lon="13.8694470">
<ele>2232.93</ele>
<time>2026-06-20T06:26:07.000Z</time>
</trkpt>
<trkpt lat="46.3549272" lon="13.8694028">
<ele>2231.06</ele>
<time>2026-06-20T06:26:22.000Z</time>
</trkpt>
<trkpt lat="46.3547500" lon="13.8693341">
<ele>2227.45</ele>
<time>2026-06-20T06:26:36.000Z</time>
</trkpt>
<trkpt lat="46.3545801" lon="13.8692123">
<ele>2229.22</ele>
<time>2026-06-20T06:26:51.000Z</time>
</trkpt>
<trkpt lat="46.3544082" lon="13.8690824">
<ele>2229.79</ele>
<time>2026-06-20T06:27:03.000Z</time>
</trkpt>
<trkpt lat="46.3542636" lon="13.8689188">
<ele>2229.31</ele>
<time>2026-06-20T06:27:17.000Z</time>
</trkpt>
<trkpt lat="46.3541324" lon="13.8687342">
<ele>2225.98</ele>
<time>2026-06-20T06:27:26.000Z</time>
</trkpt>
<trkpt lat="46.3540037" lon="13.8685487">
<ele>2230.41</ele>
<time>2026-06-20T06:27:38.000Z</time>
</trkpt>
<trkpt lat="46.3539062" lon="13.8683047">
<ele>2232.23</ele>
<time>2026-06-20T06:27:53.000Z</time>
</trkpt>
<trkpt lat="46.3537231" lon="13.8682554">
<ele>2232.22</ele>
<time>2026-06-20T06:28:07.000Z</time>
</trkpt>
<trkpt lat="46.3535530" lon="13.8681510">
<ele>2229.52</ele>
<time>2026-06-20T06:28:17.000Z</time>
</trkpt>
<trkpt lat="46.3533891" lon="13.8680423">
<ele>2230.10</ele>
<time>2026-06-20T06:28:30.000Z</time>
</trkpt>
<trkpt lat="46.3532254" lon="13.8678876">
<ele>2228.98</ele>
<time>2026-06-20T06:28:42.000Z</time>
</trkpt>
<trkpt lat="46.3530607" lon="13.8677516">
<ele>2232.93</ele>
<time>2026-06-20T06:29:01.000Z</time>
</trkpt>
<trkpt lat="46.3529930" lon="13.8674960">
<ele>2231.04</ele>
<time>2026-06-20T06:29:12.000Z</time>
</trkpt>
<trkpt lat="46.3529118" lon="13.8672609">
<ele>2226.99</ele>
<time>2026-06-20T06:29:26.000Z</time>
</trkpt>
<trkpt lat="46.3527411" lon="13.8671596">
<ele>2224.96</ele>
<time>2026-06-20T06:29:38.000Z</time>
</trkpt>
<trkpt lat="46.3525490" lon="13.8670962">
<ele>2223.58</ele>
<time>2026-06-20T06:29:52.000Z</time>
</trkpt>
<trkpt lat="46.3523694" lon="13.8670803">
<ele>2221.14</ele>
<time>2026-06-20T06:30:02.000Z</time>
</trkpt>
<trkpt lat="46.3522327" lon="13.8669108">
<ele>2216.61</ele>
<time>2026-06-20T06:30:12.000Z</time>
</trkpt>
<trkpt lat="46.3520849" lon="13.8667487">
<ele>2210.53</ele>
<time>2026-06-20T06:30:23.000Z</time>
</trkpt>
<trkpt lat="46.3519111" lon="13.8668560">
<ele>2203.56</ele>
<time>2026-06-20T06:30:34.000Z</time>
</trkpt>
<trkpt lat="46.3517402" lon="13.8667395">
<ele>2195.01</ele>
<time>2026-06-20T06:30:49.000Z</time>
</trkpt>
<trkpt lat="46.3515679" lon="13.8666645">
<ele>2191.69</ele>
<time>2026-06-20T06:31:11.000Z</time>
</trkpt>
<trkpt lat="46.3513885" lon="13.8667399">
<ele>2183.20</ele>
<time>2026-06-20T06:31:29.000Z</time>
</trkpt>
<trkpt lat="46.3512069" lon="13.8667613">
<ele>2171.92</ele>
<time>2026-06-20T06:31:44.000Z</time>
</trkpt>
<trkpt lat="46.3510206" lon="13.8667348">
<ele>2162.48</ele>
<time>2026-06-20T06:32:00.000Z</time>
</trkpt>
<trkpt lat="46.3508897" lon="13.8665550">
<ele>2154.50</ele>
<time>2026-06-20T06:32:13.000Z</time>
</trkpt>
<trkpt lat="46.3507017" lon="13.8665114">
<ele>2148.85</ele>
<time>2026-06-20T06:32:26.000Z</time>
</trkpt>
<trkpt lat="46.3505189" lon="13.8665112">
<ele>2143.09</ele>
<time>2026-06-20T06:32:56.000Z</time>
</trkpt>
<trkpt lat="46.3503313" lon="13.8665009">
<ele>2136.44</ele>
<time>2026-06-20T06:33:10.000Z</time>
</trkpt>
<trkpt lat="46.3501426" lon="13.8664861">
<ele>2128.79</ele>
<time>2026-06-20T06:33:22.000Z</time>
</trkpt>
<trkpt lat="46.3499655" lon="13.8665716">
<ele>2123.78</ele>
<time>2026-06-20T06:33:35.000Z</time>
</trkpt>
<trkpt lat="46.3497754" lon="13.8665863">
<ele>2116.48</ele>
<time>2026-06-20T06:33:48.000Z</time>
</trkpt>
<trkpt lat="46.3496055" lon="13.8666930">
<ele>2109.27</ele>
<time>2026-06-20T06:34:03.000Z</time>
</trkpt>
<trkpt lat="46.3495275" lon="13.8669470">
<ele>2099.82</ele>
<time>2026-06-20T06:34:16.000Z</time>
</trkpt>
<trkpt lat="46.3496243" lon="13.8671856">
<ele>2092.39</ele>
<time>2026-06-20T06:34:36.000Z</time>
</trkpt>
<trkpt lat="46.3497782" lon="13.8673392">
<ele>2084.98</ele>
<time>2026-06-20T06:34:57.000Z</time>
</trkpt>
<trkpt lat="46.3499048" lon="13.8675589">
<ele>2078.06</ele>
<time>2026-06-20T06:35:14.000Z</time>
</trkpt>
<trkpt lat="46.3499307" lon="13.8678201">
<ele>2062.39</ele>
<time>2026-06-20T06:35:51.000Z</time>
</trkpt>
<trkpt lat="46.3499143" lon="13.8680803">
<ele>2054.09</ele>
<time>2026-06-20T06:36:16.000Z</time>
</trkpt>
<trkpt lat="46.3497315" lon="13.8680763">
<ele>2044.16</ele>
<time>2026-06-20T06:36:50.000Z</time>
</trkpt>
<trkpt lat="46.3496590" lon="13.8683212">
<ele>2029.21</ele>
<time>2026-06-20T06:37:20.000Z</time>
</trkpt>
<trkpt lat="46.3494728" lon="13.8683326">
<ele>2018.77</ele>
<time>2026-06-20T06:37:42.000Z</time>
</trkpt>
<trkpt lat="46.3492860" lon="13.8683955">
<ele>2006.68</ele>
<time>2026-06-20T06:38:07.000Z</time>
</trkpt>
<trkpt lat="46.3491044" lon="13.8684098">
<ele>1999.29</ele>
<time>2026-06-20T06:38:23.000Z</time>
</trkpt>
<trkpt lat="46.3489289" lon="13.8683388">
<ele>1991.63</ele>
<time>2026-06-20T06:38:39.000Z</time>
</trkpt>
<trkpt lat="46.3487522" lon="13.8684497">
<ele>1983.22</ele>
<time>2026-06-20T06:39:04.000Z</time>
</trkpt>
<trkpt lat="46.3485877" lon="13.8685630">
<ele>1972.66</ele>
<time>2026-06-20T06:39:24.000Z</time>
</trkpt>
<trkpt lat="46.3484032" lon="13.8685538">
<ele>1965.51</ele>
<time>2026-06-20T06:39:41.000Z</time>
</trkpt>
<trkpt lat="46.3482837" lon="13.8687614">
<ele>1952.28</ele>
<time>2026-06-20T06:40:07.000Z</time>
</trkpt>
<trkpt lat="46.3481992" lon="13.8690085">
<ele>1940.29</ele>
<time>2026-06-20T06:40:28.000Z</time>
</trkpt>
<trkpt lat="46.3481855" lon="13.8692715">
<ele>1931.45</ele>
<time>2026-06-20T06:40:45.000Z</time>
</trkpt>
<trkpt lat="46.3480077" lon="13.8693633">
<ele>1923.22</ele>
<time>2026-06-20T06:41:01.000Z</time>
</trkpt>
<trkpt lat="46.3480869" lon="13.8696171">
<ele>1915.47</ele>
<time>2026-06-20T06:41:13.000Z</time>
</trkpt>
<trkpt lat="46.3479309" lon="13.8697505">
<ele>1901.19</ele>
<time>2026-06-20T06:41:39.000Z</time>
</trkpt>
<trkpt lat="46.3479549" lon="13.8700276">
<ele>1893.88</ele>
<time>2026-06-20T06:41:51.000Z</time>
</trkpt>
<trkpt lat="46.3477746" lon="13.8700457">
<ele>1886.34</ele>
<time>2026-06-20T06:42:05.000Z</time>
</trkpt>
<trkpt lat="46.3478268" lon="13.8703130">
<ele>1881.08</ele>
<time>2026-06-20T06:42:19.000Z</time>
</trkpt>
<trkpt lat="46.3478422" lon="13.8705987">
<ele>1876.39</ele>
<time>2026-06-20T06:42:32.000Z</time>
</trkpt>
<trkpt lat="46.3477510" lon="13.8708381">
<ele>1862.85</ele>
<time>2026-06-20T06:42:55.000Z</time>
</trkpt>
<trkpt lat="46.3475713" lon="13.8708239">
<ele>1854.17</ele>
<time>2026-06-20T06:44:06.000Z</time>
</trkpt>
<trkpt lat="46.3474507" lon="13.8706244">
<ele>1852.76</ele>
<time>2026-06-20T06:44:16.000Z</time>
</trkpt>
<trkpt lat="46.3473445" lon="13.8704103">
<ele>1853.07</ele>
<time>2026-06-20T06:44:28.000Z</time>
</trkpt>
<trkpt lat="46.3472236" lon="13.8701698">
<ele>1854.08</ele>
<time>2026-06-20T06:44:44.000Z</time>
</trkpt>
<trkpt lat="46.3471143" lon="13.8699460">
<ele>1851.18</ele>
<time>2026-06-20T06:44:53.000Z</time>
</trkpt>
<trkpt lat="46.3469911" lon="13.8697528">
<ele>1851.64</ele>
<time>2026-06-20T06:45:03.000Z</time>
</trkpt>
<trkpt lat="46.3469180" lon="13.8694895">
<ele>1853.47</ele>
<time>2026-06-20T06:45:15.000Z</time>
</trkpt>
<trkpt lat="46.3468847" lon="13.8692215">
<ele>1852.94</ele>
<time>2026-06-20T06:45:31.000Z</time>
</trkpt>
<trkpt lat="46.3467811" lon="13.8689873">
<ele>1854.46</ele>
<time>2026-06-20T06:45:40.000Z</time>
</trkpt>
<trkpt lat="46.3466662" lon="13.8687814">
<ele>1855.92</ele>
<time>2026-06-20T06:45:52.000Z</time>
</trkpt>
<trkpt lat="46.3465643" lon="13.8685613">
<ele>1855.82</ele>
<time>2026-06-20T06:46:02.000Z</time>
</trkpt>
<trkpt lat="46.3465083" lon="13.8683040">
<ele>1854.73</ele>
<time>2026-06-20T06:46:14.000Z</time>
</trkpt>
<trkpt lat="46.3464515" lon="13.8680455">
<ele>1850.74</ele>
<time>2026-06-20T06:46:27.000Z</time>
</trkpt>
<trkpt lat="46.3464005" lon="13.8677834">
<ele>1848.09</ele>
<time>2026-06-20T06:46:38.000Z</time>
</trkpt>
<trkpt lat="46.3463506" lon="13.8675059">
<ele>1852.43</ele>
<time>2026-06-20T06:46:49.000Z</time>
</trkpt>
<trkpt lat="46.3463435" lon="13.8672330">
<ele>1849.95</ele>
<time>2026-06-20T06:47:02.000Z</time>
</trkpt>
<trkpt lat="46.3463158" lon="13.8669685">
<ele>1853.79</ele>
<time>2026-06-20T06:47:13.000Z</time>
</trkpt>
<trkpt lat="46.3463118" lon="13.8666964">
<ele>1849.63</ele>
<time>2026-06-20T06:47:27.000Z</time>
</trkpt>
<trkpt lat="46.3463224" lon="13.8664299">
<ele>1853.52</ele>
<time>2026-06-20T06:47:38.000Z</time>
</trkpt>
<trkpt lat="46.3463031" lon="13.8661443">
<ele>1855.06</ele>
<time>2026-06-20T06:47:51.000Z</time>
</trkpt>
<trkpt lat="46.3463546" lon="13.8658769">
<ele>1850.18</ele>
<time>2026-06-20T06:48:08.000Z</time>
</trkpt>
<trkpt lat="46.3464748" lon="13.8656782">
<ele>1842.91</ele>
<time>2026-06-20T06:48:36.000Z</time>
</trkpt>
<trkpt lat="46.3465702" lon="13.8654511">
<ele>1842.96</ele>
<time>2026-06-20T06:48:51.000Z</time>
</trkpt>
<trkpt lat="46.3466794" lon="13.8652176">
<ele>1839.69</ele>
<time>2026-06-20T06:49:08.000Z</time>
</trkpt>
<trkpt lat="46.3468194" lon="13.8650438">
<ele>1842.18</ele>
<time>2026-06-20T06:49:20.000Z</time>
</trkpt>
<trkpt lat="46.3469575" lon="13.8648440">
<ele>1839.34</ele>
<time>2026-06-20T06:49:30.000Z</time>
</trkpt>
<trkpt lat="46.3469388" lon="13.8645583">
<ele>1837.36</ele>
<time>2026-06-20T06:49:39.000Z</time>
</trkpt>
<trkpt lat="46.3468955" lon="13.8642802">
<ele>1834.62</ele>
<time>2026-06-20T06:49:49.000Z</time>
</trkpt>
<trkpt lat="46.3469292" lon="13.8640167">
<ele>1836.70</ele>
<time>2026-06-20T06:49:58.000Z</time>
</trkpt>
<trkpt lat="46.3470249" lon="13.8637920">
<ele>1835.49</ele>
<time>2026-06-20T06:50:08.000Z</time>
</trkpt>
<trkpt lat="46.3470806" lon="13.8635256">
<ele>1831.21</ele>
<time>2026-06-20T06:50:21.000Z</time>
</trkpt>
<trkpt lat="46.3470642" lon="13.8632612">
<ele>1835.19</ele>
<time>2026-06-20T06:50:32.000Z</time>
</trkpt>
<trkpt lat="46.3470657" lon="13.8629877">
<ele>1833.19</ele>
<time>2026-06-20T06:50:46.000Z</time>
</trkpt>
<trkpt lat="46.3470159" lon="13.8627367">
<ele>1833.87</ele>
<time>2026-06-20T06:50:56.000Z</time>
</trkpt>
<trkpt lat="46.3470328" lon="13.8624708">
<ele>1830.42</ele>
<time>2026-06-20T06:51:12.000Z</time>
</trkpt>
<trkpt lat="46.3471574" lon="13.8622729">
<ele>1828.21</ele>
<time>2026-06-20T06:51:38.000Z</time>
</trkpt>
<trkpt lat="46.3472913" lon="13.8620742">
<ele>1825.02</ele>
<time>2026-06-20T06:51:55.000Z</time>
</trkpt>
<trkpt lat="46.3473647" lon="13.8618347">
<ele>1824.40</ele>
<time>2026-06-20T06:52:05.000Z</time>
</trkpt>
<trkpt lat="46.3474583" lon="13.8615794">
<ele>1822.21</ele>
<time>2026-06-20T06:52:15.000Z</time>
</trkpt>
<trkpt lat="46.3476180" lon="13.8614374">
<ele>1819.20</ele>
<time>2026-06-20T06:52:26.000Z</time>
</trkpt>
<trkpt lat="46.3478030" lon="13.8613709">
<ele>1814.79</ele>
<time>2026-06-20T06:52:38.000Z</time>
</trkpt>
<trkpt lat="46.3479599" lon="13.8611873">
<ele>1810.97</ele>
<time>2026-06-20T06:52:48.000Z</time>
</trkpt>
<trkpt lat="46.3480383" lon="13.8609293">
<ele>1812.63</ele>
<time>2026-06-20T06:52:58.000Z</time>
</trkpt>
<trkpt lat="46.3481193" lon="13.8606818">
<ele>1814.42</ele>
<time>2026-06-20T06:53:09.000Z</time>
</trkpt>
<trkpt lat="46.3481870" lon="13.8604401">
<ele>1810.49</ele>
<time>2026-06-20T06:53:20.000Z</time>
</trkpt>
<trkpt lat="46.3482287" lon="13.8601725">
<ele>1810.31</ele>
<time>2026-06-20T06:53:31.000Z</time>
</trkpt>
<trkpt lat="46.3481508" lon="13.8599209">
<ele>1807.32</ele>
<time>2026-06-20T06:53:44.000Z</time>
</trkpt>
<trkpt lat="46.3481726" lon="13.8596598">
<ele>1810.98</ele>
<time>2026-06-20T06:53:55.000Z</time>
</trkpt>
<trkpt lat="46.3481952" lon="13.8593954">
<ele>1814.97</ele>
<time>2026-06-20T06:54:12.000Z</time>
</trkpt>
<trkpt lat="46.3483416" lon="13.8592401">
<ele>1821.46</ele>
<time>2026-06-20T06:54:33.000Z</time>
</trkpt>
<trkpt lat="46.3484835" lon="13.8590765">
<ele>1820.01</ele>
<time>2026-06-20T06:54:48.000Z</time>
</trkpt>
<trkpt lat="46.3486554" lon="13.8589616">
<ele>1823.35</ele>
<time>2026-06-20T06:55:01.000Z</time>
</trkpt>
<trkpt lat="46.3488317" lon="13.8588938">
<ele>1822.96</ele>
<time>2026-06-20T06:55:16.000Z</time>
</trkpt>
<trkpt lat="46.3490098" lon="13.8589485">
<ele>1827.56</ele>
<time>2026-06-20T06:55:26.000Z</time>
</trkpt>
<trkpt lat="46.3492024" lon="13.8589244">
<ele>1818.58</ele>
<time>2026-06-20T06:55:40.000Z</time>
</trkpt>
<trkpt lat="46.3493859" lon="13.8588927">
<ele>1820.63</ele>
<time>2026-06-20T06:56:01.000Z</time>
</trkpt>
<trkpt lat="46.3495655" lon="13.8589633">
<ele>1822.46</ele>
<time>2026-06-20T06:56:17.000Z</time>
</trkpt>
<trkpt lat="46.3497100" lon="13.8591197">
<ele>1820.53</ele>
<time>2026-06-20T06:56:31.000Z</time>
</trkpt>
<trkpt lat="46.3498488" lon="13.8592969">
<ele>1820.76</ele>
<time>2026-06-20T06:56:41.000Z</time>
</trkpt>
<trkpt lat="46.3499813" lon="13.8594998">
<ele>1817.82</ele>
<time>2026-06-20T06:56:52.000Z</time>
</trkpt>
<trkpt lat="46.3500659" lon="13.8597302">
<ele>1820.91</ele>
<time>2026-06-20T06:57:09.000Z</time>
</trkpt>
<trkpt lat="46.3502321" lon="13.8598419">
<ele>1822.69</ele>
<time>2026-06-20T06:57:37.000Z</time>
</trkpt>
<trkpt lat="46.3503867" lon="13.8599859">
<ele>1826.63</ele>
<time>2026-06-20T06:57:50.000Z</time>
</trkpt>
<trkpt lat="46.3505350" lon="13.8601496">
<ele>1829.73</ele>
<time>2026-06-20T06:58:04.000Z</time>
</trkpt>
<trkpt lat="46.3506925" lon="13.8602752">
<ele>1831.50</ele>
<time>2026-06-20T06:58:19.000Z</time>
</trkpt>
<trkpt lat="46.3508397" lon="13.8604553">
<ele>1833.40</ele>
<time>2026-06-20T06:58:33.000Z</time>
</trkpt>
<trkpt lat="46.3509804" lon="13.8606429">
<ele>1834.39</ele>
<time>2026-06-20T06:58:43.000Z</time>
</trkpt>
<trkpt lat="46.3511486" lon="13.8607360">
<ele>1838.08</ele>
<time>2026-06-20T06:59:09.000Z</time>
</trkpt>
<trkpt lat="46.3513194" lon="13.8608355">
<ele>1835.35</ele>
<time>2026-06-20T06:59:22.000Z</time>
</trkpt>
<trkpt lat="46.3515045" lon="13.8608401">
<ele>1834.52</ele>
<time>2026-06-20T06:59:33.000Z</time>
</trkpt>
<trkpt lat="46.3516845" lon="13.8607406">
<ele>1828.83</ele>
<time>2026-06-20T06:59:48.000Z</time>
</trkpt>
<trkpt lat="46.3518561" lon="13.8606578">
<ele>1830.15</ele>
<time>2026-06-20T07:00:00.000Z</time>
</trkpt>
<trkpt lat="46.3520220" lon="13.8605252">
<ele>1826.62</ele>
<time>2026-06-20T07:00:13.000Z</time>
</trkpt>
<trkpt lat="46.3522115" lon="13.8604776">
<ele>1826.68</ele>
<time>2026-06-20T07:00:23.000Z</time>
</trkpt>
<trkpt lat="46.3524071" lon="13.8605733">
<ele>1830.47</ele>
<time>2026-06-20T07:00:34.000Z</time>
</trkpt>
<trkpt lat="46.3525840" lon="13.8605247">
<ele>1831.86</ele>
<time>2026-06-20T07:00:43.000Z</time>
</trkpt>
<trkpt lat="46.3527600" lon="13.8604486">
<ele>1830.52</ele>
<time>2026-06-20T07:00:58.000Z</time>
</trkpt>
<trkpt lat="46.3529242" lon="13.8605621">
<ele>1831.98</ele>
<time>2026-06-20T07:01:10.000Z</time>
</trkpt>
<trkpt lat="46.3530793" lon="13.8606998">
<ele>1829.15</ele>
<time>2026-06-20T07:01:36.000Z</time>
</trkpt>
<trkpt lat="46.3532470" lon="13.8608523">
<ele>1827.31</ele>
<time>2026-06-20T07:02:00.000Z</time>
</trkpt>
<trkpt lat="46.3533996" lon="13.8609994">
<ele>1823.04</ele>
<time>2026-06-20T07:02:11.000Z</time>
</trkpt>
<trkpt lat="46.3535953" lon="13.8610888">
<ele>1822.88</ele>
<time>2026-06-20T07:02:22.000Z</time>
</trkpt>
<trkpt lat="46.3537448" lon="13.8612354">
<ele>1822.07</ele>
<time>2026-06-20T07:02:32.000Z</time>
</trkpt>
<trkpt lat="46.3538969" lon="13.8613984">
<ele>1822.17</ele>
<time>2026-06-20T07:02:47.000Z</time>
</trkpt>
<trkpt lat="46.3540427" lon="13.8615678">
<ele>1822.83</ele>
<time>2026-06-20T07:03:04.000Z</time>
</trkpt>
<trkpt lat="46.3542076" lon="13.8616767">
<ele>1824.07</ele>
<time>2026-06-20T07:03:16.000Z</time>
</trkpt>
<trkpt lat="46.3543831" lon="13.8617746">
<ele>1817.62</ele>
<time>2026-06-20T07:03:33.000Z</time>
</trkpt>
<trkpt lat="46.3545718" lon="13.8617889">
<ele>1819.50</ele>
<time>2026-06-20T07:03:50.000Z</time>
</trkpt>
<trkpt lat="46.3547531" lon="13.8618351">
<ele>1822.07</ele>
<time>2026-06-20T07:04:05.000Z</time>
</trkpt>
<trkpt lat="46.3548778" lon="13.8620351">
<ele>1822.52</ele>
<time>2026-06-20T07:04:17.000Z</time>
</trkpt>
<trkpt lat="46.3550137" lon="13.8622114">
<ele>1823.87</ele>
<time>2026-06-20T07:04:26.000Z</time>
</trkpt>
<trkpt lat="46.3552058" lon="13.8622265">
<ele>1816.76</ele>
<time>2026-06-20T07:04:42.000Z</time>
</trkpt>
<trkpt lat="46.3553619" lon="13.8620954">
<ele>1820.11</ele>
<time>2026-06-20T07:04:55.000Z</time>
</trkpt>
<trkpt lat="46.3555057" lon="13.8619272">
<ele>1820.00</ele>
<time>2026-06-20T07:05:20.000Z</time>
</trkpt>
<trkpt lat="46.3556717" lon="13.8618151">
<ele>1819.14</ele>
<time>2026-06-20T07:05:39.000Z</time>
</trkpt>
<trkpt lat="46.3557871" lon="13.8616119">
<ele>1822.37</ele>
<time>2026-06-20T07:06:06.000Z</time>
</trkpt>
<trkpt lat="46.3558228" lon="13.8613530">
<ele>1821.38</ele>
<time>2026-06-20T07:06:49.000Z</time>
</trkpt>
<trkpt lat="46.3560032" lon="13.8613758">
<ele>1819.70</ele>
<time>2026-06-20T07:10:59.000Z</time>
</trkpt>
<trkpt lat="46.3561698" lon="13.8612613">
<ele>1819.02</ele>
<time>2026-06-20T07:11:13.000Z</time>
</trkpt>
<trkpt lat="46.3563497" lon="13.8612321">
<ele>1819.94</ele>
<time>2026-06-20T07:11:28.000Z</time>
</trkpt>
<trkpt lat="46.3564927" lon="13.8610523">
<ele>1825.76</ele>
<time>2026-06-20T07:11:56.000Z</time>
</trkpt>
<trkpt lat="46.3565963" lon="13.8608365">
<ele>1829.67</ele>
<time>2026-06-20T07:12:18.000Z</time>
</trkpt>
<trkpt lat="46.3567324" lon="13.8606566">
<ele>1834.71</ele>
<time>2026-06-20T07:12:32.000Z</time>
</trkpt>
<trkpt lat="46.3569059" lon="13.8607809">
<ele>1839.47</ele>
<time>2026-06-20T07:12:49.000Z</time>
</trkpt>
<trkpt lat="46.3570895" lon="13.8607441">
<ele>1844.38</ele>
<time>2026-06-20T07:13:11.000Z</time>
</trkpt>
<trkpt lat="46.3572486" lon="13.8606116">
<ele>1839.86</ele>
<time>2026-06-20T07:13:25.000Z</time>
</trkpt>
<trkpt lat="46.3574155" lon="13.8605037">
<ele>1844.93</ele>
<time>2026-06-20T07:13:37.000Z</time>
</trkpt>
<trkpt lat="46.3575823" lon="13.8603768">
<ele>1848.63</ele>
<time>2026-06-20T07:13:47.000Z</time>
</trkpt>
<trkpt lat="46.3577408" lon="13.8602369">
<ele>1850.98</ele>
<time>2026-06-20T07:14:03.000Z</time>
</trkpt>
<trkpt lat="46.3579181" lon="13.8601764">
<ele>1847.75</ele>
<time>2026-06-20T07:14:15.000Z</time>
</trkpt>
<trkpt lat="46.3580474" lon="13.8599834">
<ele>1848.47</ele>
<time>2026-06-20T07:14:32.000Z</time>
</trkpt>
<trkpt lat="46.3581442" lon="13.8597347">
<ele>1849.21</ele>
<time>2026-06-20T07:14:41.000Z</time>
</trkpt>
<trkpt lat="46.3583004" lon="13.8595725">
<ele>1851.52</ele>
<time>2026-06-20T07:14:49.000Z</time>
</trkpt>
<trkpt lat="46.3583913" lon="13.8593356">
<ele>1856.74</ele>
<time>2026-06-20T07:15:02.000Z</time>
</trkpt>
<trkpt lat="46.3585611" lon="13.8592095">
<ele>1858.88</ele>
<time>2026-06-20T07:15:16.000Z</time>
</trkpt>
<trkpt lat="46.3587114" lon="13.8590254">
<ele>1859.53</ele>
<time>2026-06-20T07:15:28.000Z</time>
</trkpt>
<trkpt lat="46.3588789" lon="13.8589069">
<ele>1857.78</ele>
<time>2026-06-20T07:15:46.000Z</time>
</trkpt>
<trkpt lat="46.3590647" lon="13.8588838">
<ele>1859.58</ele>
<time>2026-06-20T07:15:58.000Z</time>
</trkpt>
<trkpt lat="46.3592371" lon="13.8587559">
<ele>1859.71</ele>
<time>2026-06-20T07:16:13.000Z</time>
</trkpt>
<trkpt lat="46.3594118" lon="13.8588215">
<ele>1863.69</ele>
<time>2026-06-20T07:16:29.000Z</time>
</trkpt>
<trkpt lat="46.3595867" lon="13.8587439">
<ele>1864.62</ele>
<time>2026-06-20T07:16:51.000Z</time>
</trkpt>
<trkpt lat="46.3597738" lon="13.8587513">
<ele>1866.27</ele>
<time>2026-06-20T07:17:08.000Z</time>
</trkpt>
<trkpt lat="46.3599505" lon="13.8588247">
<ele>1869.67</ele>
<time>2026-06-20T07:17:20.000Z</time>
</trkpt>
<trkpt lat="46.3601371" lon="13.8588087">
<ele>1872.21</ele>
<time>2026-06-20T07:17:36.000Z</time>
</trkpt>
<trkpt lat="46.3602951" lon="13.8586820">
<ele>1875.35</ele>
<time>2026-06-20T07:17:48.000Z</time>
</trkpt>
<trkpt lat="46.3604793" lon="13.8586525">
<ele>1879.55</ele>
<time>2026-06-20T07:18:05.000Z</time>
</trkpt>
<trkpt lat="46.3606523" lon="13.8587368">
<ele>1884.61</ele>
<time>2026-06-20T07:18:22.000Z</time>
</trkpt>
<trkpt lat="46.3608321" lon="13.8587147">
<ele>1886.31</ele>
<time>2026-06-20T07:18:45.000Z</time>
</trkpt>
<trkpt lat="46.3610044" lon="13.8586093">
<ele>1890.73</ele>
<time>2026-06-20T07:19:05.000Z</time>
</trkpt>
<trkpt lat="46.3611695" lon="13.8584942">
<ele>1897.41</ele>
<time>2026-06-20T07:19:24.000Z</time>
</trkpt>
<trkpt lat="46.3613467" lon="13.8584366">
<ele>1903.22</ele>
<time>2026-06-20T07:19:46.000Z</time>
</trkpt>
<trkpt lat="46.3615329" lon="13.8584092">
<ele>1911.12</ele>
<time>2026-06-20T07:20:08.000Z</time>
</trkpt>
<trkpt lat="46.3617116" lon="13.8583131">
<ele>1919.45</ele>
<time>2026-06-20T07:20:33.000Z</time>
</trkpt>
<trkpt lat="46.3618922" lon="13.8582656">
<ele>1918.65</ele>
<time>2026-06-20T07:20:54.000Z</time>
</trkpt>
<trkpt lat="46.3620685" lon="13.8581588">
<ele>1921.04</ele>
<time>2026-06-20T07:21:10.000Z</time>
</trkpt>
<trkpt lat="46.3622212" lon="13.8580119">
<ele>1925.33</ele>
<time>2026-06-20T07:21:28.000Z</time>
</trkpt>
<trkpt lat="46.3624039" lon="13.8579705">
<ele>1928.60</ele>
<time>2026-06-20T07:22:12.000Z</time>
</trkpt>
<trkpt lat="46.3625708" lon="13.8578448">
<ele>1935.11</ele>
<time>2026-06-20T07:22:35.000Z</time>
</trkpt>
<trkpt lat="46.3626262" lon="13.8575865">
<ele>1945.23</ele>
<time>2026-06-20T07:22:55.000Z</time>
</trkpt>
<trkpt lat="46.3627210" lon="13.8573493">
<ele>1952.98</ele>
<time>2026-06-20T07:23:23.000Z</time>
</trkpt>
<trkpt lat="46.3627797" lon="13.8571020">
<ele>1961.50</ele>
<time>2026-06-20T07:23:51.000Z</time>
</trkpt>
<trkpt lat="46.3628185" lon="13.8568385">
<ele>1966.45</ele>
<time>2026-06-20T07:24:19.000Z</time>
</trkpt>
<trkpt lat="46.3629484" lon="13.8566571">
<ele>1976.74</ele>
<time>2026-06-20T07:24:49.000Z</time>
</trkpt>
<trkpt lat="46.3631209" lon="13.8565662">
<ele>1981.80</ele>
<time>2026-06-20T07:25:11.000Z</time>
</trkpt>
<trkpt lat="46.3632684" lon="13.8564093">
<ele>1987.54</ele>
<time>2026-06-20T07:25:32.000Z</time>
</trkpt>
<trkpt lat="46.3634389" lon="13.8563132">
<ele>1997.26</ele>
<time>2026-06-20T07:26:04.000Z</time>
</trkpt>
<trkpt lat="46.3636124" lon="13.8562371">
<ele>2002.05</ele>
<time>2026-06-20T07:27:05.000Z</time>
</trkpt>
<trkpt lat="46.3637439" lon="13.8560547">
<ele>2009.08</ele>
<time>2026-06-20T07:27:21.000Z</time>
</trkpt>
<trkpt lat="46.3639143" lon="13.8559512">
<ele>2012.37</ele>
<time>2026-06-20T07:27:35.000Z</time>
</trkpt>
<trkpt lat="46.3640899" lon="13.8558826">
<ele>2010.77</ele>
<time>2026-06-20T07:27:53.000Z</time>
</trkpt>
<trkpt lat="46.3642830" lon="13.8558922">
<ele>2008.20</ele>
<time>2026-06-20T07:28:05.000Z</time>
</trkpt>
<trkpt lat="46.3644740" lon="13.8559299">
<ele>2012.57</ele>
<time>2026-06-20T07:28:21.000Z</time>
</trkpt>
<trkpt lat="46.3646545" lon="13.8559322">
<ele>2018.67</ele>
<time>2026-06-20T07:28:36.000Z</time>
</trkpt>
<trkpt lat="46.3648385" lon="13.8558993">
<ele>2017.57</ele>
<time>2026-06-20T07:28:51.000Z</time>
</trkpt>
<trkpt lat="46.3650052" lon="13.8560119">
<ele>2018.40</ele>
<time>2026-06-20T07:29:09.000Z</time>
</trkpt>
<trkpt lat="46.3651500" lon="13.8561850">
<ele>2019.98</ele>
<time>2026-06-20T07:29:29.000Z</time>
</trkpt>
<trkpt lat="46.3653353" lon="13.8561438">
<ele>2021.54</ele>
<time>2026-06-20T07:29:53.000Z</time>
</trkpt>
<trkpt lat="46.3655321" lon="13.8561850">
<ele>2022.48</ele>
<time>2026-06-20T07:30:07.000Z</time>
</trkpt>
<trkpt lat="46.3657216" lon="13.8561320">
<ele>2021.67</ele>
<time>2026-06-20T07:30:22.000Z</time>
</trkpt>
<trkpt lat="46.3658358" lon="13.8559090">
<ele>2028.40</ele>
<time>2026-06-20T07:30:40.000Z</time>
</trkpt>
<trkpt lat="46.3660041" lon="13.8557988">
<ele>2025.31</ele>
<time>2026-06-20T07:31:00.000Z</time>
</trkpt>
<trkpt lat="46.3661839" lon="13.8557679">
<ele>2022.57</ele>
<time>2026-06-20T07:31:14.000Z</time>
</trkpt>
<trkpt lat="46.3663299" lon="13.8559291">
<ele>2018.00</ele>
<time>2026-06-20T07:31:28.000Z</time>
</trkpt>
<trkpt lat="46.3665175" lon="13.8559930">
<ele>2014.30</ele>
<time>2026-06-20T07:31:43.000Z</time>
</trkpt>
<trkpt lat="46.3666907" lon="13.8561065">
<ele>2014.49</ele>
<time>2026-06-20T07:31:58.000Z</time>
</trkpt>
<trkpt lat="46.3668727" lon="13.8561540">
<ele>2014.22</ele>
<time>2026-06-20T07:32:11.000Z</time>
</trkpt>
<trkpt lat="46.3670309" lon="13.8559957">
<ele>2015.49</ele>
<time>2026-06-20T07:32:23.000Z</time>
</trkpt>
<trkpt lat="46.3672121" lon="13.8560697">
<ele>2017.15</ele>
<time>2026-06-20T07:32:33.000Z</time>
</trkpt>
<trkpt lat="46.3673930" lon="13.8560113">
<ele>2019.14</ele>
<time>2026-06-20T07:32:44.000Z</time>
</trkpt>
<trkpt lat="46.3675590" lon="13.8558996">
<ele>2017.12</ele>
<time>2026-06-20T07:33:00.000Z</time>
</trkpt>
<trkpt lat="46.3677297" lon="13.8559931">
<ele>2019.66</ele>
<time>2026-06-20T07:33:30.000Z</time>
</trkpt>
<trkpt lat="46.3678782" lon="13.8561553">
<ele>2021.92</ele>
<time>2026-06-20T07:33:46.000Z</time>
</trkpt>
<trkpt lat="46.3680551" lon="13.8560970">
<ele>2026.75</ele>
<time>2026-06-20T07:34:24.000Z</time>
</trkpt>
<trkpt lat="46.3682393" lon="13.8560610">
<ele>2025.02</ele>
<time>2026-06-20T07:35:39.000Z</time>
</trkpt>
<trkpt lat="46.3684212" lon="13.8561273">
<ele>2026.94</ele>
<time>2026-06-20T07:35:54.000Z</time>
</trkpt>
<trkpt lat="46.3685983" lon="13.8560369">
<ele>2033.21</ele>
<time>2026-06-20T07:36:10.000Z</time>
</trkpt>
<trkpt lat="46.3687752" lon="13.8559818">
<ele>2038.85</ele>
<time>2026-06-20T07:36:29.000Z</time>
</trkpt>
<trkpt lat="46.3689659" lon="13.8559478">
<ele>2036.73</ele>
<time>2026-06-20T07:36:45.000Z</time>
</trkpt>
<trkpt lat="46.3691451" lon="13.8558790">
<ele>2032.59</ele>
<time>2026-06-20T07:36:54.000Z</time>
</trkpt>
<trkpt lat="46.3693205" lon="13.8557845">
<ele>2029.66</ele>
<time>2026-06-20T07:37:03.000Z</time>
</trkpt>
<trkpt lat="46.3695025" lon="13.8557155">
<ele>2031.69</ele>
<time>2026-06-20T07:37:17.000Z</time>
</trkpt>
<trkpt lat="46.3696870" lon="13.8557885">
<ele>2036.02</ele>
<time>2026-06-20T07:37:27.000Z</time>
</trkpt>
<trkpt lat="46.3698716" lon="13.8557262">
<ele>2035.11</ele>
<time>2026-06-20T07:37:48.000Z</time>
</trkpt>
<trkpt lat="46.3700403" lon="13.8558197">
<ele>2040.74</ele>
<time>2026-06-20T07:38:01.000Z</time>
</trkpt>
<trkpt lat="46.3702106" lon="13.8559428">
<ele>2044.62</ele>
<time>2026-06-20T07:38:28.000Z</time>
</trkpt>
<trkpt lat="46.3703940" lon="13.8559681">
<ele>2049.67</ele>
<time>2026-06-20T07:38:44.000Z</time>
</trkpt>
<trkpt lat="46.3705713" lon="13.8560462">
<ele>2053.15</ele>
<time>2026-06-20T07:38:56.000Z</time>
</trkpt>
<trkpt lat="46.3707453" lon="13.8561312">
<ele>2047.57</ele>
<time>2026-06-20T07:39:14.000Z</time>
</trkpt>
<trkpt lat="46.3708432" lon="13.8563525">
<ele>2045.77</ele>
<time>2026-06-20T07:39:44.000Z</time>
</trkpt>
<trkpt lat="46.3710185" lon="13.8564279">
<ele>2048.01</ele>
<time>2026-06-20T07:40:07.000Z</time>
</trkpt>
<trkpt lat="46.3712065" lon="13.8564277">
<ele>2047.72</ele>
<time>2026-06-20T07:40:22.000Z</time>
</trkpt>
<trkpt lat="46.3713844" lon="13.8564676">
<ele>2049.51</ele>
<time>2026-06-20T07:40:35.000Z</time>
</trkpt>
<trkpt lat="46.3715650" lon="13.8565215">
<ele>2054.14</ele>
<time>2026-06-20T07:41:12.000Z</time>
</trkpt>
<trkpt lat="46.3717384" lon="13.8564503">
<ele>2052.35</ele>
<time>2026-06-20T07:41:25.000Z</time>
</trkpt>
<trkpt lat="46.3719019" lon="13.8563404">
<ele>2050.08</ele>
<time>2026-06-20T07:41:35.000Z</time>
</trkpt>
<trkpt lat="46.3720580" lon="13.8561866">
<ele>2048.91</ele>
<time>2026-06-20T07:41:46.000Z</time>
</trkpt>
<trkpt lat="46.3722339" lon="13.8562922">
<ele>2051.66</ele>
<time>2026-06-20T07:41:57.000Z</time>
</trkpt>
<trkpt lat="46.3724137" lon="13.8563922">
<ele>2049.81</ele>
<time>2026-06-20T07:42:08.000Z</time>
</trkpt>
<trkpt lat="46.3725489" lon="13.8565724">
<ele>2049.90</ele>
<time>2026-06-20T07:42:19.000Z</time>
</trkpt>
<trkpt lat="46.3726860" lon="13.8567581">
<ele>2050.65</ele>
<time>2026-06-20T07:42:29.000Z</time>
</trkpt>
<trkpt lat="46.3728612" lon="13.8568990">
<ele>2048.06</ele>
<time>2026-06-20T07:42:45.000Z</time>
</trkpt>
<trkpt lat="46.3730398" lon="13.8570166">
<ele>2045.12</ele>
<time>2026-06-20T07:42:57.000Z</time>
</trkpt>
<trkpt lat="46.3732068" lon="13.8571498">
<ele>2041.97</ele>
<time>2026-06-20T07:43:07.000Z</time>
</trkpt>
<trkpt lat="46.3733358" lon="13.8573471">
<ele>2050.35</ele>
<time>2026-06-20T07:43:20.000Z</time>
</trkpt>
<trkpt lat="46.3734826" lon="13.8575163">
<ele>2055.47</ele>
<time>2026-06-20T07:43:40.000Z</time>
</trkpt>
<trkpt lat="46.3736565" lon="13.8576163">
<ele>2051.65</ele>
<time>2026-06-20T07:43:53.000Z</time>
</trkpt>
<trkpt lat="46.3738127" lon="13.8577749">
<ele>2055.38</ele>
<time>2026-06-20T07:44:06.000Z</time>
</trkpt>
<trkpt lat="46.3739715" lon="13.8579410">
<ele>2059.43</ele>
<time>2026-06-20T07:44:17.000Z</time>
</trkpt>
<trkpt lat="46.3741240" lon="13.8580856">
<ele>2060.07</ele>
<time>2026-06-20T07:44:27.000Z</time>
</trkpt>
<trkpt lat="46.3742636" lon="13.8582567">
<ele>2058.13</ele>
<time>2026-06-20T07:44:39.000Z</time>
</trkpt>
<trkpt lat="46.3744203" lon="13.8584192">
<ele>2057.84</ele>
<time>2026-06-20T07:44:52.000Z</time>
</trkpt>
<trkpt lat="46.3745500" lon="13.8586281">
<ele>2059.28</ele>
<time>2026-06-20T07:45:09.000Z</time>
</trkpt>
<trkpt lat="46.3746597" lon="13.8588552">
<ele>2065.54</ele>
<time>2026-06-20T07:45:36.000Z</time>
</trkpt>
<trkpt lat="46.3748033" lon="13.8590379">
<ele>2069.01</ele>
<time>2026-06-20T07:45:52.000Z</time>
</trkpt>
<trkpt lat="46.3749581" lon="13.8591770">
<ele>2071.45</ele>
<time>2026-06-20T07:46:19.000Z</time>
</trkpt>
<trkpt lat="46.3750768" lon="13.8593730">
<ele>2077.65</ele>
<time>2026-06-20T07:46:41.000Z</time>
</trkpt>
<trkpt lat="46.3751883" lon="13.8595888">
<ele>2079.08</ele>
<time>2026-06-20T07:47:04.000Z</time>
</trkpt>
<trkpt lat="46.3752653" lon="13.8598316">
<ele>2083.53</ele>
<time>2026-06-20T07:47:19.000Z</time>
</trkpt>
<trkpt lat="46.3752538" lon="13.8601008">
<ele>2082.32</ele>
<time>2026-06-20T07:47:30.000Z</time>
</trkpt>
<trkpt lat="46.3753551" lon="13.8603273">
<ele>2081.14</ele>
<time>2026-06-20T07:47:45.000Z</time>
</trkpt>
<trkpt lat="46.3755039" lon="13.8604785">
<ele>2080.66</ele>
<time>2026-06-20T07:47:54.000Z</time>
</trkpt>
<trkpt lat="46.3756296" lon="13.8606682">
<ele>2085.99</ele>
<time>2026-06-20T07:48:08.000Z</time>
</trkpt>
<trkpt lat="46.3757947" lon="13.8607898">
<ele>2090.54</ele>
<time>2026-06-20T07:48:23.000Z</time>
</trkpt>
<trkpt lat="46.3759495" lon="13.8609451">
<ele>2095.97</ele>
<time>2026-06-20T07:48:37.000Z</time>
</trkpt>
<trkpt lat="46.3761162" lon="13.8610558">
<ele>2096.53</ele>
<time>2026-06-20T07:48:59.000Z</time>
</trkpt>
<trkpt lat="46.3762851" lon="13.8611936">
<ele>2094.92</ele>
<time>2026-06-20T07:49:10.000Z</time>
</trkpt>
<trkpt lat="46.3764319" lon="13.8613716">
<ele>2100.83</ele>
<time>2026-06-20T07:49:24.000Z</time>
</trkpt>
<trkpt lat="46.3766081" lon="13.8614799">
<ele>2104.38</ele>
<time>2026-06-20T07:49:40.000Z</time>
</trkpt>
<trkpt lat="46.3767583" lon="13.8616653">
<ele>2105.89</ele>
<time>2026-06-20T07:49:52.000Z</time>
</trkpt>
<trkpt lat="46.3769188" lon="13.8618140">
<ele>2105.14</ele>
<time>2026-06-20T07:50:08.000Z</time>
</trkpt>
<trkpt lat="46.3770596" lon="13.8619879">
<ele>2111.58</ele>
<time>2026-06-20T07:50:20.000Z</time>
</trkpt>
<trkpt lat="46.3771993" lon="13.8621590">
<ele>2118.21</ele>
<time>2026-06-20T07:50:42.000Z</time>
</trkpt>
<trkpt lat="46.3773601" lon="13.8622983">
<ele>2120.81</ele>
<time>2026-06-20T07:50:55.000Z</time>
</trkpt>
<trkpt lat="46.3775094" lon="13.8624507">
<ele>2121.07</ele>
<time>2026-06-20T07:51:09.000Z</time>
</trkpt>
<trkpt lat="46.3776649" lon="13.8625983">
<ele>2123.65</ele>
<time>2026-06-20T07:51:24.000Z</time>
</trkpt>
<trkpt lat="46.3778349" lon="13.8627152">
<ele>2122.89</ele>
<time>2026-06-20T07:51:37.000Z</time>
</trkpt>
<trkpt lat="46.3780059" lon="13.8628323">
<ele>2126.26</ele>
<time>2026-06-20T07:51:50.000Z</time>
</trkpt>
<trkpt lat="46.3781363" lon="13.8630144">
<ele>2124.27</ele>
<time>2026-06-20T07:52:01.000Z</time>
</trkpt>
<trkpt lat="46.3783121" lon="13.8631231">
<ele>2121.95</ele>
<time>2026-06-20T07:52:14.000Z</time>
</trkpt>
<trkpt lat="46.3784731" lon="13.8632914">
<ele>2126.76</ele>
<time>2026-06-20T07:52:25.000Z</time>
</trkpt>
<trkpt lat="46.3786037" lon="13.8634822">
<ele>2122.86</ele>
<time>2026-06-20T07:52:40.000Z</time>
</trkpt>
<trkpt lat="46.3787629" lon="13.8636229">
<ele>2128.87</ele>
<time>2026-06-20T07:52:51.000Z</time>
</trkpt>
<trkpt lat="46.3788778" lon="13.8638272">
<ele>2132.64</ele>
<time>2026-06-20T07:53:08.000Z</time>
</trkpt>
<trkpt lat="46.3789636" lon="13.8640698">
<ele>2136.79</ele>
<time>2026-06-20T07:53:23.000Z</time>
</trkpt>
<trkpt lat="46.3790378" lon="13.8643138">
<ele>2139.55</ele>
<time>2026-06-20T07:53:35.000Z</time>
</trkpt>
<trkpt lat="46.3791126" lon="13.8645543">
<ele>2140.24</ele>
<time>2026-06-20T07:53:50.000Z</time>
</trkpt>
<trkpt lat="46.3791901" lon="13.8648072">
<ele>2144.48</ele>
<time>2026-06-20T07:54:02.000Z</time>
</trkpt>
<trkpt lat="46.3792775" lon="13.8650656">
<ele>2148.72</ele>
<time>2026-06-20T07:54:15.000Z</time>
</trkpt>
<trkpt lat="46.3793967" lon="13.8652641">
<ele>2147.03</ele>
<time>2026-06-20T07:54:25.000Z</time>
</trkpt>
<trkpt lat="46.3795294" lon="13.8654759">
<ele>2139.02</ele>
<time>2026-06-20T07:54:42.000Z</time>
</trkpt>
<trkpt lat="46.3796597" lon="13.8656606">
<ele>2138.90</ele>
<time>2026-06-20T07:54:54.000Z</time>
</trkpt>
<trkpt lat="46.3797878" lon="13.8658446">
<ele>2144.21</ele>
<time>2026-06-20T07:55:11.000Z</time>
</trkpt>
<trkpt lat="46.3798691" lon="13.8660834">
<ele>2145.00</ele>
<time>2026-06-20T07:56:07.000Z</time>
</trkpt>
<trkpt lat="46.3800165" lon="13.8662659">
<ele>2149.17</ele>
<time>2026-06-20T07:56:36.000Z</time>
</trkpt>
<trkpt lat="46.3802017" lon="13.8662997">
<ele>2145.83</ele>
<time>2026-06-20T07:56:46.000Z</time>
</trkpt>
<trkpt lat="46.3803606" lon="13.8664339">
<ele>2150.52</ele>
<time>2026-06-20T07:57:01.000Z</time>
</trkpt>
<trkpt lat="46.3804601" lon="13.8666769">
<ele>2151.85</ele>
<time>2026-06-20T07:57:16.000Z</time>
</trkpt>
<trkpt lat="46.3805745" lon="13.8668929">
<ele>2155.18</ele>
<time>2026-06-20T07:57:31.000Z</time>
</trkpt>
<trkpt lat="46.3806844" lon="13.8671209">
<ele>2155.36</ele>
<time>2026-06-20T07:57:44.000Z</time>
</trkpt>
<trkpt lat="46.3807550" lon="13.8673680">
<ele>2159.94</ele>
<time>2026-06-20T07:57:59.000Z</time>
</trkpt>
<trkpt lat="46.3808976" lon="13.8675606">
<ele>2160.85</ele>
<time>2026-06-20T07:58:17.000Z</time>
</trkpt>
<trkpt lat="46.3810270" lon="13.8677698">
<ele>2172.86</ele>
<time>2026-06-20T07:58:28.000Z</time>
</trkpt>
<trkpt lat="46.3811923" lon="13.8678937">
<ele>2169.73</ele>
<time>2026-06-20T07:58:59.000Z</time>
</trkpt>
<trkpt lat="46.3813444" lon="13.8680557">
<ele>2176.66</ele>
<time>2026-06-20T07:59:16.000Z</time>
</trkpt>
<trkpt lat="46.3815141" lon="13.8681665">
<ele>2178.45</ele>
<time>2026-06-20T07:59:45.000Z</time>
</trkpt>
<trkpt lat="46.3816949" lon="13.8682582">
<ele>2177.95</ele>
<time>2026-06-20T08:00:01.000Z</time>
</trkpt>
<trkpt lat="46.3818732" lon="13.8683654">
<ele>2180.75</ele>
<time>2026-06-20T08:00:15.000Z</time>
</trkpt>
<trkpt lat="46.3820544" lon="13.8683783">
<ele>2185.09</ele>
<time>2026-06-20T08:00:35.000Z</time>
</trkpt>
<trkpt lat="46.3822280" lon="13.8684469">
<ele>2191.78</ele>
<time>2026-06-20T08:01:35.000Z</time>
</trkpt>
<trkpt lat="46.3820705" lon="13.8685935">
<ele>2181.25</ele>
<time>2026-06-20T08:04:40.000Z</time>
</trkpt>
<trkpt lat="46.3819870" lon="13.8688267">
<ele>2166.89</ele>
<time>2026-06-20T08:05:04.000Z</time>
</trkpt>
<trkpt lat="46.3819204" lon="13.8690699">
<ele>2154.82</ele>
<time>2026-06-20T08:05:43.000Z</time>
</trkpt>
<trkpt lat="46.3820154" lon="13.8693075">
<ele>2143.22</ele>
<time>2026-06-20T08:06:55.000Z</time>
</trkpt>
<trkpt lat="46.3821606" lon="13.8694697">
<ele>2142.34</ele>
<time>2026-06-20T08:07:11.000Z</time>
</trkpt>
<trkpt lat="46.3822977" lon="13.8696719">
<ele>2146.48</ele>
<time>2026-06-20T08:07:23.000Z</time>
</trkpt>
<trkpt lat="46.3824246" lon="13.8698698">
<ele>2142.22</ele>
<time>2026-06-20T08:07:39.000Z</time>
</trkpt>
<trkpt lat="46.3825435" lon="13.8700683">
<ele>2141.65</ele>
<time>2026-06-20T08:07:53.000Z</time>
</trkpt>
<trkpt lat="46.3826491" lon="13.8703106">
<ele>2139.25</ele>
<time>2026-06-20T08:08:11.000Z</time>
</trkpt>
<trkpt lat="46.3828034" lon="13.8704749">
<ele>2138.57</ele>
<time>2026-06-20T08:08:28.000Z</time>
</trkpt>
<trkpt lat="46.3829824" lon="13.8705541">
<ele>2135.63</ele>
<time>2026-06-20T08:09:08.000Z</time>
</trkpt>
<trkpt lat="46.3831573" lon="13.8706382">
<ele>2132.09</ele>
<time>2026-06-20T08:09:21.000Z</time>
</trkpt>
<trkpt lat="46.3832200" lon="13.8708855">
<ele>2131.15</ele>
<time>2026-06-20T08:09:38.000Z</time>
</trkpt>
<trkpt lat="46.3833420" lon="13.8710807">
<ele>2137.33</ele>
<time>2026-06-20T08:10:13.000Z</time>
</trkpt>
<trkpt lat="46.3833685" lon="13.8713483">
<ele>2137.70</ele>
<time>2026-06-20T08:10:36.000Z</time>
</trkpt>
<trkpt lat="46.3835348" lon="13.8714612">
<ele>2137.46</ele>
<time>2026-06-20T08:10:53.000Z</time>
</trkpt>
<trkpt lat="46.3837142" lon="13.8715077">
<ele>2140.79</ele>
<time>2026-06-20T08:11:10.000Z</time>
</trkpt>
<trkpt lat="46.3838977" lon="13.8715796">
<ele>2143.24</ele>
<time>2026-06-20T08:11:28.000Z</time>
</trkpt>
<trkpt lat="46.3837715" lon="13.8718051">
<ele>2141.60</ele>
<time>2026-06-20T08:12:06.000Z</time>
</trkpt>
<trkpt lat="46.3836142" lon="13.8719475">
<ele>2139.33</ele>
<time>2026-06-20T08:12:20.000Z</time>
</trkpt>
<trkpt lat="46.3835790" lon="13.8722158">
<ele>2141.20</ele>
<time>2026-06-20T08:12:32.000Z</time>
</trkpt>
<trkpt lat="46.3834270" lon="13.8723839">
<ele>2133.75</ele>
<time>2026-06-20T08:12:48.000Z</time>
</trkpt>
<trkpt lat="46.3832721" lon="13.8725491">
<ele>2128.36</ele>
<time>2026-06-20T08:13:02.000Z</time>
</trkpt>
<trkpt lat="46.3831347" lon="13.8727429">
<ele>2125.23</ele>
<time>2026-06-20T08:13:36.000Z</time>
</trkpt>
<trkpt lat="46.3829585" lon="13.8728282">
<ele>2125.95</ele>
<time>2026-06-20T08:13:50.000Z</time>
</trkpt>
<trkpt lat="46.3827915" lon="13.8729663">
<ele>2127.98</ele>
<time>2026-06-20T08:14:01.000Z</time>
</trkpt>
<trkpt lat="46.3827943" lon="13.8732344">
<ele>2118.01</ele>
<time>2026-06-20T08:14:42.000Z</time>
</trkpt>
<trkpt lat="46.3829004" lon="13.8734482">
<ele>2116.15</ele>
<time>2026-06-20T08:15:01.000Z</time>
</trkpt>
<trkpt lat="46.3828058" lon="13.8736809">
<ele>2107.55</ele>
<time>2026-06-20T08:15:48.000Z</time>
</trkpt>
<trkpt lat="46.3827991" lon="13.8739455">
<ele>2103.46</ele>
<time>2026-06-20T08:16:26.000Z</time>
</trkpt>
<trkpt lat="46.3829065" lon="13.8741553">
<ele>2099.94</ele>
<time>2026-06-20T08:16:56.000Z</time>
</trkpt>
<trkpt lat="46.3829919" lon="13.8743997">
<ele>2099.46</ele>
<time>2026-06-20T08:17:32.000Z</time>
</trkpt>
<trkpt lat="46.3831547" lon="13.8745115">
<ele>2103.84</ele>
<time>2026-06-20T08:18:02.000Z</time>
</trkpt>
<trkpt lat="46.3833224" lon="13.8746224">
<ele>2103.15</ele>
<time>2026-06-20T08:18:40.000Z</time>
</trkpt>
<trkpt lat="46.3834578" lon="13.8748027">
<ele>2099.02</ele>
<time>2026-06-20T08:19:00.000Z</time>
</trkpt>
<trkpt lat="46.3835946" lon="13.8749798">
<ele>2095.68</ele>
<time>2026-06-20T08:19:19.000Z</time>
</trkpt>
<trkpt lat="46.3837412" lon="13.8751335">
<ele>2100.19</ele>
<time>2026-06-20T08:19:38.000Z</time>
</trkpt>
<trkpt lat="46.3839183" lon="13.8752110">
<ele>2099.18</ele>
<time>2026-06-20T08:20:00.000Z</time>
</trkpt>
<trkpt lat="46.3840965" lon="13.8752601">
<ele>2098.17</ele>
<time>2026-06-20T08:20:16.000Z</time>
</trkpt>
<trkpt lat="46.3842427" lon="13.8754142">
<ele>2106.35</ele>
<time>2026-06-20T08:20:34.000Z</time>
</trkpt>
<trkpt lat="46.3841695" lon="13.8756556">
<ele>2104.19</ele>
<time>2026-06-20T08:21:11.000Z</time>
</trkpt>
<trkpt lat="46.3841633" lon="13.8759229">
<ele>2103.05</ele>
<time>2026-06-20T08:21:37.000Z</time>
</trkpt>
<trkpt lat="46.3842479" lon="13.8761630">
<ele>2101.55</ele>
<time>2026-06-20T08:22:07.000Z</time>
</trkpt>
<trkpt lat="46.3841214" lon="13.8763727">
<ele>2105.33</ele>
<time>2026-06-20T08:22:43.000Z</time>
</trkpt>
<trkpt lat="46.3841957" lon="13.8766278">
<ele>2118.11</ele>
<time>2026-06-20T08:23:46.000Z</time>
</trkpt>
<trkpt lat="46.3841909" lon="13.8768919">
<ele>2126.92</ele>
<time>2026-06-20T08:24:11.000Z</time>
</trkpt>
<trkpt lat="46.3842352" lon="13.8771482">
<ele>2129.50</ele>
<time>2026-06-20T08:24:47.000Z</time>
</trkpt>
<trkpt lat="46.3844015" lon="13.8772606">
<ele>2130.45</ele>
<time>2026-06-20T08:25:06.000Z</time>
</trkpt>
<trkpt lat="46.3845487" lon="13.8774140">
<ele>2135.08</ele>
<time>2026-06-20T08:25:26.000Z</time>
</trkpt>
<trkpt lat="46.3847297" lon="13.8774319">
<ele>2138.20</ele>
<time>2026-06-20T08:26:05.000Z</time>
</trkpt>
<trkpt lat="46.3849037" lon="13.8775243">
<ele>2134.30</ele>
<time>2026-06-20T08:26:25.000Z</time>
</trkpt>
<trkpt lat="46.3848532" lon="13.8777830">
<ele>2126.48</ele>
<time>2026-06-20T08:27:17.000Z</time>
</trkpt>
<trkpt lat="46.3848814" lon="13.8780421">
<ele>2122.70</ele>
<time>2026-06-20T08:27:38.000Z</time>
</trkpt>
<trkpt lat="46.3850527" lon="13.8781328">
<ele>2122.38</ele>
<time>2026-06-20T08:28:03.000Z</time>
</trkpt>
<trkpt lat="46.3850373" lon="13.8783958">
<ele>2114.79</ele>
<time>2026-06-20T08:31:15.000Z</time>
</trkpt>
<trkpt lat="46.3849933" lon="13.8786557">
<ele>2106.17</ele>
<time>2026-06-20T08:31:41.000Z</time>
</trkpt>
<trkpt lat="46.3851736" lon="13.8786420">
<ele>2090.32</ele>
<time>2026-06-20T08:32:14.000Z</time>
</trkpt>
<trkpt lat="46.3853368" lon="13.8785121">
<ele>2083.74</ele>
<time>2026-06-20T08:32:53.000Z</time>
</trkpt>
<trkpt lat="46.3855213" lon="13.8785480">
<ele>2077.03</ele>
<time>2026-06-20T08:33:14.000Z</time>
</trkpt>
<trkpt lat="46.3856223" lon="13.8787823">
<ele>2073.29</ele>
<time>2026-06-20T08:33:31.000Z</time>
</trkpt>
<trkpt lat="46.3857770" lon="13.8789185">
<ele>2070.98</ele>
<time>2026-06-20T08:33:49.000Z</time>
</trkpt>
<trkpt lat="46.3859541" lon="13.8789898">
<ele>2072.57</ele>
<time>2026-06-20T08:34:04.000Z</time>
</trkpt>
<trkpt lat="46.3860799" lon="13.8791859">
<ele>2076.29</ele>
<time>2026-06-20T08:34:32.000Z</time>
</trkpt>
<trkpt lat="46.3861148" lon="13.8794477">
<ele>2074.12</ele>
<time>2026-06-20T08:34:48.000Z</time>
</trkpt>
<trkpt lat="46.3862533" lon="13.8796276">
<ele>2075.34</ele>
<time>2026-06-20T08:35:20.000Z</time>
</trkpt>
<trkpt lat="46.3862174" lon="13.8798869">
<ele>2072.24</ele>
<time>2026-06-20T08:35:34.000Z</time>
</trkpt>
<trkpt lat="46.3861659" lon="13.8801454">
<ele>2068.05</ele>
<time>2026-06-20T08:35:49.000Z</time>
</trkpt>
<trkpt lat="46.3861567" lon="13.8804267">
<ele>2069.87</ele>
<time>2026-06-20T08:36:00.000Z</time>
</trkpt>
<trkpt lat="46.3861153" lon="13.8806911">
<ele>2070.06</ele>
<time>2026-06-20T08:36:11.000Z</time>
</trkpt>
<trkpt lat="46.3860697" lon="13.8809440">
<ele>2062.82</ele>
<time>2026-06-20T08:36:29.000Z</time>
</trkpt>
<trkpt lat="46.3861483" lon="13.8811854">
<ele>2062.80</ele>
<time>2026-06-20T08:39:03.000Z</time>
</trkpt>
<trkpt lat="46.3862119" lon="13.8814498">
<ele>2068.06</ele>
<time>2026-06-20T08:39:20.000Z</time>
</trkpt>
<trkpt lat="46.3862466" lon="13.8817127">
<ele>2063.87</ele>
<time>2026-06-20T08:39:49.000Z</time>
</trkpt>
<trkpt lat="46.3863270" lon="13.8819665">
<ele>2065.88</ele>
<time>2026-06-20T08:40:07.000Z</time>
</trkpt>
<trkpt lat="46.3864179" lon="13.8821987">
<ele>2067.25</ele>
<time>2026-06-20T08:40:35.000Z</time>
</trkpt>
<trkpt lat="46.3865100" lon="13.8824352">
<ele>2066.93</ele>
<time>2026-06-20T08:40:57.000Z</time>
</trkpt>
<trkpt lat="46.3866828" lon="13.8825287">
<ele>2067.34</ele>
<time>2026-06-20T08:41:30.000Z</time>
</trkpt>
<trkpt lat="46.3868510" lon="13.8826423">
<ele>2067.43</ele>
<time>2026-06-20T08:41:46.000Z</time>
</trkpt>
<trkpt lat="46.3870358" lon="13.8826897">
<ele>2066.06</ele>
<time>2026-06-20T08:42:05.000Z</time>
</trkpt>
<trkpt lat="46.3872156" lon="13.8826369">
<ele>2069.90</ele>
<time>2026-06-20T08:42:23.000Z</time>
</trkpt>
<trkpt lat="46.3873797" lon="13.8827776">
<ele>2073.38</ele>
<time>2026-06-20T08:42:43.000Z</time>
</trkpt>
<trkpt lat="46.3873323" lon="13.8830302">
<ele>2076.05</ele>
<time>2026-06-20T08:43:00.000Z</time>
</trkpt>
<trkpt lat="46.3873872" lon="13.8832786">
<ele>2084.52</ele>
<time>2026-06-20T08:43:26.000Z</time>
</trkpt>
<trkpt lat="46.3874028" lon="13.8835423">
<ele>2087.98</ele>
<time>2026-06-20T08:43:49.000Z</time>
</trkpt>
<trkpt lat="46.3875241" lon="13.8837463">
<ele>2091.63</ele>
<time>2026-06-20T08:44:16.000Z</time>
</trkpt>
<trkpt lat="46.3875243" lon="13.8840129">
<ele>2097.17</ele>
<time>2026-06-20T08:44:51.000Z</time>
</trkpt>
<trkpt lat="46.3876135" lon="13.8842463">
<ele>2110.03</ele>
<time>2026-06-20T08:45:46.000Z</time>
</trkpt>
<trkpt lat="46.3877913" lon="13.8843300">
<ele>2122.85</ele>
<time>2026-06-20T08:46:43.000Z</time>
</trkpt>
<trkpt lat="46.3876838" lon="13.8845514">
<ele>2139.13</ele>
<time>2026-06-20T08:47:40.000Z</time>
</trkpt>
<trkpt lat="46.3876415" lon="13.8848189">
<ele>2138.36</ele>
<time>2026-06-20T08:48:03.000Z</time>
</trkpt>
<trkpt lat="46.3876753" lon="13.8850811">
<ele>2142.78</ele>
<time>2026-06-20T08:48:39.000Z</time>
</trkpt>
<trkpt lat="46.3876957" lon="13.8853437">
<ele>2149.57</ele>
<time>2026-06-20T08:49:31.000Z</time>
</trkpt>
<trkpt lat="46.3877202" lon="13.8856075">
<ele>2155.33</ele>
<time>2026-06-20T08:49:52.000Z</time>
</trkpt>
<trkpt lat="46.3877687" lon="13.8858634">
<ele>2159.43</ele>
<time>2026-06-20T08:50:27.000Z</time>
</trkpt>
<trkpt lat="46.3877834" lon="13.8861261">
<ele>2163.98</ele>
<time>2026-06-20T08:50:46.000Z</time>
</trkpt>
<trkpt lat="46.3877638" lon="13.8863931">
<ele>2159.34</ele>
<time>2026-06-20T08:51:37.000Z</time>
</trkpt>
<trkpt lat="46.3877538" lon="13.8866550">
<ele>2156.17</ele>
<time>2026-06-20T08:51:56.000Z</time>
</trkpt>
<trkpt lat="46.3877070" lon="13.8869226">
<ele>2151.07</ele>
<time>2026-06-20T08:52:16.000Z</time>
</trkpt>
<trkpt lat="46.3876233" lon="13.8871590">
<ele>2143.76</ele>
<time>2026-06-20T08:52:33.000Z</time>
</trkpt>
<trkpt lat="46.3876652" lon="13.8874202">
<ele>2141.95</ele>
<time>2026-06-20T08:54:05.000Z</time>
</trkpt>
<trkpt lat="46.3875682" lon="13.8876612">
<ele>2138.47</ele>
<time>2026-06-20T08:54:21.000Z</time>
</trkpt>
<trkpt lat="46.3873913" lon="13.8877402">
<ele>2136.35</ele>
<time>2026-06-20T08:55:01.000Z</time>
</trkpt>
<trkpt lat="46.3872594" lon="13.8879208">
<ele>2132.61</ele>
<time>2026-06-20T08:55:26.000Z</time>
</trkpt>
<trkpt lat="46.3874265" lon="13.8878002">
<ele>2137.58</ele>
<time>2026-06-20T09:06:13.000Z</time>
</trkpt>
<trkpt lat="46.3875162" lon="13.8875686">
<ele>2139.56</ele>
<time>2026-06-20T09:06:34.000Z</time>
</trkpt>
<trkpt lat="46.3875733" lon="13.8873102">
<ele>2143.70</ele>
<time>2026-06-20T09:06:54.000Z</time>
</trkpt>
<trkpt lat="46.3876308" lon="13.8870597">
<ele>2146.95</ele>
<time>2026-06-20T09:07:14.000Z</time>
</trkpt>
<trkpt lat="46.3876928" lon="13.8868043">
<ele>2152.68</ele>
<time>2026-06-20T09:07:37.000Z</time>
</trkpt>
<trkpt lat="46.3877437" lon="13.8865440">
<ele>2158.27</ele>
<time>2026-06-20T09:08:05.000Z</time>
</trkpt>
<trkpt lat="46.3877866" lon="13.8862868">
<ele>2159.81</ele>
<time>2026-06-20T09:08:34.000Z</time>
</trkpt>
<trkpt lat="46.3877344" lon="13.8860325">
<ele>2160.91</ele>
<time>2026-06-20T09:09:29.000Z</time>
</trkpt>
<trkpt lat="46.3877255" lon="13.8857593">
<ele>2158.22</ele>
<time>2026-06-20T09:09:47.000Z</time>
</trkpt>
<trkpt lat="46.3877102" lon="13.8854984">
<ele>2156.79</ele>
<time>2026-06-20T09:10:08.000Z</time>
</trkpt>
<trkpt lat="46.3876462" lon="13.8852495">
<ele>2146.25</ele>
<time>2026-06-20T09:10:40.000Z</time>
</trkpt>
<trkpt lat="46.3875893" lon="13.8849961">
<ele>2137.51</ele>
<time>2026-06-20T09:11:26.000Z</time>
</trkpt>
<trkpt lat="46.3876865" lon="13.8847740">
<ele>2135.18</ele>
<time>2026-06-20T09:12:01.000Z</time>
</trkpt>
<trkpt lat="46.3877498" lon="13.8845277">
<ele>2139.09</ele>
<time>2026-06-20T09:17:00.000Z</time>
</trkpt>
<trkpt lat="46.3877547" lon="13.8842665">
<ele>2120.13</ele>
<time>2026-06-20T09:22:18.000Z</time>
</trkpt>
<trkpt lat="46.3875784" lon="13.8842065">
<ele>2102.48</ele>
<time>2026-06-20T09:23:24.000Z</time>
</trkpt>
<trkpt lat="46.3875267" lon="13.8839504">
<ele>2091.76</ele>
<time>2026-06-20T09:23:59.000Z</time>
</trkpt>
<trkpt lat="46.3874884" lon="13.8836894">
<ele>2084.53</ele>
<time>2026-06-20T09:24:19.000Z</time>
</trkpt>
<trkpt lat="46.3873767" lon="13.8834796">
<ele>2082.49</ele>
<time>2026-06-20T09:26:21.000Z</time>
</trkpt>
<trkpt lat="46.3873156" lon="13.8832285">
<ele>2076.11</ele>
<time>2026-06-20T09:26:58.000Z</time>
</trkpt>
<trkpt lat="46.3872173" lon="13.8829927">
<ele>2071.67</ele>
<time>2026-06-20T09:27:22.000Z</time>
</trkpt>
<trkpt lat="46.3871044" lon="13.8827789">
<ele>2072.21</ele>
<time>2026-06-20T09:27:44.000Z</time>
</trkpt>
<trkpt lat="46.3869300" lon="13.8826827">
<ele>2072.39</ele>
<time>2026-06-20T09:28:04.000Z</time>
</trkpt>
<trkpt lat="46.3867936" lon="13.8825063">
<ele>2072.60</ele>
<time>2026-06-20T09:28:21.000Z</time>
</trkpt>
<trkpt lat="46.3866525" lon="13.8823376">
<ele>2070.82</ele>
<time>2026-06-20T09:28:41.000Z</time>
</trkpt>
<trkpt lat="46.3864729" lon="13.8823881">
<ele>2070.57</ele>
<time>2026-06-20T09:29:27.000Z</time>
</trkpt>
<trkpt lat="46.3863224" lon="13.8822158">
<ele>2064.21</ele>
<time>2026-06-20T09:29:51.000Z</time>
</trkpt>
<trkpt lat="46.3861407" lon="13.8821965">
<ele>2061.92</ele>
<time>2026-06-20T09:30:20.000Z</time>
</trkpt>
<trkpt lat="46.3859998" lon="13.8820259">
<ele>2056.32</ele>
<time>2026-06-20T09:30:43.000Z</time>
</trkpt>
<trkpt lat="46.3858118" lon="13.8819957">
<ele>2051.67</ele>
<time>2026-06-20T09:31:05.000Z</time>
</trkpt>
<trkpt lat="46.3856314" lon="13.8820019">
<ele>2044.96</ele>
<time>2026-06-20T09:31:36.000Z</time>
</trkpt>
<trkpt lat="46.3854532" lon="13.8819542">
<ele>2044.06</ele>
<time>2026-06-20T09:31:55.000Z</time>
</trkpt>
<trkpt lat="46.3852727" lon="13.8820015">
<ele>2045.85</ele>
<time>2026-06-20T09:32:16.000Z</time>
</trkpt>
<trkpt lat="46.3850916" lon="13.8820481">
<ele>2048.22</ele>
<time>2026-06-20T09:32:29.000Z</time>
</trkpt>
<trkpt lat="46.3849507" lon="13.8822164">
<ele>2042.98</ele>
<time>2026-06-20T09:32:47.000Z</time>
</trkpt>
<trkpt lat="46.3847674" lon="13.8822554">
<ele>2043.70</ele>
<time>2026-06-20T09:33:04.000Z</time>
</trkpt>
<trkpt lat="46.3845927" lon="13.8823274">
<ele>2040.29</ele>
<time>2026-06-20T09:33:20.000Z</time>
</trkpt>
<trkpt lat="46.3844105" lon="13.8823499">
<ele>2037.58</ele>
<time>2026-06-20T09:33:38.000Z</time>
</trkpt>
<trkpt lat="46.3842246" lon="13.8823328">
<ele>2036.42</ele>
<time>2026-06-20T09:33:57.000Z</time>
</trkpt>
<trkpt lat="46.3840519" lon="13.8824229">
<ele>2034.23</ele>
<time>2026-06-20T09:34:23.000Z</time>
</trkpt>
<trkpt lat="46.3838669" lon="13.8824307">
<ele>2032.84</ele>
<time>2026-06-20T09:34:39.000Z</time>
</trkpt>
<trkpt lat="46.3836858" lon="13.8825074">
<ele>2031.75</ele>
<time>2026-06-20T09:34:54.000Z</time>
</trkpt>
<trkpt lat="46.3835059" lon="13.8825144">
<ele>2027.38</ele>
<time>2026-06-20T09:35:14.000Z</time>
</trkpt>
<trkpt lat="46.3833665" lon="13.8826884">
<ele>2023.23</ele>
<time>2026-06-20T09:35:34.000Z</time>
</trkpt>
<trkpt lat="46.3831903" lon="13.8827630">
<ele>2018.45</ele>
<time>2026-06-20T09:35:52.000Z</time>
</trkpt>
<trkpt lat="46.3830064" lon="13.8827934">
<ele>2013.89</ele>
<time>2026-06-20T09:36:35.000Z</time>
</trkpt>
<trkpt lat="46.3828188" lon="13.8827966">
<ele>2007.13</ele>
<time>2026-06-20T09:36:53.000Z</time>
</trkpt>
<trkpt lat="46.3826410" lon="13.8828643">
<ele>1997.29</ele>
<time>2026-06-20T09:37:28.000Z</time>
</trkpt>
<trkpt lat="46.3824612" lon="13.8828291">
<ele>1994.14</ele>
<time>2026-06-20T09:37:44.000Z</time>
</trkpt>
<trkpt lat="46.3822854" lon="13.8829270">
<ele>1992.65</ele>
<time>2026-06-20T09:38:03.000Z</time>
</trkpt>
<trkpt lat="46.3821032" lon="13.8829890">
<ele>1984.26</ele>
<time>2026-06-20T09:38:23.000Z</time>
</trkpt>
<trkpt lat="46.3819354" lon="13.8830883">
<ele>1980.04</ele>
<time>2026-06-20T09:38:51.000Z</time>
</trkpt>
<trkpt lat="46.3817548" lon="13.8831635">
<ele>1975.96</ele>
<time>2026-06-20T09:39:26.000Z</time>
</trkpt>
<trkpt lat="46.3815748" lon="13.8831925">
<ele>1975.25</ele>
<time>2026-06-20T09:40:30.000Z</time>
</trkpt>
<trkpt lat="46.3815711" lon="13.8834587">
<ele>1974.78</ele>
<time>2026-06-20T09:40:57.000Z</time>
</trkpt>
<trkpt lat="46.3816671" lon="13.8837080">
<ele>1974.40</ele>
<time>2026-06-20T09:41:10.000Z</time>
</trkpt>
<trkpt lat="46.3817627" lon="13.8839384">
<ele>1973.18</ele>
<time>2026-06-20T09:41:24.000Z</time>
</trkpt>
<trkpt lat="46.3818353" lon="13.8841796">
<ele>1972.67</ele>
<time>2026-06-20T09:41:38.000Z</time>
</trkpt>
<trkpt lat="46.3819123" lon="13.8844161">
<ele>1970.98</ele>
<time>2026-06-20T09:41:59.000Z</time>
</trkpt>
<trkpt lat="46.3819818" lon="13.8846669">
<ele>1975.00</ele>
<time>2026-06-20T09:42:26.000Z</time>
</trkpt>
<trkpt lat="46.3820264" lon="13.8849204">
<ele>1979.41</ele>
<time>2026-06-20T09:42:49.000Z</time>
</trkpt>
<trkpt lat="46.3818716" lon="13.8850744">
<ele>1984.17</ele>
<time>2026-06-20T09:43:12.000Z</time>
</trkpt>
<trkpt lat="46.3817574" lon="13.8852817">
<ele>1989.83</ele>
<time>2026-06-20T09:43:39.000Z</time>
</trkpt>
<trkpt lat="46.3816274" lon="13.8854638">
<ele>1999.01</ele>
<time>2026-06-20T09:44:08.000Z</time>
</trkpt>
<trkpt lat="46.3814708" lon="13.8855994">
<ele>2004.06</ele>
<time>2026-06-20T09:44:35.000Z</time>
</trkpt>
<trkpt lat="46.3813096" lon="13.8857351">
<ele>2009.78</ele>
<time>2026-06-20T09:44:59.000Z</time>
</trkpt>
<trkpt lat="46.3811535" lon="13.8858859">
<ele>2017.23</ele>
<time>2026-06-20T09:45:19.000Z</time>
</trkpt>
<trkpt lat="46.3810145" lon="13.8860586">
<ele>2026.36</ele>
<time>2026-06-20T09:45:53.000Z</time>
</trkpt>
<trkpt lat="46.3808366" lon="13.8859860">
<ele>2021.89</ele>
<time>2026-06-20T09:46:15.000Z</time>
</trkpt>
<trkpt lat="46.3808570" lon="13.8862559">
<ele>2028.82</ele>
<time>2026-06-20T09:46:47.000Z</time>
</trkpt>
<trkpt lat="46.3808209" lon="13.8865158">
<ele>2034.92</ele>
<time>2026-06-20T09:47:10.000Z</time>
</trkpt>
<trkpt lat="46.3809944" lon="13.8866169">
<ele>2037.62</ele>
<time>2026-06-20T09:48:07.000Z</time>
</trkpt>
<trkpt lat="46.3811758" lon="13.8866677">
<ele>2038.39</ele>
<time>2026-06-20T09:48:24.000Z</time>
</trkpt>
<trkpt lat="46.3813585" lon="13.8866001">
<ele>2040.72</ele>
<time>2026-06-20T09:48:44.000Z</time>
</trkpt>
<trkpt lat="46.3814896" lon="13.8867865">
<ele>2049.41</ele>
<time>2026-06-20T09:49:19.000Z</time>
</trkpt>
<trkpt lat="46.3813891" lon="13.8865568">
<ele>2039.90</ele>
<time>2026-06-20T09:58:31.000Z</time>
</trkpt>
<trkpt lat="46.3812254" lon="13.8864398">
<ele>2035.60</ele>
<time>2026-06-20T09:58:52.000Z</time>
</trkpt>
<trkpt lat="46.3810553" lon="13.8865391">
<ele>2037.62</ele>
<time>2026-06-20T09:59:30.000Z</time>
</trkpt>
<trkpt lat="46.3808752" lon="13.8865728">
<ele>2036.14</ele>
<time>2026-06-20T09:59:45.000Z</time>
</trkpt>
<trkpt lat="46.3808994" lon="13.8863103">
<ele>2031.29</ele>
<time>2026-06-20T10:00:13.000Z</time>
</trkpt>
<trkpt lat="46.3810003" lon="13.8860770">
<ele>2025.61</ele>
<time>2026-06-20T10:00:44.000Z</time>
</trkpt>
<trkpt lat="46.3811391" lon="13.8858968">
<ele>2018.81</ele>
<time>2026-06-20T10:01:05.000Z</time>
</trkpt>
<trkpt lat="46.3812852" lon="13.8857404">
<ele>2013.17</ele>
<time>2026-06-20T10:01:21.000Z</time>
</trkpt>
<trkpt lat="46.3814505" lon="13.8856077">
<ele>2007.23</ele>
<time>2026-06-20T10:01:40.000Z</time>
</trkpt>
<trkpt lat="46.3815579" lon="13.8853858">
<ele>1994.50</ele>
<time>2026-06-20T10:02:04.000Z</time>
</trkpt>
<trkpt lat="46.3817219" lon="13.8852687">
<ele>1990.00</ele>
<time>2026-06-20T10:02:27.000Z</time>
</trkpt>
<trkpt lat="46.3818647" lon="13.8850992">
<ele>1984.45</ele>
<time>2026-06-20T10:02:45.000Z</time>
</trkpt>
<trkpt lat="46.3820239" lon="13.8849660">
<ele>1980.19</ele>
<time>2026-06-20T10:03:03.000Z</time>
</trkpt>
<trkpt lat="46.3820470" lon="13.8847022">
<ele>1976.60</ele>
<time>2026-06-20T10:04:29.000Z</time>
</trkpt>
<trkpt lat="46.3820343" lon="13.8844276">
<ele>1970.32</ele>
<time>2026-06-20T10:04:46.000Z</time>
</trkpt>
<trkpt lat="46.3819110" lon="13.8842175">
<ele>1968.63</ele>
<time>2026-06-20T10:05:00.000Z</time>
</trkpt>
<trkpt lat="46.3818028" lon="13.8839985">
<ele>1969.07</ele>
<time>2026-06-20T10:05:13.000Z</time>
</trkpt>
<trkpt lat="46.3817164" lon="13.8837677">
<ele>1967.51</ele>
<time>2026-06-20T10:05:26.000Z</time>
</trkpt>
<trkpt lat="46.3816479" lon="13.8835112">
<ele>1969.32</ele>
<time>2026-06-20T10:05:43.000Z</time>
</trkpt>
<trkpt lat="46.3815488" lon="13.8832830">
<ele>1970.76</ele>
<time>2026-06-20T10:05:56.000Z</time>
</trkpt>
<trkpt lat="46.3814445" lon="13.8830663">
<ele>1972.43</ele>
<time>2026-06-20T10:06:10.000Z</time>
</trkpt>
<trkpt lat="46.3813986" lon="13.8828135">
<ele>1978.86</ele>
<time>2026-06-20T10:06:26.000Z</time>
</trkpt>
<trkpt lat="46.3812911" lon="13.8825876">
<ele>1982.48</ele>
<time>2026-06-20T10:06:45.000Z</time>
</trkpt>
<trkpt lat="46.3812482" lon="13.8823221">
<ele>1984.45</ele>
<time>2026-06-20T10:07:01.000Z</time>
</trkpt>
<trkpt lat="46.3812255" lon="13.8820543">
<ele>1989.76</ele>
<time>2026-06-20T10:07:18.000Z</time>
</trkpt>
<trkpt lat="46.3811560" lon="13.8818131">
<ele>1990.95</ele>
<time>2026-06-20T10:07:38.000Z</time>
</trkpt>
<trkpt lat="46.3810504" lon="13.8815928">
<ele>1989.93</ele>
<time>2026-06-20T10:07:55.000Z</time>
</trkpt>
<trkpt lat="46.3809690" lon="13.8813538">
<ele>1998.21</ele>
<time>2026-06-20T10:08:11.000Z</time>
</trkpt>
<trkpt lat="46.3808658" lon="13.8811333">
<ele>2001.11</ele>
<time>2026-06-20T10:08:30.000Z</time>
</trkpt>
<trkpt lat="46.3807365" lon="13.8809385">
<ele>2003.55</ele>
<time>2026-06-20T10:08:45.000Z</time>
</trkpt>
<trkpt lat="46.3806488" lon="13.8807003">
<ele>2003.65</ele>
<time>2026-06-20T10:09:00.000Z</time>
</trkpt>
<trkpt lat="46.3805914" lon="13.8804451">
<ele>2006.24</ele>
<time>2026-06-20T10:09:24.000Z</time>
</trkpt>
<trkpt lat="46.3805051" lon="13.8801965">
<ele>2002.44</ele>
<time>2026-06-20T10:09:37.000Z</time>
</trkpt>
<trkpt lat="46.3804489" lon="13.8799308">
<ele>1998.20</ele>
<time>2026-06-20T10:09:50.000Z</time>
</trkpt>
<trkpt lat="46.3803828" lon="13.8796706">
<ele>1996.19</ele>
<time>2026-06-20T10:10:04.000Z</time>
</trkpt>
<trkpt lat="46.3803106" lon="13.8794222">
<ele>1996.48</ele>
<time>2026-06-20T10:10:20.000Z</time>
</trkpt>
<trkpt lat="46.3801692" lon="13.8792325">
<ele>1993.19</ele>
<time>2026-06-20T10:10:36.000Z</time>
</trkpt>
<trkpt lat="46.3800997" lon="13.8789897">
<ele>1993.12</ele>
<time>2026-06-20T10:10:51.000Z</time>
</trkpt>
<trkpt lat="46.3799713" lon="13.8787939">
<ele>1996.89</ele>
<time>2026-06-20T10:11:11.000Z</time>
</trkpt>
<trkpt lat="46.3799362" lon="13.8785326">
<ele>1996.38</ele>
<time>2026-06-20T10:11:29.000Z</time>
</trkpt>
<trkpt lat="46.3799286" lon="13.8782642">
<ele>1997.84</ele>
<time>2026-06-20T10:11:47.000Z</time>
</trkpt>
<trkpt lat="46.3798673" lon="13.8780188">
<ele>1998.42</ele>
<time>2026-06-20T10:12:02.000Z</time>
</trkpt>
<trkpt lat="46.3797560" lon="13.8778074">
<ele>2000.01</ele>
<time>2026-06-20T10:12:18.000Z</time>
</trkpt>
<trkpt lat="46.3796415" lon="13.8776008">
<ele>2000.51</ele>
<time>2026-06-20T10:12:32.000Z</time>
</trkpt>
<trkpt lat="46.3795366" lon="13.8773760">
<ele>1997.21</ele>
<time>2026-06-20T10:12:45.000Z</time>
</trkpt>
<trkpt lat="46.3794319" lon="13.8771636">
<ele>1996.40</ele>
<time>2026-06-20T10:12:59.000Z</time>
</trkpt>
<trkpt lat="46.3792971" lon="13.8769906">
<ele>1998.33</ele>
<time>2026-06-20T10:13:29.000Z</time>
</trkpt>
<trkpt lat="46.3791442" lon="13.8768340">
<ele>1997.47</ele>
<time>2026-06-20T10:14:18.000Z</time>
</trkpt>
<trkpt lat="46.3790175" lon="13.8766316">
<ele>1991.63</ele>
<time>2026-06-20T10:15:04.000Z</time>
</trkpt>
<trkpt lat="46.3791691" lon="13.8764638">
<ele>1988.01</ele>
<time>2026-06-20T10:15:21.000Z</time>
</trkpt>
<trkpt lat="46.3793052" lon="13.8762848">
<ele>1988.10</ele>
<time>2026-06-20T10:15:35.000Z</time>
</trkpt>
<trkpt lat="46.3793243" lon="13.8760115">
<ele>1981.96</ele>
<time>2026-06-20T10:15:51.000Z</time>
</trkpt>
<trkpt lat="46.3791399" lon="13.8759498">
<ele>1981.69</ele>
<time>2026-06-20T10:16:14.000Z</time>
</trkpt>
<trkpt lat="46.3789597" lon="13.8758731">
<ele>1977.87</ele>
<time>2026-06-20T10:16:26.000Z</time>
</trkpt>
<trkpt lat="46.3787759" lon="13.8758520">
<ele>1974.53</ele>
<time>2026-06-20T10:16:39.000Z</time>
</trkpt>
<trkpt lat="46.3786321" lon="13.8756953">
<ele>1968.36</ele>
<time>2026-06-20T10:16:57.000Z</time>
</trkpt>
<trkpt lat="46.3784867" lon="13.8755286">
<ele>1958.87</ele>
<time>2026-06-20T10:17:35.000Z</time>
</trkpt>
<trkpt lat="46.3784027" lon="13.8752853">
<ele>1951.41</ele>
<time>2026-06-20T10:17:54.000Z</time>
</trkpt>
<trkpt lat="46.3782763" lon="13.8750869">
<ele>1942.81</ele>
<time>2026-06-20T10:18:16.000Z</time>
</trkpt>
<trkpt lat="46.3781578" lon="13.8748866">
<ele>1937.52</ele>
<time>2026-06-20T10:18:30.000Z</time>
</trkpt>
<trkpt lat="46.3780729" lon="13.8746514">
<ele>1928.34</ele>
<time>2026-06-20T10:18:44.000Z</time>
</trkpt>
<trkpt lat="46.3779279" lon="13.8744948">
<ele>1925.24</ele>
<time>2026-06-20T10:18:58.000Z</time>
</trkpt>
<trkpt lat="46.3777825" lon="13.8743128">
<ele>1917.26</ele>
<time>2026-06-20T10:19:26.000Z</time>
</trkpt>
<trkpt lat="46.3776382" lon="13.8741410">
<ele>1910.09</ele>
<time>2026-06-20T10:19:38.000Z</time>
</trkpt>
<trkpt lat="46.3774850" lon="13.8739923">
<ele>1901.30</ele>
<time>2026-06-20T10:19:57.000Z</time>
</trkpt>
<trkpt lat="46.3773838" lon="13.8737723">
<ele>1899.85</ele>
<time>2026-06-20T10:20:12.000Z</time>
</trkpt>
<trkpt lat="46.3772895" lon="13.8735487">
<ele>1903.56</ele>
<time>2026-06-20T10:20:25.000Z</time>
</trkpt>
<trkpt lat="46.3773574" lon="13.8737914">
<ele>1901.78</ele>
<time>2026-06-20T10:21:10.000Z</time>
</trkpt>
<trkpt lat="46.3772010" lon="13.8739420">
<ele>1901.18</ele>
<time>2026-06-20T10:21:24.000Z</time>
</trkpt>
<trkpt lat="46.3770203" lon="13.8740221">
<ele>1902.72</ele>
<time>2026-06-20T10:21:39.000Z</time>
</trkpt>
<trkpt lat="46.3768436" lon="13.8740901">
<ele>1909.72</ele>
<time>2026-06-20T10:21:54.000Z</time>
</trkpt>
<trkpt lat="46.3767062" lon="13.8742759">
<ele>1912.14</ele>
<time>2026-06-20T10:22:17.000Z</time>
</trkpt>
<trkpt lat="46.3765483" lon="13.8744237">
<ele>1919.09</ele>
<time>2026-06-20T10:22:41.000Z</time>
</trkpt>
<trkpt lat="46.3763566" lon="13.8744738">
<ele>1918.48</ele>
<time>2026-06-20T10:22:52.000Z</time>
</trkpt>
<trkpt lat="46.3761883" lon="13.8745967">
<ele>1912.68</ele>
<time>2026-06-20T10:23:11.000Z</time>
</trkpt>
<trkpt lat="46.3760082" lon="13.8745978">
<ele>1907.28</ele>
<time>2026-06-20T10:23:27.000Z</time>
</trkpt>
<trkpt lat="46.3758222" lon="13.8746627">
<ele>1907.48</ele>
<time>2026-06-20T10:23:41.000Z</time>
</trkpt>
<trkpt lat="46.3756392" lon="13.8746517">
<ele>1908.82</ele>
<time>2026-06-20T10:23:51.000Z</time>
</trkpt>
<trkpt lat="46.3754548" lon="13.8746938">
<ele>1910.87</ele>
<time>2026-06-20T10:24:03.000Z</time>
</trkpt>
<trkpt lat="46.3752791" lon="13.8748007">
<ele>1909.98</ele>
<time>2026-06-20T10:24:15.000Z</time>
</trkpt>
<trkpt lat="46.3750979" lon="13.8748955">
<ele>1906.59</ele>
<time>2026-06-20T10:24:28.000Z</time>
</trkpt>
<trkpt lat="46.3749125" lon="13.8748824">
<ele>1906.51</ele>
<time>2026-06-20T10:24:40.000Z</time>
</trkpt>
<trkpt lat="46.3747260" lon="13.8749637">
<ele>1904.75</ele>
<time>2026-06-20T10:24:53.000Z</time>
</trkpt>
<trkpt lat="46.3745315" lon="13.8750002">
<ele>1900.77</ele>
<time>2026-06-20T10:25:19.000Z</time>
</trkpt>
<trkpt lat="46.3743487" lon="13.8749756">
<ele>1899.39</ele>
<time>2026-06-20T10:25:33.000Z</time>
</trkpt>
<trkpt lat="46.3741845" lon="13.8748481">
<ele>1897.09</ele>
<time>2026-06-20T10:25:45.000Z</time>
</trkpt>
<trkpt lat="46.3741422" lon="13.8745693">
<ele>1890.60</ele>
<time>2026-06-20T10:25:59.000Z</time>
</trkpt>
<trkpt lat="46.3740445" lon="13.8743449">
<ele>1889.14</ele>
<time>2026-06-20T10:26:14.000Z</time>
</trkpt>
<trkpt lat="46.3739144" lon="13.8741482">
<ele>1885.08</ele>
<time>2026-06-20T10:26:29.000Z</time>
</trkpt>
<trkpt lat="46.3737750" lon="13.8739622">
<ele>1882.01</ele>
<time>2026-06-20T10:26:41.000Z</time>
</trkpt>
<trkpt lat="46.3737042" lon="13.8737037">
<ele>1880.67</ele>
<time>2026-06-20T10:26:54.000Z</time>
</trkpt>
<trkpt lat="46.3735525" lon="13.8735435">
<ele>1876.75</ele>
<time>2026-06-20T10:27:08.000Z</time>
</trkpt>
<trkpt lat="46.3733746" lon="13.8736248">
<ele>1869.96</ele>
<time>2026-06-20T10:27:34.000Z</time>
</trkpt>
<trkpt lat="46.3731835" lon="13.8736433">
<ele>1865.00</ele>
<time>2026-06-20T10:27:49.000Z</time>
</trkpt>
<trkpt lat="46.3729920" lon="13.8736378">
<ele>1852.63</ele>
<time>2026-06-20T10:28:18.000Z</time>
</trkpt>
<trkpt lat="46.3728853" lon="13.8738742">
<ele>1844.72</ele>
<time>2026-06-20T10:28:32.000Z</time>
</trkpt>
<trkpt lat="46.3727096" lon="13.8737831">
<ele>1836.65</ele>
<time>2026-06-20T10:28:53.000Z</time>
</trkpt>
<trkpt lat="46.3725374" lon="13.8739074">
<ele>1832.37</ele>
<time>2026-06-20T10:29:04.000Z</time>
</trkpt>
<trkpt lat="46.3724698" lon="13.8741563">
<ele>1825.03</ele>
<time>2026-06-20T10:29:16.000Z</time>
</trkpt>
<trkpt lat="46.3722820" lon="13.8741818">
<ele>1818.70</ele>
<time>2026-06-20T10:29:49.000Z</time>
</trkpt>
<trkpt lat="46.3721141" lon="13.8740858">
<ele>1813.95</ele>
<time>2026-06-20T10:30:04.000Z</time>
</trkpt>
<trkpt lat="46.3719652" lon="13.8739282">
<ele>1804.65</ele>
<time>2026-06-20T10:30:28.000Z</time>
</trkpt>
<trkpt lat="46.3717834" lon="13.8739411">
<ele>1793.48</ele>
<time>2026-06-20T10:30:58.000Z</time>
</trkpt>
<trkpt lat="46.3716427" lon="13.8741149">
<ele>1782.60</ele>
<time>2026-06-20T10:31:28.000Z</time>
</trkpt>
<trkpt lat="46.3714594" lon="13.8740899">
<ele>1774.88</ele>
<time>2026-06-20T10:31:47.000Z</time>
</trkpt>
<trkpt lat="46.3713255" lon="13.8738884">
<ele>1773.06</ele>
<time>2026-06-20T10:32:08.000Z</time>
</trkpt>
<trkpt lat="46.3711657" lon="13.8737346">
<ele>1766.99</ele>
<time>2026-06-20T10:32:21.000Z</time>
</trkpt>
<trkpt lat="46.3710058" lon="13.8735780">
<ele>1761.88</ele>
<time>2026-06-20T10:32:35.000Z</time>
</trkpt>
<trkpt lat="46.3708163" lon="13.8735486">
<ele>1762.36</ele>
<time>2026-06-20T10:32:46.000Z</time>
</trkpt>
<trkpt lat="46.3706272" lon="13.8736148">
<ele>1749.89</ele>
<time>2026-06-20T10:33:02.000Z</time>
</trkpt>
<trkpt lat="46.3704568" lon="13.8737205">
<ele>1744.13</ele>
<time>2026-06-20T10:33:11.000Z</time>
</trkpt>
<trkpt lat="46.3702826" lon="13.8737876">
<ele>1740.72</ele>
<time>2026-06-20T10:33:23.000Z</time>
</trkpt>
<trkpt lat="46.3701081" lon="13.8737198">
<ele>1733.12</ele>
<time>2026-06-20T10:34:55.000Z</time>
</trkpt>
<trkpt lat="46.3699511" lon="13.8735835">
<ele>1729.78</ele>
<time>2026-06-20T10:35:06.000Z</time>
</trkpt>
<trkpt lat="46.3697764" lon="13.8735187">
<ele>1730.45</ele>
<time>2026-06-20T10:35:26.000Z</time>
</trkpt>
<trkpt lat="46.3695934" lon="13.8735213">
<ele>1729.69</ele>
<time>2026-06-20T10:35:47.000Z</time>
</trkpt>
<trkpt lat="46.3694118" lon="13.8735137">
<ele>1723.37</ele>
<time>2026-06-20T10:36:41.000Z</time>
</trkpt>
<trkpt lat="46.3692810" lon="13.8733208">
<ele>1714.83</ele>
<time>2026-06-20T10:37:01.000Z</time>
</trkpt>
<trkpt lat="46.3691041" lon="13.8731993">
<ele>1712.17</ele>
<time>2026-06-20T10:37:17.000Z</time>
</trkpt>
<trkpt lat="46.3691040" lon="13.8729322">
<ele>1704.14</ele>
<time>2026-06-20T10:37:58.000Z</time>
</trkpt>
<trkpt lat="46.3691979" lon="13.8727083">
<ele>1704.71</ele>
<time>2026-06-20T10:38:18.000Z</time>
</trkpt>
<trkpt lat="46.3692380" lon="13.8724522">
<ele>1698.85</ele>
<time>2026-06-20T10:40:14.000Z</time>
</trkpt>
<trkpt lat="46.3690987" lon="13.8722735">
<ele>1694.11</ele>
<time>2026-06-20T10:40:35.000Z</time>
</trkpt>
<trkpt lat="46.3689684" lon="13.8720879">
<ele>1687.17</ele>
<time>2026-06-20T10:40:57.000Z</time>
</trkpt>
<trkpt lat="46.3689485" lon="13.8718279">
<ele>1678.58</ele>
<time>2026-06-20T10:41:57.000Z</time>
</trkpt>
<trkpt lat="46.3689916" lon="13.8715729">
<ele>1661.94</ele>
<time>2026-06-20T10:42:49.000Z</time>
</trkpt>
<trkpt lat="46.3691477" lon="13.8714431">
<ele>1665.20</ele>
<time>2026-06-20T10:43:59.000Z</time>
</trkpt>
<trkpt lat="46.3692631" lon="13.8712338">
<ele>1655.94</ele>
<time>2026-06-20T10:44:57.000Z</time>
</trkpt>
<trkpt lat="46.3691049" lon="13.8710716">
<ele>1648.67</ele>
<time>2026-06-20T10:45:10.000Z</time>
</trkpt>
<trkpt lat="46.3689895" lon="13.8708672">
<ele>1650.13</ele>
<time>2026-06-20T10:45:22.000Z</time>
</trkpt>
<trkpt lat="46.3688390" lon="13.8707185">
<ele>1634.29</ele>
<time>2026-06-20T10:45:37.000Z</time>
</trkpt>
<trkpt lat="46.3686616" lon="13.8706263">
<ele>1622.95</ele>
<time>2026-06-20T10:45:51.000Z</time>
</trkpt>
<trkpt lat="46.3684839" lon="13.8706712">
<ele>1618.69</ele>
<time>2026-06-20T10:46:01.000Z</time>
</trkpt>
<trkpt lat="46.3683045" lon="13.8706429">
<ele>1616.61</ele>
<time>2026-06-20T10:46:13.000Z</time>
</trkpt>
<trkpt lat="46.3681304" lon="13.8705593">
<ele>1613.51</ele>
<time>2026-06-20T10:46:30.000Z</time>
</trkpt>
<trkpt lat="46.3679524" lon="13.8704730">
<ele>1611.17</ele>
<time>2026-06-20T10:46:44.000Z</time>
</trkpt>
<trkpt lat="46.3677649" lon="13.8704802">
<ele>1605.84</ele>
<time>2026-06-20T10:47:00.000Z</time>
</trkpt>
<trkpt lat="46.3675849" lon="13.8704330">
<ele>1605.78</ele>
<time>2026-06-20T10:47:10.000Z</time>
</trkpt>
<trkpt lat="46.3674064" lon="13.8704969">
<ele>1602.76</ele>
<time>2026-06-20T10:47:24.000Z</time>
</trkpt>
<trkpt lat="46.3672307" lon="13.8704310">
<ele>1597.48</ele>
<time>2026-06-20T10:47:37.000Z</time>
</trkpt>
<trkpt lat="46.3670666" lon="13.8703239">
<ele>1587.09</ele>
<time>2026-06-20T10:47:56.000Z</time>
</trkpt>
<trkpt lat="46.3668765" lon="13.8703770">
<ele>1574.66</ele>
<time>2026-06-20T10:48:29.000Z</time>
</trkpt>
<trkpt lat="46.3666861" lon="13.8703845">
<ele>1573.45</ele>
<time>2026-06-20T10:48:47.000Z</time>
</trkpt>
<trkpt lat="46.3665019" lon="13.8703443">
<ele>1578.96</ele>
<time>2026-06-20T10:49:04.000Z</time>
</trkpt>
<trkpt lat="46.3663145" lon="13.8702830">
<ele>1578.84</ele>
<time>2026-06-20T10:49:19.000Z</time>
</trkpt>
<trkpt lat="46.3661424" lon="13.8703665">
<ele>1572.98</ele>
<time>2026-06-20T10:49:42.000Z</time>
</trkpt>
<trkpt lat="46.3660183" lon="13.8705611">
<ele>1570.62</ele>
<time>2026-06-20T10:50:08.000Z</time>
</trkpt>
<trkpt lat="46.3660219" lon="13.8708275">
<ele>1574.74</ele>
<time>2026-06-20T10:50:57.000Z</time>
</trkpt>
<trkpt lat="46.3659094" lon="13.8710552">
<ele>1568.37</ele>
<time>2026-06-20T10:51:09.000Z</time>
</trkpt>
<trkpt lat="46.3657984" lon="13.8712758">
<ele>1565.34</ele>
<time>2026-06-20T10:51:23.000Z</time>
</trkpt>
<trkpt lat="46.3656797" lon="13.8714771">
<ele>1564.57</ele>
<time>2026-06-20T10:51:35.000Z</time>
</trkpt>
<trkpt lat="46.3655717" lon="13.8716960">
<ele>1563.95</ele>
<time>2026-06-20T10:52:02.000Z</time>
</trkpt>
<trkpt lat="46.3654395" lon="13.8718745">
<ele>1562.50</ele>
<time>2026-06-20T10:52:15.000Z</time>
</trkpt>
<trkpt lat="46.3652663" lon="13.8719904">
<ele>1559.64</ele>
<time>2026-06-20T10:53:05.000Z</time>
</trkpt>
<trkpt lat="46.3651731" lon="13.8722187">
<ele>1559.14</ele>
<time>2026-06-20T10:53:15.000Z</time>
</trkpt>
<trkpt lat="46.3650781" lon="13.8724445">
<ele>1558.41</ele>
<time>2026-06-20T10:53:25.000Z</time>
</trkpt>
<trkpt lat="46.3651251" lon="13.8727067">
<ele>1559.13</ele>
<time>2026-06-20T10:53:38.000Z</time>
</trkpt>
<trkpt lat="46.3652477" lon="13.8729045">
<ele>1563.85</ele>
<time>2026-06-20T10:53:51.000Z</time>
</trkpt>
<trkpt lat="46.3653617" lon="13.8731090">
<ele>1561.16</ele>
<time>2026-06-20T10:54:09.000Z</time>
</trkpt>
<trkpt lat="46.3653419" lon="13.8733695">
<ele>1553.65</ele>
<time>2026-06-20T10:54:32.000Z</time>
</trkpt>
<trkpt lat="46.3652642" lon="13.8736106">
<ele>1547.90</ele>
<time>2026-06-20T10:54:50.000Z</time>
</trkpt>
<trkpt lat="46.3652530" lon="13.8738752">
<ele>1543.39</ele>
<time>2026-06-20T10:55:05.000Z</time>
</trkpt>
<trkpt lat="46.3652734" lon="13.8741366">
<ele>1532.44</ele>
<time>2026-06-20T10:55:27.000Z</time>
</trkpt>
<trkpt lat="46.3652674" lon="13.8744034">
<ele>1525.71</ele>
<time>2026-06-20T10:55:41.000Z</time>
</trkpt>
<trkpt lat="46.3652209" lon="13.8746571">
<ele>1517.57</ele>
<time>2026-06-20T10:55:58.000Z</time>
</trkpt>
<trkpt lat="46.3653315" lon="13.8748694">
<ele>1511.32</ele>
<time>2026-06-20T10:56:12.000Z</time>
</trkpt>
<trkpt lat="46.3655076" lon="13.8749494">
<ele>1509.24</ele>
<time>2026-06-20T10:56:25.000Z</time>
</trkpt>
<trkpt lat="46.3655300" lon="13.8752226">
<ele>1501.83</ele>
<time>2026-06-20T10:56:39.000Z</time>
</trkpt>
<trkpt lat="46.3656554" lon="13.8754119">
<ele>1498.19</ele>
<time>2026-06-20T10:56:55.000Z</time>
</trkpt>
<trkpt lat="46.3657078" lon="13.8756728">
<ele>1490.02</ele>
<time>2026-06-20T10:57:17.000Z</time>
</trkpt>
<trkpt lat="46.3658135" lon="13.8758925">
<ele>1486.69</ele>
<time>2026-06-20T10:57:36.000Z</time>
</trkpt>
<trkpt lat="46.3657698" lon="13.8761577">
<ele>1479.78</ele>
<time>2026-06-20T10:57:55.000Z</time>
</trkpt>
<trkpt lat="46.3658080" lon="13.8764293">
<ele>1475.94</ele>
<time>2026-06-20T10:58:09.000Z</time>
</trkpt>
<trkpt lat="46.3658258" lon="13.8767027">
<ele>1463.37</ele>
<time>2026-06-20T10:58:29.000Z</time>
</trkpt>
<trkpt lat="46.3659142" lon="13.8769426">
<ele>1456.05</ele>
<time>2026-06-20T10:58:43.000Z</time>
</trkpt>
<trkpt lat="46.3659522" lon="13.8772082">
<ele>1449.08</ele>
<time>2026-06-20T10:59:01.000Z</time>
</trkpt>
<trkpt lat="46.3659579" lon="13.8774749">
<ele>1439.12</ele>
<time>2026-06-20T10:59:23.000Z</time>
</trkpt>
<trkpt lat="46.3659881" lon="13.8777333">
<ele>1435.53</ele>
<time>2026-06-20T10:59:34.000Z</time>
</trkpt>
<trkpt lat="46.3659571" lon="13.8780099">
<ele>1432.11</ele>
<time>2026-06-20T10:59:47.000Z</time>
</trkpt>
<trkpt lat="46.3660430" lon="13.8782556">
<ele>1428.71</ele>
<time>2026-06-20T11:00:01.000Z</time>
</trkpt>
<trkpt lat="46.3661642" lon="13.8784512">
<ele>1427.50</ele>
<time>2026-06-20T11:00:10.000Z</time>
</trkpt>
<trkpt lat="46.3662544" lon="13.8786831">
<ele>1426.26</ele>
<time>2026-06-20T11:00:20.000Z</time>
</trkpt>
<trkpt lat="46.3663067" lon="13.8789364">
<ele>1424.55</ele>
<time>2026-06-20T11:00:31.000Z</time>
</trkpt>
<trkpt lat="46.3663243" lon="13.8792050">
<ele>1421.20</ele>
<time>2026-06-20T11:00:41.000Z</time>
</trkpt>
<trkpt lat="46.3663570" lon="13.8794774">
<ele>1419.69</ele>
<time>2026-06-20T11:00:52.000Z</time>
</trkpt>
<trkpt lat="46.3665217" lon="13.8795864">
<ele>1424.84</ele>
<time>2026-06-20T11:01:03.000Z</time>
</trkpt>
<trkpt lat="46.3666382" lon="13.8797951">
<ele>1425.74</ele>
<time>2026-06-20T11:01:14.000Z</time>
</trkpt>
<trkpt lat="46.3667840" lon="13.8799797">
<ele>1425.87</ele>
<time>2026-06-20T11:01:25.000Z</time>
</trkpt>
<trkpt lat="46.3669172" lon="13.8801793">
<ele>1420.65</ele>
<time>2026-06-20T11:01:39.000Z</time>
</trkpt>
<trkpt lat="46.3670044" lon="13.8804121">
<ele>1420.91</ele>
<time>2026-06-20T11:01:52.000Z</time>
</trkpt>
<trkpt lat="46.3669742" lon="13.8806776">
<ele>1417.92</ele>
<time>2026-06-20T11:02:08.000Z</time>
</trkpt>
<trkpt lat="46.3670902" lon="13.8808989">
<ele>1414.38</ele>
<time>2026-06-20T11:02:18.000Z</time>
</trkpt>
<trkpt lat="46.3671507" lon="13.8811741">
<ele>1406.10</ele>
<time>2026-06-20T11:02:34.000Z</time>
</trkpt>
<trkpt lat="46.3671902" lon="13.8814366">
<ele>1399.72</ele>
<time>2026-06-20T11:02:49.000Z</time>
</trkpt>
<trkpt lat="46.3672686" lon="13.8816930">
<ele>1396.24</ele>
<time>2026-06-20T11:03:06.000Z</time>
</trkpt>
<trkpt lat="46.3673652" lon="13.8819242">
<ele>1394.85</ele>
<time>2026-06-20T11:03:18.000Z</time>
</trkpt>
<trkpt lat="46.3674141" lon="13.8821835">
<ele>1390.20</ele>
<time>2026-06-20T11:03:32.000Z</time>
</trkpt>
<trkpt lat="46.3674673" lon="13.8824400">
<ele>1386.76</ele>
<time>2026-06-20T11:03:46.000Z</time>
</trkpt>
<trkpt lat="46.3675233" lon="13.8827068">
<ele>1384.87</ele>
<time>2026-06-20T11:04:02.000Z</time>
</trkpt>
<trkpt lat="46.3675265" lon="13.8829761">
<ele>1379.90</ele>
<time>2026-06-20T11:04:28.000Z</time>
</trkpt>
<trkpt lat="46.3675747" lon="13.8832404">
<ele>1378.02</ele>
<time>2026-06-20T11:04:44.000Z</time>
</trkpt>
<trkpt lat="46.3675449" lon="13.8834999">
<ele>1379.60</ele>
<time>2026-06-20T11:04:55.000Z</time>
</trkpt>
<trkpt lat="46.3674859" lon="13.8837492">
<ele>1378.17</ele>
<time>2026-06-20T11:05:10.000Z</time>
</trkpt>
<trkpt lat="46.3675661" lon="13.8839913">
<ele>1372.96</ele>
<time>2026-06-20T11:05:27.000Z</time>
</trkpt>
<trkpt lat="46.3676146" lon="13.8842601">
<ele>1366.60</ele>
<time>2026-06-20T11:05:47.000Z</time>
</trkpt>
<trkpt lat="46.3676887" lon="13.8845010">
<ele>1358.83</ele>
<time>2026-06-20T11:06:30.000Z</time>
</trkpt>
<trkpt lat="46.3677387" lon="13.8847575">
<ele>1349.69</ele>
<time>2026-06-20T11:06:52.000Z</time>
</trkpt>
<trkpt lat="46.3679052" lon="13.8848849">
<ele>1344.09</ele>
<time>2026-06-20T11:07:26.000Z</time>
</trkpt>
<trkpt lat="46.3680343" lon="13.8850852">
<ele>1334.76</ele>
<time>2026-06-20T11:07:47.000Z</time>
</trkpt>
<trkpt lat="46.3681222" lon="13.8853262">
<ele>1328.49</ele>
<time>2026-06-20T11:08:04.000Z</time>
</trkpt>
<trkpt lat="46.3681827" lon="13.8855870">
<ele>1321.79</ele>
<time>2026-06-20T11:08:18.000Z</time>
</trkpt>
<trkpt lat="46.3682003" lon="13.8858597">
<ele>1318.28</ele>
<time>2026-06-20T11:08:32.000Z</time>
</trkpt>
<trkpt lat="46.3683744" lon="13.8859315">
<ele>1312.86</ele>
<time>2026-06-20T11:08:48.000Z</time>
</trkpt>
<trkpt lat="46.3684881" lon="13.8861497">
<ele>1306.73</ele>
<time>2026-06-20T11:09:09.000Z</time>
</trkpt>
<trkpt lat="46.3685736" lon="13.8863846">
<ele>1301.44</ele>
<time>2026-06-20T11:09:42.000Z</time>
</trkpt>
<trkpt lat="46.3687163" lon="13.8865620">
<ele>1294.53</ele>
<time>2026-06-20T11:09:59.000Z</time>
</trkpt>
<trkpt lat="46.3688985" lon="13.8866370">
<ele>1287.77</ele>
<time>2026-06-20T11:10:20.000Z</time>
</trkpt>
<trkpt lat="46.3690530" lon="13.8867810">
<ele>1282.63</ele>
<time>2026-06-20T11:10:37.000Z</time>
</trkpt>
<trkpt lat="46.3691719" lon="13.8869967">
<ele>1274.99</ele>
<time>2026-06-20T11:10:49.000Z</time>
</trkpt>
<trkpt lat="46.3693261" lon="13.8871591">
<ele>1270.51</ele>
<time>2026-06-20T11:11:01.000Z</time>
</trkpt>
<trkpt lat="46.3694682" lon="13.8873308">
<ele>1260.91</ele>
<time>2026-06-20T11:11:15.000Z</time>
</trkpt>
<trkpt lat="46.3695837" lon="13.8875602">
<ele>1255.28</ele>
<time>2026-06-20T11:11:27.000Z</time>
</trkpt>
<trkpt lat="46.3696158" lon="13.8878380">
<ele>1252.23</ele>
<time>2026-06-20T11:11:36.000Z</time>
</trkpt>
<trkpt lat="46.3697108" lon="13.8880670">
<ele>1246.29</ele>
<time>2026-06-20T11:11:47.000Z</time>
</trkpt>
<trkpt lat="46.3698412" lon="13.8882705">
<ele>1244.08</ele>
<time>2026-06-20T11:11:59.000Z</time>
</trkpt>
<trkpt lat="46.3700293" lon="13.8882237">
<ele>1241.73</ele>
<time>2026-06-20T11:12:16.000Z</time>
</trkpt>
<trkpt lat="46.3702095" lon="13.8882683">
<ele>1242.04</ele>
<time>2026-06-20T11:12:25.000Z</time>
</trkpt>
<trkpt lat="46.3703826" lon="13.8883782">
<ele>1237.04</ele>
<time>2026-06-20T11:12:40.000Z</time>
</trkpt>
<trkpt lat="46.3705436" lon="13.8885050">
<ele>1236.32</ele>
<time>2026-06-20T11:12:52.000Z</time>
</trkpt>
<trkpt lat="46.3706788" lon="13.8886836">
<ele>1228.45</ele>
<time>2026-06-20T11:13:10.000Z</time>
</trkpt>
<trkpt lat="46.3707153" lon="13.8889501">
<ele>1222.25</ele>
<time>2026-06-20T11:13:25.000Z</time>
</trkpt>
<trkpt lat="46.3707787" lon="13.8892002">
<ele>1219.35</ele>
<time>2026-06-20T11:13:40.000Z</time>
</trkpt>
<trkpt lat="46.3709347" lon="13.8893620">
<ele>1215.58</ele>
<time>2026-06-20T11:13:56.000Z</time>
</trkpt>
<trkpt lat="46.3710577" lon="13.8895727">
<ele>1214.06</ele>
<time>2026-06-20T11:14:11.000Z</time>
</trkpt>
<trkpt lat="46.3712106" lon="13.8897144">
<ele>1220.79</ele>
<time>2026-06-20T11:14:24.000Z</time>
</trkpt>
<trkpt lat="46.3713879" lon="13.8896691">
<ele>1212.67</ele>
<time>2026-06-20T11:14:40.000Z</time>
</trkpt>
<trkpt lat="46.3715475" lon="13.8898000">
<ele>1208.92</ele>
<time>2026-06-20T11:14:49.000Z</time>
</trkpt>
<trkpt lat="46.3717344" lon="13.8898104">
<ele>1201.03</ele>
<time>2026-06-20T11:15:04.000Z</time>
</trkpt>
<trkpt lat="46.3719307" lon="13.8897891">
<ele>1197.42</ele>
<time>2026-06-20T11:15:23.000Z</time>
</trkpt>
<trkpt lat="46.3721139" lon="13.8898110">
<ele>1195.72</ele>
<time>2026-06-20T11:15:35.000Z</time>
</trkpt>
<trkpt lat="46.3722955" lon="13.8898769">
<ele>1190.85</ele>
<time>2026-06-20T11:15:50.000Z</time>
</trkpt>
<trkpt lat="46.3723922" lon="13.8900981">
<ele>1185.11</ele>
<time>2026-06-20T11:16:03.000Z</time>
</trkpt>
<trkpt lat="46.3725193" lon="13.8902923">
<ele>1178.51</ele>
<time>2026-06-20T11:16:33.000Z</time>
</trkpt>
<trkpt lat="46.3727124" lon="13.8903172">
<ele>1175.06</ele>
<time>2026-06-20T11:16:48.000Z</time>
</trkpt>
<trkpt lat="46.3727972" lon="13.8905747">
<ele>1170.40</ele>
<time>2026-06-20T11:17:06.000Z</time>
</trkpt>
<trkpt lat="46.3729008" lon="13.8907929">
<ele>1159.38</ele>
<time>2026-06-20T11:17:33.000Z</time>
</trkpt>
<trkpt lat="46.3730220" lon="13.8909908">
<ele>1145.31</ele>
<time>2026-06-20T11:17:55.000Z</time>
</trkpt>
<trkpt lat="46.3731732" lon="13.8911523">
<ele>1138.46</ele>
<time>2026-06-20T11:18:19.000Z</time>
</trkpt>
<trkpt lat="46.3732955" lon="13.8913577">
<ele>1132.38</ele>
<time>2026-06-20T11:18:41.000Z</time>
</trkpt>
<trkpt lat="46.3733531" lon="13.8916059">
<ele>1124.81</ele>
<time>2026-06-20T11:19:01.000Z</time>
</trkpt>
<trkpt lat="46.3734511" lon="13.8918306">
<ele>1121.77</ele>
<time>2026-06-20T11:19:11.000Z</time>
</trkpt>
<trkpt lat="46.3735735" lon="13.8920312">
<ele>1119.17</ele>
<time>2026-06-20T11:19:21.000Z</time>
</trkpt>
<trkpt lat="46.3737004" lon="13.8922248">
<ele>1116.42</ele>
<time>2026-06-20T11:19:39.000Z</time>
</trkpt>
<trkpt lat="46.3737695" lon="13.8924709">
<ele>1113.89</ele>
<time>2026-06-20T11:19:54.000Z</time>
</trkpt>
<trkpt lat="46.3737958" lon="13.8927485">
<ele>1112.39</ele>
<time>2026-06-20T11:20:06.000Z</time>
</trkpt>
<trkpt lat="46.3738483" lon="13.8930259">
<ele>1106.98</ele>
<time>2026-06-20T11:20:19.000Z</time>
</trkpt>
<trkpt lat="46.3738317" lon="13.8932929">
<ele>1099.74</ele>
<time>2026-06-20T11:20:30.000Z</time>
</trkpt>
<trkpt lat="46.3739911" lon="13.8934305">
<ele>1089.41</ele>
<time>2026-06-20T11:20:46.000Z</time>
</trkpt>
<trkpt lat="46.3741557" lon="13.8935658">
<ele>1090.83</ele>
<time>2026-06-20T11:21:00.000Z</time>
</trkpt>
<trkpt lat="46.3742668" lon="13.8938118">
<ele>1087.63</ele>
<time>2026-06-20T11:21:10.000Z</time>
</trkpt>
<trkpt lat="46.3743984" lon="13.8940219">
<ele>1082.71</ele>
<time>2026-06-20T11:21:21.000Z</time>
</trkpt>
<trkpt lat="46.3745315" lon="13.8942108">
<ele>1082.51</ele>
<time>2026-06-20T11:21:32.000Z</time>
</trkpt>
<trkpt lat="46.3746680" lon="13.8943869">
<ele>1075.10</ele>
<time>2026-06-20T11:21:45.000Z</time>
</trkpt>
<trkpt lat="46.3747923" lon="13.8945775">
<ele>1071.22</ele>
<time>2026-06-20T11:21:57.000Z</time>
</trkpt>
<trkpt lat="46.3749314" lon="13.8947534">
<ele>1069.24</ele>
<time>2026-06-20T11:22:10.000Z</time>
</trkpt>
<trkpt lat="46.3750043" lon="13.8949929">
<ele>1070.67</ele>
<time>2026-06-20T11:22:19.000Z</time>
</trkpt>
<trkpt lat="46.3750949" lon="13.8952415">
<ele>1068.10</ele>
<time>2026-06-20T11:22:30.000Z</time>
</trkpt>
<trkpt lat="46.3752397" lon="13.8954070">
<ele>1062.61</ele>
<time>2026-06-20T11:22:41.000Z</time>
</trkpt>
<trkpt lat="46.3752338" lon="13.8956911">
<ele>1060.03</ele>
<time>2026-06-20T11:22:51.000Z</time>
</trkpt>
<trkpt lat="46.3753566" lon="13.8958829">
<ele>1059.55</ele>
<time>2026-06-20T11:23:01.000Z</time>
</trkpt>
<trkpt lat="46.3754703" lon="13.8960968">
<ele>1055.57</ele>
<time>2026-06-20T11:23:12.000Z</time>
</trkpt>
<trkpt lat="46.3756211" lon="13.8962433">
<ele>1050.98</ele>
<time>2026-06-20T11:23:23.000Z</time>
</trkpt>
<trkpt lat="46.3757818" lon="13.8963696">
<ele>1053.57</ele>
<time>2026-06-20T11:23:34.000Z</time>
</trkpt>
<trkpt lat="46.3759648" lon="13.8964807">
<ele>1054.19</ele>
<time>2026-06-20T11:23:45.000Z</time>
</trkpt>
<trkpt lat="46.3761458" lon="13.8964878">
<ele>1048.30</ele>
<time>2026-06-20T11:23:56.000Z</time>
</trkpt>
<trkpt lat="46.3763317" lon="13.8965492">
<ele>1038.89</ele>
<time>2026-06-20T11:24:08.000Z</time>
</trkpt>
<trkpt lat="46.3765185" lon="13.8966251">
<ele>1037.30</ele>
<time>2026-06-20T11:24:35.000Z</time>
</trkpt>
<trkpt lat="46.3766234" lon="13.8968422">
<ele>1038.23</ele>
<time>2026-06-20T11:24:50.000Z</time>
</trkpt>
<trkpt lat="46.3767144" lon="13.8970694">
<ele>1037.24</ele>
<time>2026-06-20T11:25:00.000Z</time>
</trkpt>
<trkpt lat="46.3768113" lon="13.8973180">
<ele>1033.24</ele>
<time>2026-06-20T11:25:10.000Z</time>
</trkpt>
<trkpt lat="46.3769259" lon="13.8975313">
<ele>1028.07</ele>
<time>2026-06-20T11:25:21.000Z</time>
</trkpt>
<trkpt lat="46.3770084" lon="13.8977746">
<ele>1033.86</ele>
<time>2026-06-20T11:25:30.000Z</time>
</trkpt>
<trkpt lat="46.3771164" lon="13.8980063">
<ele>1028.01</ele>
<time>2026-06-20T11:25:41.000Z</time>
</trkpt>
<trkpt lat="46.3772257" lon="13.8982262">
<ele>1025.14</ele>
<time>2026-06-20T11:25:50.000Z</time>
</trkpt>
<trkpt lat="46.3773119" lon="13.8984574">
<ele>1026.59</ele>
<time>2026-06-20T11:25:59.000Z</time>
</trkpt>
<trkpt lat="46.3774662" lon="13.8986060">
<ele>1022.00</ele>
<time>2026-06-20T11:26:07.000Z</time>
</trkpt>
<trkpt lat="46.3776095" lon="13.8987777">
<ele>1017.58</ele>
<time>2026-06-20T11:26:19.000Z</time>
</trkpt>
<trkpt lat="46.3777678" lon="13.8989219">
<ele>1016.86</ele>
<time>2026-06-20T11:26:30.000Z</time>
</trkpt>
<trkpt lat="46.3779187" lon="13.8990786">
<ele>1011.93</ele>
<time>2026-06-20T11:26:45.000Z</time>
</trkpt>
<trkpt lat="46.3780873" lon="13.8992171">
<ele>1011.74</ele>
<time>2026-06-20T11:26:57.000Z</time>
</trkpt>
<trkpt lat="46.3782482" lon="13.8993613">
<ele>1007.39</ele>
<time>2026-06-20T11:27:09.000Z</time>
</trkpt>
<trkpt lat="46.3784244" lon="13.8994154">
<ele>1008.48</ele>
<time>2026-06-20T11:27:19.000Z</time>
</trkpt>
<trkpt lat="46.3786096" lon="13.8994840">
<ele>1007.78</ele>
<time>2026-06-20T11:27:30.000Z</time>
</trkpt>
<trkpt lat="46.3788024" lon="13.8995362">
<ele>1006.35</ele>
<time>2026-06-20T11:27:40.000Z</time>
</trkpt>
<trkpt lat="46.3789392" lon="13.8997094">
<ele>1007.40</ele>
<time>2026-06-20T11:27:50.000Z</time>
</trkpt>
<trkpt lat="46.3791183" lon="13.8997561">
<ele>1005.36</ele>
<time>2026-06-20T11:28:00.000Z</time>
</trkpt>
<trkpt lat="46.3792448" lon="13.8999527">
<ele>998.52</ele>
<time>2026-06-20T11:28:12.000Z</time>
</trkpt>
<trkpt lat="46.3793930" lon="13.9001043">
<ele>999.12</ele>
<time>2026-06-20T11:28:23.000Z</time>
</trkpt>
<trkpt lat="46.3795657" lon="13.9002281">
<ele>994.58</ele>
<time>2026-06-20T11:28:35.000Z</time>
</trkpt>
<trkpt lat="46.3796820" lon="13.9004309">
<ele>992.15</ele>
<time>2026-06-20T11:28:45.000Z</time>
</trkpt>
<trkpt lat="46.3798383" lon="13.9005665">
<ele>988.14</ele>
<time>2026-06-20T11:28:56.000Z</time>
</trkpt>
<trkpt lat="46.3800166" lon="13.9007160">
<ele>988.05</ele>
<time>2026-06-20T11:29:08.000Z</time>
</trkpt>
<trkpt lat="46.3801453" lon="13.9009299">
<ele>989.96</ele>
<time>2026-06-20T11:29:18.000Z</time>
</trkpt>
<trkpt lat="46.3802940" lon="13.9010966">
<ele>984.73</ele>
<time>2026-06-20T11:29:30.000Z</time>
</trkpt>
<trkpt lat="46.3804747" lon="13.9011703">
<ele>982.55</ele>
<time>2026-06-20T11:29:43.000Z</time>
</trkpt>
<trkpt lat="46.3806667" lon="13.9012043">
<ele>980.36</ele>
<time>2026-06-20T11:29:53.000Z</time>
</trkpt>
<trkpt lat="46.3808432" lon="13.9013264">
<ele>979.54</ele>
<time>2026-06-20T11:30:02.000Z</time>
</trkpt>
<trkpt lat="46.3810037" lon="13.9014786">
<ele>978.48</ele>
<time>2026-06-20T11:30:12.000Z</time>
</trkpt>
<trkpt lat="46.3811240" lon="13.9016796">
<ele>975.77</ele>
<time>2026-06-20T11:30:24.000Z</time>
</trkpt>
<trkpt lat="46.3812148" lon="13.9019113">
<ele>978.11</ele>
<time>2026-06-20T11:30:35.000Z</time>
</trkpt>
<trkpt lat="46.3813209" lon="13.9021356">
<ele>979.62</ele>
<time>2026-06-20T11:30:44.000Z</time>
</trkpt>
<trkpt lat="46.3814230" lon="13.9023746">
<ele>979.50</ele>
<time>2026-06-20T11:30:55.000Z</time>
</trkpt>
<trkpt lat="46.3815301" lon="13.9026053">
<ele>982.49</ele>
<time>2026-06-20T11:31:04.000Z</time>
</trkpt>
<trkpt lat="46.3817147" lon="13.9026438">
<ele>982.42</ele>
<time>2026-06-20T11:31:14.000Z</time>
</trkpt>
<trkpt lat="46.3818288" lon="13.9028627">
<ele>981.66</ele>
<time>2026-06-20T11:31:24.000Z</time>
</trkpt>
<trkpt lat="46.3819196" lon="13.9031246">
<ele>974.33</ele>
<time>2026-06-20T11:31:40.000Z</time>
</trkpt>
<trkpt lat="46.3820433" lon="13.9033446">
<ele>971.05</ele>
<time>2026-06-20T11:31:52.000Z</time>
</trkpt>
<trkpt lat="46.3821486" lon="13.9035625">
<ele>973.42</ele>
<time>2026-06-20T11:32:03.000Z</time>
</trkpt>
<trkpt lat="46.3822308" lon="13.9038159">
<ele>974.19</ele>
<time>2026-06-20T11:32:16.000Z</time>
</trkpt>
<trkpt lat="46.3823310" lon="13.9040528">
<ele>972.00</ele>
<time>2026-06-20T11:32:26.000Z</time>
</trkpt>
<trkpt lat="46.3824471" lon="13.9042592">
<ele>970.99</ele>
<time>2026-06-20T11:32:37.000Z</time>
</trkpt>
<trkpt lat="46.3825529" lon="13.9044731">
<ele>968.72</ele>
<time>2026-06-20T11:32:48.000Z</time>
</trkpt>
<trkpt lat="46.3826478" lon="13.9047157">
<ele>970.11</ele>
<time>2026-06-20T11:32:59.000Z</time>
</trkpt>
<trkpt lat="46.3827531" lon="13.9049386">
<ele>968.90</ele>
<time>2026-06-20T11:33:10.000Z</time>
</trkpt>
<trkpt lat="46.3827335" lon="13.9052015">
<ele>968.08</ele>
<time>2026-06-20T11:33:23.000Z</time>
</trkpt>
<trkpt lat="46.3828896" lon="13.9053809">
<ele>968.74</ele>
<time>2026-06-20T11:33:32.000Z</time>
</trkpt>
<trkpt lat="46.3830103" lon="13.9055920">
<ele>972.11</ele>
<time>2026-06-20T11:33:41.000Z</time>
</trkpt>
<trkpt lat="46.3831991" lon="13.9055756">
<ele>971.00</ele>
<time>2026-06-20T11:33:50.000Z</time>
</trkpt>
<trkpt lat="46.3833830" lon="13.9055909">
<ele>968.29</ele>
<time>2026-06-20T11:34:01.000Z</time>
</trkpt>
<trkpt lat="46.3834879" lon="13.9058175">
<ele>969.11</ele>
<time>2026-06-20T11:34:10.000Z</time>
</trkpt>
<trkpt lat="46.3835630" lon="13.9060813">
<ele>967.42</ele>
<time>2026-06-20T11:34:21.000Z</time>
</trkpt>
<trkpt lat="46.3837195" lon="13.9062572">
<ele>969.50</ele>
<time>2026-06-20T11:34:34.000Z</time>
</trkpt>
<trkpt lat="46.3838626" lon="13.9064286">
<ele>968.09</ele>
<time>2026-06-20T11:34:47.000Z</time>
</trkpt>
<trkpt lat="46.3840315" lon="13.9065347">
<ele>965.00</ele>
<time>2026-06-20T11:34:59.000Z</time>
</trkpt>
<trkpt lat="46.3841909" lon="13.9066631">
<ele>963.61</ele>
<time>2026-06-20T11:35:09.000Z</time>
</trkpt>
<trkpt lat="46.3843033" lon="13.9069051">
<ele>960.22</ele>
<time>2026-06-20T11:35:19.000Z</time>
</trkpt>
<trkpt lat="46.3844415" lon="13.9070793">
<ele>960.74</ele>
<time>2026-06-20T11:35:29.000Z</time>
</trkpt>
<trkpt lat="46.3845748" lon="13.9072732">
<ele>962.10</ele>
<time>2026-06-20T11:35:39.000Z</time>
</trkpt>
<trkpt lat="46.3847525" lon="13.9073523">
<ele>957.98</ele>
<time>2026-06-20T11:35:53.000Z</time>
</trkpt>
<trkpt lat="46.3849168" lon="13.9072456">
<ele>955.17</ele>
<time>2026-06-20T11:36:12.000Z</time>
</trkpt>
<trkpt lat="46.3851024" lon="13.9072489">
<ele>957.07</ele>
<time>2026-06-20T11:36:22.000Z</time>
</trkpt>
<trkpt lat="46.3852965" lon="13.9072174">
<ele>954.05</ele>
<time>2026-06-20T11:36:35.000Z</time>
</trkpt>
<trkpt lat="46.3854584" lon="13.9073397">
<ele>950.80</ele>
<time>2026-06-20T11:37:09.000Z</time>
</trkpt>
<trkpt lat="46.3856532" lon="13.9073608">
<ele>953.10</ele>
<time>2026-06-20T11:37:19.000Z</time>
</trkpt>
<trkpt lat="46.3858356" lon="13.9074238">
<ele>957.42</ele>
<time>2026-06-20T11:37:30.000Z</time>
</trkpt>
<trkpt lat="46.3859969" lon="13.9075579">
<ele>953.66</ele>
<time>2026-06-20T11:37:40.000Z</time>
</trkpt>
<trkpt lat="46.3861846" lon="13.9075874">
<ele>951.12</ele>
<time>2026-06-20T11:38:00.000Z</time>
</trkpt>
<trkpt lat="46.3863739" lon="13.9077362">
<ele>957.74</ele>
<time>2026-06-20T11:38:07.000Z</time>
</trkpt>
<trkpt lat="46.3865521" lon="13.9077932">
<ele>958.45</ele>
<time>2026-06-20T11:38:15.000Z</time>
</trkpt>
<trkpt lat="46.3867275" lon="13.9079338">
<ele>955.44</ele>
<time>2026-06-20T11:38:41.000Z</time>
</trkpt>
<trkpt lat="46.3868614" lon="13.9081352">
<ele>955.90</ele>
<time>2026-06-20T11:38:48.000Z</time>
</trkpt>
<trkpt lat="46.3869815" lon="13.9083655">
<ele>958.73</ele>
<time>2026-06-20T11:39:00.000Z</time>
</trkpt>
<trkpt lat="46.3870556" lon="13.9086040">
<ele>962.81</ele>
<time>2026-06-20T11:39:08.000Z</time>
</trkpt>
<trkpt lat="46.3871170" lon="13.9088555">
<ele>962.91</ele>
<time>2026-06-20T11:39:17.000Z</time>
</trkpt>
<trkpt lat="46.3872933" lon="13.9089453">
<ele>960.37</ele>
<time>2026-06-20T11:39:28.000Z</time>
</trkpt>
<trkpt lat="46.3874617" lon="13.9090889">
<ele>959.97</ele>
<time>2026-06-20T11:39:43.000Z</time>
</trkpt>
<trkpt lat="46.3876291" lon="13.9092435">
<ele>961.98</ele>
<time>2026-06-20T11:39:52.000Z</time>
</trkpt>
<trkpt lat="46.3877855" lon="13.9093820">
<ele>961.78</ele>
<time>2026-06-20T11:40:02.000Z</time>
</trkpt>
<trkpt lat="46.3879402" lon="13.9095474">
<ele>958.25</ele>
<time>2026-06-20T11:40:15.000Z</time>
</trkpt>
<trkpt lat="46.3880262" lon="13.9097914">
<ele>956.01</ele>
<time>2026-06-20T11:40:27.000Z</time>
</trkpt>
<trkpt lat="46.3880273" lon="13.9100690">
<ele>954.41</ele>
<time>2026-06-20T11:40:40.000Z</time>
</trkpt>
<trkpt lat="46.3880662" lon="13.9103248">
<ele>953.97</ele>
<time>2026-06-20T11:40:52.000Z</time>
</trkpt>
<trkpt lat="46.3881497" lon="13.9105569">
<ele>951.94</ele>
<time>2026-06-20T11:41:05.000Z</time>
</trkpt>
<trkpt lat="46.3882145" lon="13.9108106">
<ele>949.06</ele>
<time>2026-06-20T11:41:18.000Z</time>
</trkpt>
<trkpt lat="46.3882107" lon="13.9110865">
<ele>948.76</ele>
<time>2026-06-20T11:41:28.000Z</time>
</trkpt>
<trkpt lat="46.3883661" lon="13.9112847">
<ele>944.16</ele>
<time>2026-06-20T11:41:38.000Z</time>
</trkpt>
<trkpt lat="46.3884776" lon="13.9114927">
<ele>940.13</ele>
<time>2026-06-20T11:41:46.000Z</time>
</trkpt>
<trkpt lat="46.3886372" lon="13.9116656">
<ele>939.88</ele>
<time>2026-06-20T11:41:56.000Z</time>
</trkpt>
<trkpt lat="46.3886941" lon="13.9119194">
<ele>936.84</ele>
<time>2026-06-20T11:42:08.000Z</time>
</trkpt>
<trkpt lat="46.3887905" lon="13.9121739">
<ele>940.01</ele>
<time>2026-06-20T11:42:18.000Z</time>
</trkpt>
<trkpt lat="46.3888419" lon="13.9124341">
<ele>936.85</ele>
<time>2026-06-20T11:42:27.000Z</time>
</trkpt>
<trkpt lat="46.3889734" lon="13.9126439">
<ele>936.41</ele>
<time>2026-06-20T11:42:39.000Z</time>
</trkpt>
<trkpt lat="46.3889210" lon="13.9129082">
<ele>934.74</ele>
<time>2026-06-20T11:42:58.000Z</time>
</trkpt>
<trkpt lat="46.3890258" lon="13.9131458">
<ele>931.90</ele>
<time>2026-06-20T11:43:09.000Z</time>
</trkpt>
<trkpt lat="46.3891395" lon="13.9133610">
<ele>934.75</ele>
<time>2026-06-20T11:43:19.000Z</time>
</trkpt>
<trkpt lat="46.3893212" lon="13.9134557">
<ele>931.24</ele>
<time>2026-06-20T11:43:30.000Z</time>
</trkpt>
<trkpt lat="46.3894700" lon="13.9136153">
<ele>930.28</ele>
<time>2026-06-20T11:43:41.000Z</time>
</trkpt>
<trkpt lat="46.3896159" lon="13.9138056">
<ele>933.95</ele>
<time>2026-06-20T11:43:50.000Z</time>
</trkpt>
<trkpt lat="46.3897907" lon="13.9139244">
<ele>930.16</ele>
<time>2026-06-20T11:43:58.000Z</time>
</trkpt>
<trkpt lat="46.3899372" lon="13.9140878">
<ele>926.32</ele>
<time>2026-06-20T11:44:09.000Z</time>
</trkpt>
<trkpt lat="46.3900505" lon="13.9143189">
<ele>931.53</ele>
<time>2026-06-20T11:44:19.000Z</time>
</trkpt>
<trkpt lat="46.3902301" lon="13.9143606">
<ele>926.02</ele>
<time>2026-06-20T11:44:29.000Z</time>
</trkpt>
<trkpt lat="46.3904215" lon="13.9144438">
<ele>923.50</ele>
<time>2026-06-20T11:44:41.000Z</time>
</trkpt>
<trkpt lat="46.3905842" lon="13.9145739">
<ele>925.00</ele>
<time>2026-06-20T11:44:49.000Z</time>
</trkpt>
<trkpt lat="46.3907031" lon="13.9147833">
<ele>922.51</ele>
<time>2026-06-20T11:44:59.000Z</time>
</trkpt>
<trkpt lat="46.3908088" lon="13.9150111">
<ele>925.82</ele>
<time>2026-06-20T11:45:06.000Z</time>
</trkpt>
<trkpt lat="46.3909618" lon="13.9151490">
<ele>925.12</ele>
<time>2026-06-20T11:45:17.000Z</time>
</trkpt>
<trkpt lat="46.3911088" lon="13.9153185">
<ele>924.06</ele>
<time>2026-06-20T11:45:27.000Z</time>
</trkpt>
<trkpt lat="46.3911741" lon="13.9155733">
<ele>928.45</ele>
<time>2026-06-20T11:45:40.000Z</time>
</trkpt>
<trkpt lat="46.3910886" lon="13.9158152">
<ele>922.27</ele>
<time>2026-06-20T11:45:51.000Z</time>
</trkpt>
<extensions>
<om:oruxmapsextensions>
<om:ext type="NAME" subtype="0"><![CDATA[Segment: 1]]></om:ext>
</om:oruxmapsextensions>
</extensions>
</trkseg>
</trk>
</gpx>
