<?xml version="1.0" encoding="UTF-8" standalone="no" ?>
<gpx xmlns="http://www.topografix.com/GPX/1/1" creator="OruxMaps v.10.7.4 GP" version="1.1" xmlns:gpxtpx="http://www.garmin.com/xmlschemas/TrackPointExtension/v2" xmlns:xsi="http://www.w3.org/2001/XMLSchema-instance" xmlns:om="http://www.oruxmaps.com/oruxmapsextensions/1/0" xsi:schemaLocation="http://www.topografix.com/GPX/1/1 http://www.topografix.com/GPX/1/1/gpx.xsd">
<!-- owner: e57cf051988575 -->
<metadata>
<name><![CDATA[2026-08-23 05:09:33 Čez Psico na Storžič]]></name>
<link href="https://www.oruxmaps.com">
<text>OruxMaps GP</text>
</link>
<time>2026-08-23T03:09:33.179Z</time><bounds maxlat="46.3649986" maxlon="14.4048126" minlat="46.3399916" minlon="14.2901778"/>
</metadata>
<wpt lat="46.3566921" lon="14.2907033">
<ele>549.53</ele>
<time>2026-08-23T03:09:37.368Z</time>
<name><![CDATA[]]></name>
<sym>Waypoint</sym>
<type>Starting Point</type>
<extensions>
<om:oruxmapsextensions>
<om:ext type="ICON" subtype="0">38</om:ext>
</om:oruxmapsextensions>
</extensions>
</wpt>
<wpt lat="46.3565639" lon="14.2905330">
<ele>541.02</ele>
<time>2026-08-23T10:22:27.969Z</time>
<name><![CDATA[]]></name>
<desc><![CDATA[<p><br /><h3>Name: Segment: 1</h3><br />Type: Hiking<br/>Start time: 05:09 23 Aug 2026<br/>Finish time: 12:22 23 Aug 2026<br/>Distance: 26.3km (07:12)<br/>Moving time: 06:25<br/>Average speed: 3.64 km/h<br/>Speed in Movement: 4.08 km/h<br/>Maximum Speed: 9.69 km/h<br/>Minimum altitude: 481 m<br/>Maximum altitude: 2122 m<br/>Ascent speed: 694.1 m/h<br/>Descent speed: 848.6 m/h<br/>Elevation gain: 2437 m<br/>Elevation loss: 2444 m<br/>Ascent time: 03:30<br/>Descent time: 02:52<br/></p>]]></desc>
<sym>Waypoint</sym>
<type>Finishing Point</type>
<extensions>
<om:oruxmapsextensions>
<om:ext type="ICON" subtype="0">15</om:ext>
</om:oruxmapsextensions>
</extensions>
</wpt>
<trk>
<name><![CDATA[2026-08-23 05:09:33 Čez Psico na Storžič]]></name>
<desc><![CDATA[<p>Type: Hiking<br/>Start time: 05:09 23 Aug 2026<br/>Finish time: 12:22 23 Aug 2026<br/>Distance: 26.3 km (07:12)<br/>Moving time: 06:25<br/>Average speed: 3.64 km/h<br/>Speed in Movement: 4.08 km/h<br/>Maximum Speed: 9.69 km/h<br/>Minimum altitude: 481 m<br/>Maximum altitude: 2122 m<br/>Ascent speed: 694.1 m/h<br/>Descent speed: 848.6 m/h<br/>Elevation gain: 2437 m<br/>Elevation loss: 2444 m<br/>Ascent time: 03:30<br/>Descent time: 02:52<br/></p><hr align="center" width="480" style="height: 2px; width: 517px"/>]]></desc>
<type>Hiking</type>
<extensions>
<om:oruxmapsextensions>
<om:ext type="TYPE" subtype="0">5</om:ext>
<om:ext type="DIFFICULTY">0</om:ext>
</om:oruxmapsextensions>
</extensions>
<trkseg>
<trkpt lat="46.3566921" lon="14.2907033">
<ele>549.53</ele>
<time>2026-08-23T03:09:37.269Z</time>
</trkpt>
<trkpt lat="46.3565452" lon="14.2905245">
<ele>540.76</ele>
<time>2026-08-23T03:09:57.000Z</time>
</trkpt>
<trkpt lat="46.3564185" lon="14.2903367">
<ele>541.36</ele>
<time>2026-08-23T03:10:06.000Z</time>
</trkpt>
<trkpt lat="46.3562684" lon="14.2901778">
<ele>536.44</ele>
<time>2026-08-23T03:10:16.000Z</time>
</trkpt>
<trkpt lat="46.3562321" lon="14.2904540">
<ele>532.29</ele>
<time>2026-08-23T03:10:25.000Z</time>
</trkpt>
<trkpt lat="46.3561692" lon="14.2907030">
<ele>528.54</ele>
<time>2026-08-23T03:10:33.000Z</time>
</trkpt>
<trkpt lat="46.3561115" lon="14.2909542">
<ele>527.41</ele>
<time>2026-08-23T03:10:42.000Z</time>
</trkpt>
<trkpt lat="46.3560581" lon="14.2912309">
<ele>522.22</ele>
<time>2026-08-23T03:10:52.000Z</time>
</trkpt>
<trkpt lat="46.3562073" lon="14.2914197">
<ele>527.93</ele>
<time>2026-08-23T03:11:05.000Z</time>
</trkpt>
<trkpt lat="46.3563505" lon="14.2915831">
<ele>531.04</ele>
<time>2026-08-23T03:11:16.000Z</time>
</trkpt>
<trkpt lat="46.3565186" lon="14.2916764">
<ele>532.55</ele>
<time>2026-08-23T03:11:29.000Z</time>
</trkpt>
<trkpt lat="46.3566919" lon="14.2917876">
<ele>535.70</ele>
<time>2026-08-23T03:11:38.000Z</time>
</trkpt>
<trkpt lat="46.3568609" lon="14.2919382">
<ele>539.66</ele>
<time>2026-08-23T03:11:47.000Z</time>
</trkpt>
<trkpt lat="46.3570213" lon="14.2920817">
<ele>540.73</ele>
<time>2026-08-23T03:11:58.000Z</time>
</trkpt>
<trkpt lat="46.3571707" lon="14.2922310">
<ele>539.82</ele>
<time>2026-08-23T03:12:09.000Z</time>
</trkpt>
<trkpt lat="46.3573123" lon="14.2924027">
<ele>540.50</ele>
<time>2026-08-23T03:12:20.000Z</time>
</trkpt>
<trkpt lat="46.3574304" lon="14.2926063">
<ele>537.37</ele>
<time>2026-08-23T03:12:32.000Z</time>
</trkpt>
<trkpt lat="46.3575643" lon="14.2927933">
<ele>540.95</ele>
<time>2026-08-23T03:12:42.000Z</time>
</trkpt>
<trkpt lat="46.3576702" lon="14.2930285">
<ele>542.63</ele>
<time>2026-08-23T03:12:52.000Z</time>
</trkpt>
<trkpt lat="46.3578480" lon="14.2931183">
<ele>545.45</ele>
<time>2026-08-23T03:13:01.000Z</time>
</trkpt>
<trkpt lat="46.3580383" lon="14.2930550">
<ele>544.42</ele>
<time>2026-08-23T03:13:13.000Z</time>
</trkpt>
<trkpt lat="46.3582207" lon="14.2930167">
<ele>546.05</ele>
<time>2026-08-23T03:13:26.000Z</time>
</trkpt>
<trkpt lat="46.3583529" lon="14.2932019">
<ele>549.19</ele>
<time>2026-08-23T03:13:38.000Z</time>
</trkpt>
<trkpt lat="46.3584210" lon="14.2934669">
<ele>550.05</ele>
<time>2026-08-23T03:13:49.000Z</time>
</trkpt>
<trkpt lat="46.3584727" lon="14.2937389">
<ele>551.41</ele>
<time>2026-08-23T03:13:59.000Z</time>
</trkpt>
<trkpt lat="46.3585532" lon="14.2939721">
<ele>551.47</ele>
<time>2026-08-23T03:14:08.000Z</time>
</trkpt>
<trkpt lat="46.3586672" lon="14.2942052">
<ele>552.23</ele>
<time>2026-08-23T03:14:18.000Z</time>
</trkpt>
<trkpt lat="46.3587663" lon="14.2944378">
<ele>554.52</ele>
<time>2026-08-23T03:14:28.000Z</time>
</trkpt>
<trkpt lat="46.3588483" lon="14.2946929">
<ele>549.71</ele>
<time>2026-08-23T03:14:50.000Z</time>
</trkpt>
<trkpt lat="46.3589084" lon="14.2949678">
<ele>548.94</ele>
<time>2026-08-23T03:15:02.000Z</time>
</trkpt>
<trkpt lat="46.3589719" lon="14.2952280">
<ele>550.48</ele>
<time>2026-08-23T03:15:12.000Z</time>
</trkpt>
<trkpt lat="46.3590570" lon="14.2954802">
<ele>552.49</ele>
<time>2026-08-23T03:15:22.000Z</time>
</trkpt>
<trkpt lat="46.3591536" lon="14.2957199">
<ele>551.19</ele>
<time>2026-08-23T03:15:33.000Z</time>
</trkpt>
<trkpt lat="46.3592537" lon="14.2959607">
<ele>551.12</ele>
<time>2026-08-23T03:15:43.000Z</time>
</trkpt>
<trkpt lat="46.3593263" lon="14.2962104">
<ele>550.39</ele>
<time>2026-08-23T03:15:53.000Z</time>
</trkpt>
<trkpt lat="46.3593928" lon="14.2964602">
<ele>549.18</ele>
<time>2026-08-23T03:16:03.000Z</time>
</trkpt>
<trkpt lat="46.3594868" lon="14.2966915">
<ele>548.80</ele>
<time>2026-08-23T03:16:13.000Z</time>
</trkpt>
<trkpt lat="46.3595956" lon="14.2969021">
<ele>549.74</ele>
<time>2026-08-23T03:16:23.000Z</time>
</trkpt>
<trkpt lat="46.3597022" lon="14.2971402">
<ele>551.88</ele>
<time>2026-08-23T03:16:34.000Z</time>
</trkpt>
<trkpt lat="46.3598061" lon="14.2973918">
<ele>546.17</ele>
<time>2026-08-23T03:16:45.000Z</time>
</trkpt>
<trkpt lat="46.3598533" lon="14.2976484">
<ele>547.13</ele>
<time>2026-08-23T03:16:55.000Z</time>
</trkpt>
<trkpt lat="46.3598526" lon="14.2979223">
<ele>544.42</ele>
<time>2026-08-23T03:17:06.000Z</time>
</trkpt>
<trkpt lat="46.3599823" lon="14.2981323">
<ele>543.17</ele>
<time>2026-08-23T03:17:18.000Z</time>
</trkpt>
<trkpt lat="46.3600733" lon="14.2983800">
<ele>546.77</ele>
<time>2026-08-23T03:17:28.000Z</time>
</trkpt>
<trkpt lat="46.3601714" lon="14.2986051">
<ele>545.43</ele>
<time>2026-08-23T03:17:38.000Z</time>
</trkpt>
<trkpt lat="46.3602626" lon="14.2988488">
<ele>545.52</ele>
<time>2026-08-23T03:17:49.000Z</time>
</trkpt>
<trkpt lat="46.3603310" lon="14.2991150">
<ele>548.08</ele>
<time>2026-08-23T03:18:00.000Z</time>
</trkpt>
<trkpt lat="46.3603702" lon="14.2993911">
<ele>543.76</ele>
<time>2026-08-23T03:18:10.000Z</time>
</trkpt>
<trkpt lat="46.3604452" lon="14.2996365">
<ele>539.15</ele>
<time>2026-08-23T03:18:19.000Z</time>
</trkpt>
<trkpt lat="46.3603217" lon="14.2998398">
<ele>538.63</ele>
<time>2026-08-23T03:18:32.000Z</time>
</trkpt>
<trkpt lat="46.3604015" lon="14.3000874">
<ele>540.65</ele>
<time>2026-08-23T03:18:42.000Z</time>
</trkpt>
<trkpt lat="46.3604760" lon="14.3003368">
<ele>545.03</ele>
<time>2026-08-23T03:18:54.000Z</time>
</trkpt>
<trkpt lat="46.3605251" lon="14.3005876">
<ele>546.25</ele>
<time>2026-08-23T03:19:05.000Z</time>
</trkpt>
<trkpt lat="46.3605789" lon="14.3008369">
<ele>543.48</ele>
<time>2026-08-23T03:19:15.000Z</time>
</trkpt>
<trkpt lat="46.3606982" lon="14.3010345">
<ele>540.71</ele>
<time>2026-08-23T03:19:25.000Z</time>
</trkpt>
<trkpt lat="46.3608560" lon="14.3011902">
<ele>538.37</ele>
<time>2026-08-23T03:19:37.000Z</time>
</trkpt>
<trkpt lat="46.3610214" lon="14.3013068">
<ele>533.98</ele>
<time>2026-08-23T03:19:49.000Z</time>
</trkpt>
<trkpt lat="46.3611993" lon="14.3013832">
<ele>537.49</ele>
<time>2026-08-23T03:19:59.000Z</time>
</trkpt>
<trkpt lat="46.3613597" lon="14.3015135">
<ele>539.56</ele>
<time>2026-08-23T03:20:08.000Z</time>
</trkpt>
<trkpt lat="46.3615016" lon="14.3017023">
<ele>543.19</ele>
<time>2026-08-23T03:20:18.000Z</time>
</trkpt>
<trkpt lat="46.3616566" lon="14.3018821">
<ele>542.56</ele>
<time>2026-08-23T03:20:28.000Z</time>
</trkpt>
<trkpt lat="46.3617710" lon="14.3020895">
<ele>543.26</ele>
<time>2026-08-23T03:20:38.000Z</time>
</trkpt>
<trkpt lat="46.3618830" lon="14.3023370">
<ele>541.87</ele>
<time>2026-08-23T03:20:49.000Z</time>
</trkpt>
<trkpt lat="46.3619957" lon="14.3025451">
<ele>541.13</ele>
<time>2026-08-23T03:21:00.000Z</time>
</trkpt>
<trkpt lat="46.3621659" lon="14.3026521">
<ele>542.34</ele>
<time>2026-08-23T03:21:10.000Z</time>
</trkpt>
<trkpt lat="46.3621886" lon="14.3029330">
<ele>540.37</ele>
<time>2026-08-23T03:21:25.000Z</time>
</trkpt>
<trkpt lat="46.3621565" lon="14.3032189">
<ele>539.58</ele>
<time>2026-08-23T03:21:34.000Z</time>
</trkpt>
<trkpt lat="46.3621957" lon="14.3034742">
<ele>535.67</ele>
<time>2026-08-23T03:21:44.000Z</time>
</trkpt>
<trkpt lat="46.3622084" lon="14.3037541">
<ele>527.51</ele>
<time>2026-08-23T03:21:57.000Z</time>
</trkpt>
<trkpt lat="46.3622183" lon="14.3040236">
<ele>529.59</ele>
<time>2026-08-23T03:22:07.000Z</time>
</trkpt>
<trkpt lat="46.3621874" lon="14.3043028">
<ele>528.46</ele>
<time>2026-08-23T03:22:17.000Z</time>
</trkpt>
<trkpt lat="46.3621130" lon="14.3045552">
<ele>529.58</ele>
<time>2026-08-23T03:22:28.000Z</time>
</trkpt>
<trkpt lat="46.3621305" lon="14.3048432">
<ele>523.15</ele>
<time>2026-08-23T03:22:40.000Z</time>
</trkpt>
<trkpt lat="46.3621466" lon="14.3051252">
<ele>523.75</ele>
<time>2026-08-23T03:22:50.000Z</time>
</trkpt>
<trkpt lat="46.3622104" lon="14.3053711">
<ele>524.09</ele>
<time>2026-08-23T03:22:59.000Z</time>
</trkpt>
<trkpt lat="46.3623422" lon="14.3055537">
<ele>523.27</ele>
<time>2026-08-23T03:23:09.000Z</time>
</trkpt>
<trkpt lat="46.3624602" lon="14.3057575">
<ele>515.52</ele>
<time>2026-08-23T03:23:23.000Z</time>
</trkpt>
<trkpt lat="46.3625485" lon="14.3059870">
<ele>517.18</ele>
<time>2026-08-23T03:23:31.000Z</time>
</trkpt>
<trkpt lat="46.3626899" lon="14.3061673">
<ele>519.26</ele>
<time>2026-08-23T03:23:40.000Z</time>
</trkpt>
<trkpt lat="46.3628106" lon="14.3063743">
<ele>518.08</ele>
<time>2026-08-23T03:23:51.000Z</time>
</trkpt>
<trkpt lat="46.3628800" lon="14.3066157">
<ele>518.42</ele>
<time>2026-08-23T03:24:01.000Z</time>
</trkpt>
<trkpt lat="46.3628733" lon="14.3068818">
<ele>515.25</ele>
<time>2026-08-23T03:24:12.000Z</time>
</trkpt>
<trkpt lat="46.3628069" lon="14.3071484">
<ele>512.67</ele>
<time>2026-08-23T03:24:24.000Z</time>
</trkpt>
<trkpt lat="46.3627693" lon="14.3074260">
<ele>510.96</ele>
<time>2026-08-23T03:24:38.000Z</time>
</trkpt>
<trkpt lat="46.3627646" lon="14.3077052">
<ele>511.67</ele>
<time>2026-08-23T03:24:49.000Z</time>
</trkpt>
<trkpt lat="46.3628165" lon="14.3079568">
<ele>511.99</ele>
<time>2026-08-23T03:24:59.000Z</time>
</trkpt>
<trkpt lat="46.3629150" lon="14.3081777">
<ele>514.89</ele>
<time>2026-08-23T03:25:08.000Z</time>
</trkpt>
<trkpt lat="46.3630587" lon="14.3083390">
<ele>514.73</ele>
<time>2026-08-23T03:25:22.000Z</time>
</trkpt>
<trkpt lat="46.3632301" lon="14.3084596">
<ele>518.19</ele>
<time>2026-08-23T03:25:41.000Z</time>
</trkpt>
<trkpt lat="46.3633864" lon="14.3085960">
<ele>519.58</ele>
<time>2026-08-23T03:25:52.000Z</time>
</trkpt>
<trkpt lat="46.3635496" lon="14.3087243">
<ele>533.12</ele>
<time>2026-08-23T03:26:09.000Z</time>
</trkpt>
<trkpt lat="46.3637220" lon="14.3088327">
<ele>534.42</ele>
<time>2026-08-23T03:26:20.000Z</time>
</trkpt>
<trkpt lat="46.3638952" lon="14.3089456">
<ele>541.20</ele>
<time>2026-08-23T03:26:32.000Z</time>
</trkpt>
<trkpt lat="46.3640647" lon="14.3090522">
<ele>541.03</ele>
<time>2026-08-23T03:26:46.000Z</time>
</trkpt>
<trkpt lat="46.3641875" lon="14.3092475">
<ele>537.41</ele>
<time>2026-08-23T03:27:01.000Z</time>
</trkpt>
<trkpt lat="46.3640946" lon="14.3094785">
<ele>526.85</ele>
<time>2026-08-23T03:27:12.000Z</time>
</trkpt>
<trkpt lat="46.3640530" lon="14.3097333">
<ele>524.52</ele>
<time>2026-08-23T03:27:22.000Z</time>
</trkpt>
<trkpt lat="46.3640718" lon="14.3100145">
<ele>521.80</ele>
<time>2026-08-23T03:27:31.000Z</time>
</trkpt>
<trkpt lat="46.3641485" lon="14.3102548">
<ele>516.80</ele>
<time>2026-08-23T03:27:41.000Z</time>
</trkpt>
<trkpt lat="46.3641612" lon="14.3105365">
<ele>519.38</ele>
<time>2026-08-23T03:27:51.000Z</time>
</trkpt>
<trkpt lat="46.3641049" lon="14.3107892">
<ele>518.41</ele>
<time>2026-08-23T03:28:05.000Z</time>
</trkpt>
<trkpt lat="46.3639620" lon="14.3109657">
<ele>517.80</ele>
<time>2026-08-23T03:28:13.000Z</time>
</trkpt>
<trkpt lat="46.3638405" lon="14.3111645">
<ele>519.65</ele>
<time>2026-08-23T03:28:24.000Z</time>
</trkpt>
<trkpt lat="46.3637717" lon="14.3114060">
<ele>519.13</ele>
<time>2026-08-23T03:28:35.000Z</time>
</trkpt>
<trkpt lat="46.3636865" lon="14.3116397">
<ele>522.18</ele>
<time>2026-08-23T03:28:46.000Z</time>
</trkpt>
<trkpt lat="46.3637256" lon="14.3118978">
<ele>520.90</ele>
<time>2026-08-23T03:29:01.000Z</time>
</trkpt>
<trkpt lat="46.3638149" lon="14.3121534">
<ele>526.65</ele>
<time>2026-08-23T03:29:16.000Z</time>
</trkpt>
<trkpt lat="46.3639417" lon="14.3123765">
<ele>528.49</ele>
<time>2026-08-23T03:29:29.000Z</time>
</trkpt>
<trkpt lat="46.3640075" lon="14.3126428">
<ele>531.55</ele>
<time>2026-08-23T03:29:43.000Z</time>
</trkpt>
<trkpt lat="46.3640734" lon="14.3128991">
<ele>534.88</ele>
<time>2026-08-23T03:29:54.000Z</time>
</trkpt>
<trkpt lat="46.3641537" lon="14.3131376">
<ele>536.23</ele>
<time>2026-08-23T03:30:03.000Z</time>
</trkpt>
<trkpt lat="46.3642875" lon="14.3133255">
<ele>538.46</ele>
<time>2026-08-23T03:30:16.000Z</time>
</trkpt>
<trkpt lat="46.3644737" lon="14.3133687">
<ele>536.07</ele>
<time>2026-08-23T03:30:31.000Z</time>
</trkpt>
<trkpt lat="46.3646193" lon="14.3135446">
<ele>535.25</ele>
<time>2026-08-23T03:30:41.000Z</time>
</trkpt>
<trkpt lat="46.3647421" lon="14.3137434">
<ele>536.26</ele>
<time>2026-08-23T03:30:51.000Z</time>
</trkpt>
<trkpt lat="46.3647465" lon="14.3140076">
<ele>532.74</ele>
<time>2026-08-23T03:31:04.000Z</time>
</trkpt>
<trkpt lat="46.3647693" lon="14.3142771">
<ele>530.59</ele>
<time>2026-08-23T03:31:31.000Z</time>
</trkpt>
<trkpt lat="46.3648074" lon="14.3145594">
<ele>530.15</ele>
<time>2026-08-23T03:31:44.000Z</time>
</trkpt>
<trkpt lat="46.3648094" lon="14.3148223">
<ele>529.75</ele>
<time>2026-08-23T03:31:55.000Z</time>
</trkpt>
<trkpt lat="46.3648232" lon="14.3150925">
<ele>530.18</ele>
<time>2026-08-23T03:32:07.000Z</time>
</trkpt>
<trkpt lat="46.3647358" lon="14.3153514">
<ele>533.67</ele>
<time>2026-08-23T03:32:18.000Z</time>
</trkpt>
<trkpt lat="46.3646270" lon="14.3155802">
<ele>531.71</ele>
<time>2026-08-23T03:32:30.000Z</time>
</trkpt>
<trkpt lat="46.3646045" lon="14.3158600">
<ele>532.01</ele>
<time>2026-08-23T03:32:42.000Z</time>
</trkpt>
<trkpt lat="46.3646918" lon="14.3161078">
<ele>527.24</ele>
<time>2026-08-23T03:32:55.000Z</time>
</trkpt>
<trkpt lat="46.3647360" lon="14.3163811">
<ele>533.49</ele>
<time>2026-08-23T03:33:08.000Z</time>
</trkpt>
<trkpt lat="46.3645848" lon="14.3165291">
<ele>538.37</ele>
<time>2026-08-23T03:33:25.000Z</time>
</trkpt>
<trkpt lat="46.3645317" lon="14.3167835">
<ele>547.30</ele>
<time>2026-08-23T03:34:19.000Z</time>
</trkpt>
<trkpt lat="46.3643574" lon="14.3168602">
<ele>554.71</ele>
<time>2026-08-23T03:34:40.000Z</time>
</trkpt>
<trkpt lat="46.3642854" lon="14.3171026">
<ele>559.98</ele>
<time>2026-08-23T03:35:04.000Z</time>
</trkpt>
<trkpt lat="46.3642061" lon="14.3173382">
<ele>569.04</ele>
<time>2026-08-23T03:35:27.000Z</time>
</trkpt>
<trkpt lat="46.3641578" lon="14.3175986">
<ele>574.29</ele>
<time>2026-08-23T03:35:49.000Z</time>
</trkpt>
<trkpt lat="46.3640926" lon="14.3178540">
<ele>566.37</ele>
<time>2026-08-23T03:36:03.000Z</time>
</trkpt>
<trkpt lat="46.3639681" lon="14.3180577">
<ele>574.69</ele>
<time>2026-08-23T03:36:18.000Z</time>
</trkpt>
<trkpt lat="46.3638754" lon="14.3182993">
<ele>578.55</ele>
<time>2026-08-23T03:37:03.000Z</time>
</trkpt>
<trkpt lat="46.3638105" lon="14.3185711">
<ele>580.60</ele>
<time>2026-08-23T03:37:15.000Z</time>
</trkpt>
<trkpt lat="46.3637236" lon="14.3188019">
<ele>580.39</ele>
<time>2026-08-23T03:37:25.000Z</time>
</trkpt>
<trkpt lat="46.3636564" lon="14.3190443">
<ele>586.35</ele>
<time>2026-08-23T03:37:47.000Z</time>
</trkpt>
<trkpt lat="46.3635265" lon="14.3192467">
<ele>592.17</ele>
<time>2026-08-23T03:37:59.000Z</time>
</trkpt>
<trkpt lat="46.3633576" lon="14.3193380">
<ele>599.35</ele>
<time>2026-08-23T03:38:16.000Z</time>
</trkpt>
<trkpt lat="46.3632127" lon="14.3195129">
<ele>604.33</ele>
<time>2026-08-23T03:38:29.000Z</time>
</trkpt>
<trkpt lat="46.3631053" lon="14.3197448">
<ele>605.17</ele>
<time>2026-08-23T03:38:44.000Z</time>
</trkpt>
<trkpt lat="46.3630761" lon="14.3200076">
<ele>609.24</ele>
<time>2026-08-23T03:38:59.000Z</time>
</trkpt>
<trkpt lat="46.3630353" lon="14.3202718">
<ele>609.09</ele>
<time>2026-08-23T03:39:16.000Z</time>
</trkpt>
<trkpt lat="46.3629798" lon="14.3205350">
<ele>616.50</ele>
<time>2026-08-23T03:39:29.000Z</time>
</trkpt>
<trkpt lat="46.3629783" lon="14.3208109">
<ele>621.31</ele>
<time>2026-08-23T03:39:49.000Z</time>
</trkpt>
<trkpt lat="46.3629712" lon="14.3210736">
<ele>622.96</ele>
<time>2026-08-23T03:40:04.000Z</time>
</trkpt>
<trkpt lat="46.3629679" lon="14.3213554">
<ele>633.36</ele>
<time>2026-08-23T03:40:22.000Z</time>
</trkpt>
<trkpt lat="46.3629865" lon="14.3216163">
<ele>634.86</ele>
<time>2026-08-23T03:40:39.000Z</time>
</trkpt>
<trkpt lat="46.3629884" lon="14.3218831">
<ele>639.57</ele>
<time>2026-08-23T03:40:58.000Z</time>
</trkpt>
<trkpt lat="46.3628754" lon="14.3220962">
<ele>648.80</ele>
<time>2026-08-23T03:41:32.000Z</time>
</trkpt>
<trkpt lat="46.3627854" lon="14.3223267">
<ele>650.92</ele>
<time>2026-08-23T03:41:55.000Z</time>
</trkpt>
<trkpt lat="46.3628512" lon="14.3225710">
<ele>660.22</ele>
<time>2026-08-23T03:42:09.000Z</time>
</trkpt>
<trkpt lat="46.3629925" lon="14.3227537">
<ele>670.14</ele>
<time>2026-08-23T03:42:33.000Z</time>
</trkpt>
<trkpt lat="46.3631752" lon="14.3227233">
<ele>670.63</ele>
<time>2026-08-23T03:42:46.000Z</time>
</trkpt>
<trkpt lat="46.3633603" lon="14.3226828">
<ele>675.84</ele>
<time>2026-08-23T03:43:04.000Z</time>
</trkpt>
<trkpt lat="46.3635434" lon="14.3227115">
<ele>676.59</ele>
<time>2026-08-23T03:43:20.000Z</time>
</trkpt>
<trkpt lat="46.3636892" lon="14.3225558">
<ele>685.71</ele>
<time>2026-08-23T03:43:35.000Z</time>
</trkpt>
<trkpt lat="46.3637332" lon="14.3228152">
<ele>686.82</ele>
<time>2026-08-23T03:44:14.000Z</time>
</trkpt>
<trkpt lat="46.3637256" lon="14.3230825">
<ele>693.24</ele>
<time>2026-08-23T03:44:35.000Z</time>
</trkpt>
<trkpt lat="46.3637059" lon="14.3233531">
<ele>694.73</ele>
<time>2026-08-23T03:44:46.000Z</time>
</trkpt>
<trkpt lat="46.3637178" lon="14.3236214">
<ele>701.14</ele>
<time>2026-08-23T03:45:03.000Z</time>
</trkpt>
<trkpt lat="46.3637293" lon="14.3238851">
<ele>703.56</ele>
<time>2026-08-23T03:45:24.000Z</time>
</trkpt>
<trkpt lat="46.3638475" lon="14.3240877">
<ele>700.31</ele>
<time>2026-08-23T03:45:35.000Z</time>
</trkpt>
<trkpt lat="46.3639415" lon="14.3243151">
<ele>709.69</ele>
<time>2026-08-23T03:45:46.000Z</time>
</trkpt>
<trkpt lat="46.3641212" lon="14.3242804">
<ele>725.62</ele>
<time>2026-08-23T03:46:10.000Z</time>
</trkpt>
<trkpt lat="46.3642791" lon="14.3241508">
<ele>728.33</ele>
<time>2026-08-23T03:46:27.000Z</time>
</trkpt>
<trkpt lat="46.3644484" lon="14.3240294">
<ele>729.84</ele>
<time>2026-08-23T03:46:44.000Z</time>
</trkpt>
<trkpt lat="46.3646248" lon="14.3240919">
<ele>729.50</ele>
<time>2026-08-23T03:47:10.000Z</time>
</trkpt>
<trkpt lat="46.3647857" lon="14.3239696">
<ele>731.47</ele>
<time>2026-08-23T03:47:23.000Z</time>
</trkpt>
<trkpt lat="46.3649150" lon="14.3237880">
<ele>732.65</ele>
<time>2026-08-23T03:47:40.000Z</time>
</trkpt>
<trkpt lat="46.3649365" lon="14.3240512">
<ele>740.73</ele>
<time>2026-08-23T03:48:17.000Z</time>
</trkpt>
<trkpt lat="46.3649641" lon="14.3243209">
<ele>749.27</ele>
<time>2026-08-23T03:48:41.000Z</time>
</trkpt>
<trkpt lat="46.3649878" lon="14.3245845">
<ele>752.04</ele>
<time>2026-08-23T03:48:58.000Z</time>
</trkpt>
<trkpt lat="46.3649986" lon="14.3248501">
<ele>757.96</ele>
<time>2026-08-23T03:49:16.000Z</time>
</trkpt>
<trkpt lat="46.3649534" lon="14.3251076">
<ele>762.25</ele>
<time>2026-08-23T03:49:39.000Z</time>
</trkpt>
<trkpt lat="46.3648478" lon="14.3253390">
<ele>765.24</ele>
<time>2026-08-23T03:49:59.000Z</time>
</trkpt>
<trkpt lat="46.3647505" lon="14.3255621">
<ele>765.03</ele>
<time>2026-08-23T03:50:14.000Z</time>
</trkpt>
<trkpt lat="46.3646737" lon="14.3258039">
<ele>769.64</ele>
<time>2026-08-23T03:50:28.000Z</time>
</trkpt>
<trkpt lat="46.3646107" lon="14.3260592">
<ele>772.94</ele>
<time>2026-08-23T03:50:43.000Z</time>
</trkpt>
<trkpt lat="46.3645381" lon="14.3263076">
<ele>775.55</ele>
<time>2026-08-23T03:51:08.000Z</time>
</trkpt>
<trkpt lat="46.3645084" lon="14.3265805">
<ele>781.59</ele>
<time>2026-08-23T03:51:38.000Z</time>
</trkpt>
<trkpt lat="46.3644533" lon="14.3268334">
<ele>785.76</ele>
<time>2026-08-23T03:51:47.000Z</time>
</trkpt>
<trkpt lat="46.3643835" lon="14.3270860">
<ele>792.78</ele>
<time>2026-08-23T03:52:01.000Z</time>
</trkpt>
<trkpt lat="46.3643068" lon="14.3273261">
<ele>793.65</ele>
<time>2026-08-23T03:52:16.000Z</time>
</trkpt>
<trkpt lat="46.3642668" lon="14.3275843">
<ele>800.84</ele>
<time>2026-08-23T03:52:36.000Z</time>
</trkpt>
<trkpt lat="46.3642057" lon="14.3278449">
<ele>802.09</ele>
<time>2026-08-23T03:52:51.000Z</time>
</trkpt>
<trkpt lat="46.3640778" lon="14.3280384">
<ele>806.11</ele>
<time>2026-08-23T03:53:05.000Z</time>
</trkpt>
<trkpt lat="46.3639627" lon="14.3282538">
<ele>807.29</ele>
<time>2026-08-23T03:53:16.000Z</time>
</trkpt>
<trkpt lat="46.3638557" lon="14.3284659">
<ele>813.44</ele>
<time>2026-08-23T03:53:35.000Z</time>
</trkpt>
<trkpt lat="46.3637210" lon="14.3286499">
<ele>817.84</ele>
<time>2026-08-23T03:53:54.000Z</time>
</trkpt>
<trkpt lat="46.3635408" lon="14.3286900">
<ele>822.64</ele>
<time>2026-08-23T03:54:19.000Z</time>
</trkpt>
<trkpt lat="46.3633695" lon="14.3285690">
<ele>821.39</ele>
<time>2026-08-23T03:54:35.000Z</time>
</trkpt>
<trkpt lat="46.3632103" lon="14.3284317">
<ele>822.24</ele>
<time>2026-08-23T03:54:49.000Z</time>
</trkpt>
<trkpt lat="46.3630345" lon="14.3283709">
<ele>832.88</ele>
<time>2026-08-23T03:55:12.000Z</time>
</trkpt>
<trkpt lat="46.3628573" lon="14.3283174">
<ele>839.42</ele>
<time>2026-08-23T03:55:32.000Z</time>
</trkpt>
<trkpt lat="46.3626669" lon="14.3282746">
<ele>842.77</ele>
<time>2026-08-23T03:55:45.000Z</time>
</trkpt>
<trkpt lat="46.3624836" lon="14.3282081">
<ele>845.92</ele>
<time>2026-08-23T03:56:04.000Z</time>
</trkpt>
<trkpt lat="46.3622910" lon="14.3282220">
<ele>851.73</ele>
<time>2026-08-23T03:56:15.000Z</time>
</trkpt>
<trkpt lat="46.3621040" lon="14.3282519">
<ele>854.99</ele>
<time>2026-08-23T03:56:31.000Z</time>
</trkpt>
<trkpt lat="46.3619470" lon="14.3281210">
<ele>860.25</ele>
<time>2026-08-23T03:56:55.000Z</time>
</trkpt>
<trkpt lat="46.3617667" lon="14.3280352">
<ele>869.09</ele>
<time>2026-08-23T03:57:16.000Z</time>
</trkpt>
<trkpt lat="46.3615759" lon="14.3279516">
<ele>870.06</ele>
<time>2026-08-23T03:57:48.000Z</time>
</trkpt>
<trkpt lat="46.3614447" lon="14.3277704">
<ele>876.89</ele>
<time>2026-08-23T03:58:04.000Z</time>
</trkpt>
<trkpt lat="46.3612856" lon="14.3276327">
<ele>894.15</ele>
<time>2026-08-23T03:58:23.000Z</time>
</trkpt>
<trkpt lat="46.3611220" lon="14.3275217">
<ele>901.38</ele>
<time>2026-08-23T03:59:01.000Z</time>
</trkpt>
<trkpt lat="46.3609451" lon="14.3275935">
<ele>906.40</ele>
<time>2026-08-23T03:59:32.000Z</time>
</trkpt>
<trkpt lat="46.3607650" lon="14.3275868">
<ele>911.37</ele>
<time>2026-08-23T03:59:58.000Z</time>
</trkpt>
<trkpt lat="46.3605874" lon="14.3276720">
<ele>923.27</ele>
<time>2026-08-23T04:00:50.000Z</time>
</trkpt>
<trkpt lat="46.3604266" lon="14.3275348">
<ele>928.20</ele>
<time>2026-08-23T04:01:16.000Z</time>
</trkpt>
<trkpt lat="46.3603228" lon="14.3273031">
<ele>934.28</ele>
<time>2026-08-23T04:01:37.000Z</time>
</trkpt>
<trkpt lat="46.3603100" lon="14.3270341">
<ele>940.59</ele>
<time>2026-08-23T04:02:05.000Z</time>
</trkpt>
<trkpt lat="46.3601278" lon="14.3270359">
<ele>954.03</ele>
<time>2026-08-23T04:02:49.000Z</time>
</trkpt>
<trkpt lat="46.3599844" lon="14.3272056">
<ele>956.56</ele>
<time>2026-08-23T04:03:07.000Z</time>
</trkpt>
<trkpt lat="46.3598106" lon="14.3272760">
<ele>969.87</ele>
<time>2026-08-23T04:03:47.000Z</time>
</trkpt>
<trkpt lat="46.3596294" lon="14.3272748">
<ele>975.54</ele>
<time>2026-08-23T04:04:06.000Z</time>
</trkpt>
<trkpt lat="46.3594413" lon="14.3273441">
<ele>988.31</ele>
<time>2026-08-23T04:04:59.000Z</time>
</trkpt>
<trkpt lat="46.3592566" lon="14.3273674">
<ele>995.29</ele>
<time>2026-08-23T04:05:14.000Z</time>
</trkpt>
<trkpt lat="46.3590797" lon="14.3274373">
<ele>1005.82</ele>
<time>2026-08-23T04:06:01.000Z</time>
</trkpt>
<trkpt lat="46.3589044" lon="14.3275246">
<ele>1017.64</ele>
<time>2026-08-23T04:06:23.000Z</time>
</trkpt>
<trkpt lat="46.3588150" lon="14.3272905">
<ele>1036.28</ele>
<time>2026-08-23T04:07:29.000Z</time>
</trkpt>
<trkpt lat="46.3586974" lon="14.3270863">
<ele>1051.12</ele>
<time>2026-08-23T04:08:13.000Z</time>
</trkpt>
<trkpt lat="46.3585331" lon="14.3269639">
<ele>1063.49</ele>
<time>2026-08-23T04:08:45.000Z</time>
</trkpt>
<trkpt lat="46.3583687" lon="14.3268289">
<ele>1075.72</ele>
<time>2026-08-23T04:09:25.000Z</time>
</trkpt>
<trkpt lat="46.3581922" lon="14.3267540">
<ele>1084.93</ele>
<time>2026-08-23T04:10:04.000Z</time>
</trkpt>
<trkpt lat="46.3580115" lon="14.3267453">
<ele>1093.66</ele>
<time>2026-08-23T04:10:39.000Z</time>
</trkpt>
<trkpt lat="46.3578854" lon="14.3265542">
<ele>1110.93</ele>
<time>2026-08-23T04:11:09.000Z</time>
</trkpt>
<trkpt lat="46.3577020" lon="14.3266442">
<ele>1113.89</ele>
<time>2026-08-23T04:11:32.000Z</time>
</trkpt>
<trkpt lat="46.3576056" lon="14.3264188">
<ele>1123.10</ele>
<time>2026-08-23T04:12:09.000Z</time>
</trkpt>
<trkpt lat="46.3574932" lon="14.3262060">
<ele>1132.03</ele>
<time>2026-08-23T04:12:44.000Z</time>
</trkpt>
<trkpt lat="46.3573286" lon="14.3263121">
<ele>1139.66</ele>
<time>2026-08-23T04:13:35.000Z</time>
</trkpt>
<trkpt lat="46.3571689" lon="14.3264494">
<ele>1152.36</ele>
<time>2026-08-23T04:14:08.000Z</time>
</trkpt>
<trkpt lat="46.3569880" lon="14.3264111">
<ele>1171.67</ele>
<time>2026-08-23T04:15:08.000Z</time>
</trkpt>
<trkpt lat="46.3568071" lon="14.3264315">
<ele>1185.91</ele>
<time>2026-08-23T04:16:01.000Z</time>
</trkpt>
<trkpt lat="46.3566235" lon="14.3264677">
<ele>1193.26</ele>
<time>2026-08-23T04:17:18.000Z</time>
</trkpt>
<trkpt lat="46.3564529" lon="14.3265563">
<ele>1205.64</ele>
<time>2026-08-23T04:17:47.000Z</time>
</trkpt>
<trkpt lat="46.3563177" lon="14.3267438">
<ele>1211.80</ele>
<time>2026-08-23T04:18:14.000Z</time>
</trkpt>
<trkpt lat="46.3561355" lon="14.3268121">
<ele>1222.21</ele>
<time>2026-08-23T04:19:06.000Z</time>
</trkpt>
<trkpt lat="46.3559544" lon="14.3268414">
<ele>1236.54</ele>
<time>2026-08-23T04:19:59.000Z</time>
</trkpt>
<trkpt lat="46.3558523" lon="14.3270700">
<ele>1242.14</ele>
<time>2026-08-23T04:20:40.000Z</time>
</trkpt>
<trkpt lat="46.3557840" lon="14.3273160">
<ele>1241.56</ele>
<time>2026-08-23T04:20:53.000Z</time>
</trkpt>
<trkpt lat="46.3557564" lon="14.3275766">
<ele>1259.61</ele>
<time>2026-08-23T04:21:32.000Z</time>
</trkpt>
<trkpt lat="46.3555777" lon="14.3276344">
<ele>1284.12</ele>
<time>2026-08-23T04:22:51.000Z</time>
</trkpt>
<trkpt lat="46.3554414" lon="14.3278076">
<ele>1294.37</ele>
<time>2026-08-23T04:23:37.000Z</time>
</trkpt>
<trkpt lat="46.3553466" lon="14.3280381">
<ele>1308.81</ele>
<time>2026-08-23T04:24:25.000Z</time>
</trkpt>
<trkpt lat="46.3552328" lon="14.3282515">
<ele>1313.64</ele>
<time>2026-08-23T04:24:35.000Z</time>
</trkpt>
<trkpt lat="46.3551162" lon="14.3284677">
<ele>1324.15</ele>
<time>2026-08-23T04:25:13.000Z</time>
</trkpt>
<trkpt lat="46.3549719" lon="14.3286413">
<ele>1333.19</ele>
<time>2026-08-23T04:25:44.000Z</time>
</trkpt>
<trkpt lat="46.3549417" lon="14.3289030">
<ele>1336.23</ele>
<time>2026-08-23T04:26:00.000Z</time>
</trkpt>
<trkpt lat="46.3548732" lon="14.3291468">
<ele>1342.26</ele>
<time>2026-08-23T04:26:36.000Z</time>
</trkpt>
<trkpt lat="46.3547773" lon="14.3293695">
<ele>1351.03</ele>
<time>2026-08-23T04:26:54.000Z</time>
</trkpt>
<trkpt lat="46.3546842" lon="14.3296140">
<ele>1353.89</ele>
<time>2026-08-23T04:27:19.000Z</time>
</trkpt>
<trkpt lat="46.3545550" lon="14.3298002">
<ele>1356.67</ele>
<time>2026-08-23T04:27:33.000Z</time>
</trkpt>
<trkpt lat="46.3544526" lon="14.3300196">
<ele>1361.83</ele>
<time>2026-08-23T04:27:56.000Z</time>
</trkpt>
<trkpt lat="46.3543373" lon="14.3302355">
<ele>1370.07</ele>
<time>2026-08-23T04:28:24.000Z</time>
</trkpt>
<trkpt lat="46.3542528" lon="14.3304889">
<ele>1373.35</ele>
<time>2026-08-23T04:28:42.000Z</time>
</trkpt>
<trkpt lat="46.3540987" lon="14.3306350">
<ele>1381.17</ele>
<time>2026-08-23T04:28:59.000Z</time>
</trkpt>
<trkpt lat="46.3539780" lon="14.3308535">
<ele>1382.16</ele>
<time>2026-08-23T04:29:19.000Z</time>
</trkpt>
<trkpt lat="46.3538088" lon="14.3309839">
<ele>1390.12</ele>
<time>2026-08-23T04:29:59.000Z</time>
</trkpt>
<trkpt lat="46.3536379" lon="14.3310815">
<ele>1399.56</ele>
<time>2026-08-23T04:30:41.000Z</time>
</trkpt>
<trkpt lat="46.3534562" lon="14.3311127">
<ele>1410.34</ele>
<time>2026-08-23T04:31:01.000Z</time>
</trkpt>
<trkpt lat="46.3532886" lon="14.3312167">
<ele>1425.51</ele>
<time>2026-08-23T04:31:55.000Z</time>
</trkpt>
<trkpt lat="46.3531080" lon="14.3312185">
<ele>1438.24</ele>
<time>2026-08-23T04:32:33.000Z</time>
</trkpt>
<trkpt lat="46.3529271" lon="14.3312741">
<ele>1442.04</ele>
<time>2026-08-23T04:32:56.000Z</time>
</trkpt>
<trkpt lat="46.3527406" lon="14.3313177">
<ele>1448.83</ele>
<time>2026-08-23T04:33:30.000Z</time>
</trkpt>
<trkpt lat="46.3525671" lon="14.3314316">
<ele>1456.04</ele>
<time>2026-08-23T04:33:43.000Z</time>
</trkpt>
<trkpt lat="46.3524058" lon="14.3315545">
<ele>1456.81</ele>
<time>2026-08-23T04:33:58.000Z</time>
</trkpt>
<trkpt lat="46.3523109" lon="14.3317855">
<ele>1462.23</ele>
<time>2026-08-23T04:34:13.000Z</time>
</trkpt>
<trkpt lat="46.3521902" lon="14.3320023">
<ele>1464.89</ele>
<time>2026-08-23T04:34:34.000Z</time>
</trkpt>
<trkpt lat="46.3519983" lon="14.3320229">
<ele>1467.98</ele>
<time>2026-08-23T04:34:51.000Z</time>
</trkpt>
<trkpt lat="46.3518191" lon="14.3320788">
<ele>1470.37</ele>
<time>2026-08-23T04:35:07.000Z</time>
</trkpt>
<trkpt lat="46.3516476" lon="14.3321769">
<ele>1472.77</ele>
<time>2026-08-23T04:35:24.000Z</time>
</trkpt>
<trkpt lat="46.3516315" lon="14.3324411">
<ele>1474.59</ele>
<time>2026-08-23T04:36:10.000Z</time>
</trkpt>
<trkpt lat="46.3516465" lon="14.3327036">
<ele>1472.70</ele>
<time>2026-08-23T04:36:22.000Z</time>
</trkpt>
<trkpt lat="46.3516756" lon="14.3329781">
<ele>1470.99</ele>
<time>2026-08-23T04:36:50.000Z</time>
</trkpt>
<trkpt lat="46.3516685" lon="14.3332478">
<ele>1474.05</ele>
<time>2026-08-23T04:37:17.000Z</time>
</trkpt>
<trkpt lat="46.3516418" lon="14.3335252">
<ele>1474.73</ele>
<time>2026-08-23T04:37:30.000Z</time>
</trkpt>
<trkpt lat="46.3516290" lon="14.3337925">
<ele>1474.16</ele>
<time>2026-08-23T04:37:50.000Z</time>
</trkpt>
<trkpt lat="46.3516413" lon="14.3340600">
<ele>1471.03</ele>
<time>2026-08-23T04:38:04.000Z</time>
</trkpt>
<trkpt lat="46.3516854" lon="14.3343171">
<ele>1471.07</ele>
<time>2026-08-23T04:38:15.000Z</time>
</trkpt>
<trkpt lat="46.3518132" lon="14.3345272">
<ele>1473.68</ele>
<time>2026-08-23T04:38:25.000Z</time>
</trkpt>
<trkpt lat="46.3519842" lon="14.3346727">
<ele>1476.93</ele>
<time>2026-08-23T04:38:36.000Z</time>
</trkpt>
<trkpt lat="46.3521197" lon="14.3348684">
<ele>1476.27</ele>
<time>2026-08-23T04:38:55.000Z</time>
</trkpt>
<trkpt lat="46.3522401" lon="14.3351071">
<ele>1477.48</ele>
<time>2026-08-23T04:39:08.000Z</time>
</trkpt>
<trkpt lat="46.3523115" lon="14.3353579">
<ele>1477.72</ele>
<time>2026-08-23T04:39:19.000Z</time>
</trkpt>
<trkpt lat="46.3523809" lon="14.3356304">
<ele>1481.82</ele>
<time>2026-08-23T04:39:30.000Z</time>
</trkpt>
<trkpt lat="46.3523849" lon="14.3358910">
<ele>1484.12</ele>
<time>2026-08-23T04:39:40.000Z</time>
</trkpt>
<trkpt lat="46.3524423" lon="14.3361535">
<ele>1483.58</ele>
<time>2026-08-23T04:39:50.000Z</time>
</trkpt>
<trkpt lat="46.3525118" lon="14.3363968">
<ele>1484.95</ele>
<time>2026-08-23T04:40:00.000Z</time>
</trkpt>
<trkpt lat="46.3525477" lon="14.3366855">
<ele>1486.07</ele>
<time>2026-08-23T04:40:11.000Z</time>
</trkpt>
<trkpt lat="46.3526156" lon="14.3369454">
<ele>1484.97</ele>
<time>2026-08-23T04:40:22.000Z</time>
</trkpt>
<trkpt lat="46.3526370" lon="14.3372166">
<ele>1492.30</ele>
<time>2026-08-23T04:40:40.000Z</time>
</trkpt>
<trkpt lat="46.3526324" lon="14.3374896">
<ele>1496.92</ele>
<time>2026-08-23T04:40:52.000Z</time>
</trkpt>
<trkpt lat="46.3526501" lon="14.3377633">
<ele>1499.85</ele>
<time>2026-08-23T04:41:17.000Z</time>
</trkpt>
<trkpt lat="46.3526887" lon="14.3380216">
<ele>1506.37</ele>
<time>2026-08-23T04:41:37.000Z</time>
</trkpt>
<trkpt lat="46.3527614" lon="14.3382842">
<ele>1505.48</ele>
<time>2026-08-23T04:41:51.000Z</time>
</trkpt>
<trkpt lat="46.3528599" lon="14.3385230">
<ele>1509.39</ele>
<time>2026-08-23T04:42:04.000Z</time>
</trkpt>
<trkpt lat="46.3529402" lon="14.3387740">
<ele>1512.34</ele>
<time>2026-08-23T04:42:28.000Z</time>
</trkpt>
<trkpt lat="46.3529270" lon="14.3390464">
<ele>1516.49</ele>
<time>2026-08-23T04:42:44.000Z</time>
</trkpt>
<trkpt lat="46.3528993" lon="14.3393152">
<ele>1525.24</ele>
<time>2026-08-23T04:43:13.000Z</time>
</trkpt>
<trkpt lat="46.3529095" lon="14.3395754">
<ele>1529.16</ele>
<time>2026-08-23T04:43:29.000Z</time>
</trkpt>
<trkpt lat="46.3529881" lon="14.3398098">
<ele>1536.00</ele>
<time>2026-08-23T04:43:47.000Z</time>
</trkpt>
<trkpt lat="46.3531003" lon="14.3400284">
<ele>1538.22</ele>
<time>2026-08-23T04:44:03.000Z</time>
</trkpt>
<trkpt lat="46.3531954" lon="14.3402566">
<ele>1540.38</ele>
<time>2026-08-23T04:44:21.000Z</time>
</trkpt>
<trkpt lat="46.3532008" lon="14.3405220">
<ele>1551.27</ele>
<time>2026-08-23T04:44:34.000Z</time>
</trkpt>
<trkpt lat="46.3532358" lon="14.3408070">
<ele>1552.76</ele>
<time>2026-08-23T04:44:48.000Z</time>
</trkpt>
<trkpt lat="46.3532581" lon="14.3410712">
<ele>1550.12</ele>
<time>2026-08-23T04:44:57.000Z</time>
</trkpt>
<trkpt lat="46.3532682" lon="14.3413389">
<ele>1552.17</ele>
<time>2026-08-23T04:45:14.000Z</time>
</trkpt>
<trkpt lat="46.3532772" lon="14.3416199">
<ele>1555.61</ele>
<time>2026-08-23T04:45:27.000Z</time>
</trkpt>
<trkpt lat="46.3532297" lon="14.3418909">
<ele>1558.31</ele>
<time>2026-08-23T04:45:41.000Z</time>
</trkpt>
<trkpt lat="46.3531421" lon="14.3421416">
<ele>1559.92</ele>
<time>2026-08-23T04:45:52.000Z</time>
</trkpt>
<trkpt lat="46.3530372" lon="14.3423761">
<ele>1559.58</ele>
<time>2026-08-23T04:46:06.000Z</time>
</trkpt>
<trkpt lat="46.3529859" lon="14.3426374">
<ele>1563.33</ele>
<time>2026-08-23T04:46:20.000Z</time>
</trkpt>
<trkpt lat="46.3529455" lon="14.3428957">
<ele>1567.85</ele>
<time>2026-08-23T04:46:35.000Z</time>
</trkpt>
<trkpt lat="46.3531020" lon="14.3427652">
<ele>1572.76</ele>
<time>2026-08-23T04:46:52.000Z</time>
</trkpt>
<trkpt lat="46.3532792" lon="14.3426650">
<ele>1579.06</ele>
<time>2026-08-23T04:47:14.000Z</time>
</trkpt>
<trkpt lat="46.3531159" lon="14.3427786">
<ele>1573.77</ele>
<time>2026-08-23T04:49:00.000Z</time>
</trkpt>
<trkpt lat="46.3529617" lon="14.3429152">
<ele>1570.64</ele>
<time>2026-08-23T04:49:12.000Z</time>
</trkpt>
<trkpt lat="46.3528711" lon="14.3431567">
<ele>1568.70</ele>
<time>2026-08-23T04:49:25.000Z</time>
</trkpt>
<trkpt lat="46.3528054" lon="14.3434197">
<ele>1564.29</ele>
<time>2026-08-23T04:49:41.000Z</time>
</trkpt>
<trkpt lat="46.3527311" lon="14.3436780">
<ele>1555.55</ele>
<time>2026-08-23T04:49:53.000Z</time>
</trkpt>
<trkpt lat="46.3526829" lon="14.3439300">
<ele>1554.57</ele>
<time>2026-08-23T04:50:02.000Z</time>
</trkpt>
<trkpt lat="46.3526721" lon="14.3441957">
<ele>1555.61</ele>
<time>2026-08-23T04:50:21.000Z</time>
</trkpt>
<trkpt lat="46.3527063" lon="14.3444657">
<ele>1563.59</ele>
<time>2026-08-23T04:50:40.000Z</time>
</trkpt>
<trkpt lat="46.3527099" lon="14.3447448">
<ele>1568.43</ele>
<time>2026-08-23T04:50:52.000Z</time>
</trkpt>
<trkpt lat="46.3526930" lon="14.3450156">
<ele>1565.69</ele>
<time>2026-08-23T04:51:06.000Z</time>
</trkpt>
<trkpt lat="46.3526371" lon="14.3452724">
<ele>1568.04</ele>
<time>2026-08-23T04:51:17.000Z</time>
</trkpt>
<trkpt lat="46.3525728" lon="14.3455230">
<ele>1566.67</ele>
<time>2026-08-23T04:51:31.000Z</time>
</trkpt>
<trkpt lat="46.3525579" lon="14.3457976">
<ele>1563.53</ele>
<time>2026-08-23T04:51:43.000Z</time>
</trkpt>
<trkpt lat="46.3525408" lon="14.3460856">
<ele>1565.21</ele>
<time>2026-08-23T04:51:57.000Z</time>
</trkpt>
<trkpt lat="46.3525002" lon="14.3463451">
<ele>1568.23</ele>
<time>2026-08-23T04:52:07.000Z</time>
</trkpt>
<trkpt lat="46.3524668" lon="14.3466032">
<ele>1565.67</ele>
<time>2026-08-23T04:52:20.000Z</time>
</trkpt>
<trkpt lat="46.3524333" lon="14.3468704">
<ele>1565.35</ele>
<time>2026-08-23T04:52:30.000Z</time>
</trkpt>
<trkpt lat="46.3524043" lon="14.3471280">
<ele>1560.65</ele>
<time>2026-08-23T04:52:42.000Z</time>
</trkpt>
<trkpt lat="46.3523886" lon="14.3473958">
<ele>1561.29</ele>
<time>2026-08-23T04:52:53.000Z</time>
</trkpt>
<trkpt lat="46.3523047" lon="14.3476626">
<ele>1562.77</ele>
<time>2026-08-23T04:53:05.000Z</time>
</trkpt>
<trkpt lat="46.3523104" lon="14.3479432">
<ele>1560.67</ele>
<time>2026-08-23T04:53:12.000Z</time>
</trkpt>
<trkpt lat="46.3522841" lon="14.3482257">
<ele>1561.43</ele>
<time>2026-08-23T04:53:24.000Z</time>
</trkpt>
<trkpt lat="46.3522174" lon="14.3484704">
<ele>1561.73</ele>
<time>2026-08-23T04:53:33.000Z</time>
</trkpt>
<trkpt lat="46.3521501" lon="14.3487124">
<ele>1561.18</ele>
<time>2026-08-23T04:53:46.000Z</time>
</trkpt>
<trkpt lat="46.3520433" lon="14.3489319">
<ele>1562.96</ele>
<time>2026-08-23T04:53:56.000Z</time>
</trkpt>
<trkpt lat="46.3519355" lon="14.3491484">
<ele>1563.77</ele>
<time>2026-08-23T04:54:06.000Z</time>
</trkpt>
<trkpt lat="46.3518832" lon="14.3494007">
<ele>1561.14</ele>
<time>2026-08-23T04:54:16.000Z</time>
</trkpt>
<trkpt lat="46.3518262" lon="14.3496638">
<ele>1561.42</ele>
<time>2026-08-23T04:54:27.000Z</time>
</trkpt>
<trkpt lat="46.3518097" lon="14.3499465">
<ele>1560.87</ele>
<time>2026-08-23T04:54:37.000Z</time>
</trkpt>
<trkpt lat="46.3518068" lon="14.3502120">
<ele>1561.94</ele>
<time>2026-08-23T04:54:50.000Z</time>
</trkpt>
<trkpt lat="46.3518028" lon="14.3504816">
<ele>1564.27</ele>
<time>2026-08-23T04:55:03.000Z</time>
</trkpt>
<trkpt lat="46.3517976" lon="14.3507480">
<ele>1564.34</ele>
<time>2026-08-23T04:55:13.000Z</time>
</trkpt>
<trkpt lat="46.3517504" lon="14.3510222">
<ele>1564.07</ele>
<time>2026-08-23T04:55:23.000Z</time>
</trkpt>
<trkpt lat="46.3517065" lon="14.3512800">
<ele>1564.37</ele>
<time>2026-08-23T04:55:36.000Z</time>
</trkpt>
<trkpt lat="46.3516995" lon="14.3515522">
<ele>1569.93</ele>
<time>2026-08-23T04:55:47.000Z</time>
</trkpt>
<trkpt lat="46.3517864" lon="14.3518035">
<ele>1568.68</ele>
<time>2026-08-23T04:56:03.000Z</time>
</trkpt>
<trkpt lat="46.3517356" lon="14.3520634">
<ele>1568.64</ele>
<time>2026-08-23T04:56:15.000Z</time>
</trkpt>
<trkpt lat="46.3517386" lon="14.3523354">
<ele>1569.58</ele>
<time>2026-08-23T04:56:29.000Z</time>
</trkpt>
<trkpt lat="46.3517808" lon="14.3525968">
<ele>1574.18</ele>
<time>2026-08-23T04:56:40.000Z</time>
</trkpt>
<trkpt lat="46.3517906" lon="14.3528794">
<ele>1572.71</ele>
<time>2026-08-23T04:56:53.000Z</time>
</trkpt>
<trkpt lat="46.3517846" lon="14.3531462">
<ele>1575.47</ele>
<time>2026-08-23T04:57:04.000Z</time>
</trkpt>
<trkpt lat="46.3517776" lon="14.3534203">
<ele>1580.10</ele>
<time>2026-08-23T04:57:14.000Z</time>
</trkpt>
<trkpt lat="46.3517564" lon="14.3536912">
<ele>1582.39</ele>
<time>2026-08-23T04:57:32.000Z</time>
</trkpt>
<trkpt lat="46.3517063" lon="14.3539607">
<ele>1582.66</ele>
<time>2026-08-23T04:57:47.000Z</time>
</trkpt>
<trkpt lat="46.3517131" lon="14.3542290">
<ele>1587.91</ele>
<time>2026-08-23T04:58:01.000Z</time>
</trkpt>
<trkpt lat="46.3516408" lon="14.3544831">
<ele>1587.39</ele>
<time>2026-08-23T04:58:18.000Z</time>
</trkpt>
<trkpt lat="46.3515652" lon="14.3547261">
<ele>1590.40</ele>
<time>2026-08-23T04:58:33.000Z</time>
</trkpt>
<trkpt lat="46.3515063" lon="14.3549780">
<ele>1593.34</ele>
<time>2026-08-23T04:58:44.000Z</time>
</trkpt>
<trkpt lat="46.3514285" lon="14.3552270">
<ele>1597.01</ele>
<time>2026-08-23T04:58:57.000Z</time>
</trkpt>
<trkpt lat="46.3513587" lon="14.3554695">
<ele>1597.90</ele>
<time>2026-08-23T04:59:16.000Z</time>
</trkpt>
<trkpt lat="46.3512300" lon="14.3556578">
<ele>1607.53</ele>
<time>2026-08-23T04:59:38.000Z</time>
</trkpt>
<trkpt lat="46.3510799" lon="14.3558125">
<ele>1615.60</ele>
<time>2026-08-23T05:00:21.000Z</time>
</trkpt>
<trkpt lat="46.3509769" lon="14.3560330">
<ele>1624.74</ele>
<time>2026-08-23T05:00:51.000Z</time>
</trkpt>
<trkpt lat="46.3508133" lon="14.3561741">
<ele>1636.36</ele>
<time>2026-08-23T05:01:22.000Z</time>
</trkpt>
<trkpt lat="46.3506904" lon="14.3563692">
<ele>1651.76</ele>
<time>2026-08-23T05:02:00.000Z</time>
</trkpt>
<trkpt lat="46.3505643" lon="14.3565783">
<ele>1653.70</ele>
<time>2026-08-23T05:02:19.000Z</time>
</trkpt>
<trkpt lat="46.3504787" lon="14.3568102">
<ele>1650.81</ele>
<time>2026-08-23T05:02:34.000Z</time>
</trkpt>
<trkpt lat="46.3503076" lon="14.3569156">
<ele>1659.67</ele>
<time>2026-08-23T05:02:51.000Z</time>
</trkpt>
<trkpt lat="46.3503930" lon="14.3571549">
<ele>1656.44</ele>
<time>2026-08-23T05:03:20.000Z</time>
</trkpt>
<trkpt lat="46.3504430" lon="14.3574299">
<ele>1656.65</ele>
<time>2026-08-23T05:03:35.000Z</time>
</trkpt>
<trkpt lat="46.3505365" lon="14.3576597">
<ele>1659.93</ele>
<time>2026-08-23T05:03:46.000Z</time>
</trkpt>
<trkpt lat="46.3504467" lon="14.3578887">
<ele>1658.72</ele>
<time>2026-08-23T05:03:58.000Z</time>
</trkpt>
<trkpt lat="46.3503598" lon="14.3581317">
<ele>1657.48</ele>
<time>2026-08-23T05:04:13.000Z</time>
</trkpt>
<trkpt lat="46.3503449" lon="14.3583985">
<ele>1657.99</ele>
<time>2026-08-23T05:04:33.000Z</time>
</trkpt>
<trkpt lat="46.3502225" lon="14.3585906">
<ele>1656.01</ele>
<time>2026-08-23T05:04:47.000Z</time>
</trkpt>
<trkpt lat="46.3501100" lon="14.3587971">
<ele>1649.86</ele>
<time>2026-08-23T05:05:02.000Z</time>
</trkpt>
<trkpt lat="46.3499888" lon="14.3589992">
<ele>1646.43</ele>
<time>2026-08-23T05:05:16.000Z</time>
</trkpt>
<trkpt lat="46.3498099" lon="14.3589697">
<ele>1639.08</ele>
<time>2026-08-23T05:05:39.000Z</time>
</trkpt>
<trkpt lat="46.3496258" lon="14.3590691">
<ele>1637.37</ele>
<time>2026-08-23T05:05:52.000Z</time>
</trkpt>
<trkpt lat="46.3494832" lon="14.3592426">
<ele>1644.89</ele>
<time>2026-08-23T05:06:05.000Z</time>
</trkpt>
<trkpt lat="46.3494239" lon="14.3595096">
<ele>1654.26</ele>
<time>2026-08-23T05:06:53.000Z</time>
</trkpt>
<trkpt lat="46.3493915" lon="14.3597900">
<ele>1656.67</ele>
<time>2026-08-23T05:07:12.000Z</time>
</trkpt>
<trkpt lat="46.3493702" lon="14.3600497">
<ele>1657.90</ele>
<time>2026-08-23T05:07:28.000Z</time>
</trkpt>
<trkpt lat="46.3492795" lon="14.3602765">
<ele>1659.44</ele>
<time>2026-08-23T05:07:41.000Z</time>
</trkpt>
<trkpt lat="46.3491539" lon="14.3604697">
<ele>1662.51</ele>
<time>2026-08-23T05:07:54.000Z</time>
</trkpt>
<trkpt lat="46.3490964" lon="14.3607171">
<ele>1665.90</ele>
<time>2026-08-23T05:08:06.000Z</time>
</trkpt>
<trkpt lat="46.3491385" lon="14.3609715">
<ele>1668.85</ele>
<time>2026-08-23T05:08:19.000Z</time>
</trkpt>
<trkpt lat="46.3490574" lon="14.3612145">
<ele>1669.34</ele>
<time>2026-08-23T05:08:37.000Z</time>
</trkpt>
<trkpt lat="46.3489466" lon="14.3614436">
<ele>1674.00</ele>
<time>2026-08-23T05:08:54.000Z</time>
</trkpt>
<trkpt lat="46.3488313" lon="14.3616441">
<ele>1679.47</ele>
<time>2026-08-23T05:09:07.000Z</time>
</trkpt>
<trkpt lat="46.3487888" lon="14.3619019">
<ele>1687.78</ele>
<time>2026-08-23T05:09:29.000Z</time>
</trkpt>
<trkpt lat="46.3487872" lon="14.3621679">
<ele>1692.44</ele>
<time>2026-08-23T05:09:53.000Z</time>
</trkpt>
<trkpt lat="46.3487035" lon="14.3624081">
<ele>1698.00</ele>
<time>2026-08-23T05:10:11.000Z</time>
</trkpt>
<trkpt lat="46.3486864" lon="14.3626772">
<ele>1705.53</ele>
<time>2026-08-23T05:10:28.000Z</time>
</trkpt>
<trkpt lat="46.3486749" lon="14.3629400">
<ele>1710.43</ele>
<time>2026-08-23T05:10:45.000Z</time>
</trkpt>
<trkpt lat="46.3486400" lon="14.3632063">
<ele>1716.43</ele>
<time>2026-08-23T05:11:33.000Z</time>
</trkpt>
<trkpt lat="46.3484651" lon="14.3632862">
<ele>1710.53</ele>
<time>2026-08-23T05:16:22.000Z</time>
</trkpt>
<trkpt lat="46.3482804" lon="14.3633370">
<ele>1701.50</ele>
<time>2026-08-23T05:17:03.000Z</time>
</trkpt>
<trkpt lat="46.3481410" lon="14.3635036">
<ele>1693.56</ele>
<time>2026-08-23T05:17:17.000Z</time>
</trkpt>
<trkpt lat="46.3479583" lon="14.3635936">
<ele>1685.50</ele>
<time>2026-08-23T05:17:32.000Z</time>
</trkpt>
<trkpt lat="46.3477757" lon="14.3636466">
<ele>1685.06</ele>
<time>2026-08-23T05:17:45.000Z</time>
</trkpt>
<trkpt lat="46.3476207" lon="14.3638062">
<ele>1677.37</ele>
<time>2026-08-23T05:18:00.000Z</time>
</trkpt>
<trkpt lat="46.3474382" lon="14.3638493">
<ele>1671.95</ele>
<time>2026-08-23T05:18:13.000Z</time>
</trkpt>
<trkpt lat="46.3472507" lon="14.3638452">
<ele>1658.95</ele>
<time>2026-08-23T05:18:31.000Z</time>
</trkpt>
<trkpt lat="46.3470816" lon="14.3639367">
<ele>1655.87</ele>
<time>2026-08-23T05:18:49.000Z</time>
</trkpt>
<trkpt lat="46.3469629" lon="14.3641379">
<ele>1646.89</ele>
<time>2026-08-23T05:19:18.000Z</time>
</trkpt>
<trkpt lat="46.3467972" lon="14.3642463">
<ele>1639.97</ele>
<time>2026-08-23T05:19:39.000Z</time>
</trkpt>
<trkpt lat="46.3467456" lon="14.3645132">
<ele>1628.64</ele>
<time>2026-08-23T05:19:59.000Z</time>
</trkpt>
<trkpt lat="46.3465821" lon="14.3646316">
<ele>1615.57</ele>
<time>2026-08-23T05:20:27.000Z</time>
</trkpt>
<trkpt lat="46.3464023" lon="14.3646089">
<ele>1612.58</ele>
<time>2026-08-23T05:20:47.000Z</time>
</trkpt>
<trkpt lat="46.3462725" lon="14.3647913">
<ele>1601.67</ele>
<time>2026-08-23T05:21:04.000Z</time>
</trkpt>
<trkpt lat="46.3461182" lon="14.3649290">
<ele>1587.50</ele>
<time>2026-08-23T05:21:29.000Z</time>
</trkpt>
<trkpt lat="46.3461188" lon="14.3651988">
<ele>1574.62</ele>
<time>2026-08-23T05:22:16.000Z</time>
</trkpt>
<trkpt lat="46.3462634" lon="14.3653612">
<ele>1565.78</ele>
<time>2026-08-23T05:22:32.000Z</time>
</trkpt>
<trkpt lat="46.3462602" lon="14.3656221">
<ele>1554.04</ele>
<time>2026-08-23T05:22:58.000Z</time>
</trkpt>
<trkpt lat="46.3462019" lon="14.3658722">
<ele>1545.71</ele>
<time>2026-08-23T05:23:19.000Z</time>
</trkpt>
<trkpt lat="46.3461852" lon="14.3661446">
<ele>1536.92</ele>
<time>2026-08-23T05:23:46.000Z</time>
</trkpt>
<trkpt lat="46.3461711" lon="14.3664093">
<ele>1515.16</ele>
<time>2026-08-23T05:24:19.000Z</time>
</trkpt>
<trkpt lat="46.3463030" lon="14.3666065">
<ele>1495.82</ele>
<time>2026-08-23T05:24:48.000Z</time>
</trkpt>
<trkpt lat="46.3463215" lon="14.3668841">
<ele>1490.40</ele>
<time>2026-08-23T05:25:12.000Z</time>
</trkpt>
<trkpt lat="46.3463501" lon="14.3671448">
<ele>1481.75</ele>
<time>2026-08-23T05:25:37.000Z</time>
</trkpt>
<trkpt lat="46.3463951" lon="14.3674063">
<ele>1474.04</ele>
<time>2026-08-23T05:25:54.000Z</time>
</trkpt>
<trkpt lat="46.3465753" lon="14.3674763">
<ele>1458.00</ele>
<time>2026-08-23T05:26:20.000Z</time>
</trkpt>
<trkpt lat="46.3466978" lon="14.3676805">
<ele>1448.62</ele>
<time>2026-08-23T05:26:57.000Z</time>
</trkpt>
<trkpt lat="46.3468765" lon="14.3676478">
<ele>1432.75</ele>
<time>2026-08-23T05:27:13.000Z</time>
</trkpt>
<trkpt lat="46.3470587" lon="14.3677677">
<ele>1430.78</ele>
<time>2026-08-23T05:27:33.000Z</time>
</trkpt>
<trkpt lat="46.3472094" lon="14.3679148">
<ele>1428.92</ele>
<time>2026-08-23T05:27:43.000Z</time>
</trkpt>
<trkpt lat="46.3473631" lon="14.3680808">
<ele>1421.86</ele>
<time>2026-08-23T05:27:56.000Z</time>
</trkpt>
<trkpt lat="46.3474576" lon="14.3683116">
<ele>1424.90</ele>
<time>2026-08-23T05:28:08.000Z</time>
</trkpt>
<trkpt lat="46.3475276" lon="14.3685563">
<ele>1422.35</ele>
<time>2026-08-23T05:28:23.000Z</time>
</trkpt>
<trkpt lat="46.3476711" lon="14.3687278">
<ele>1416.81</ele>
<time>2026-08-23T05:28:36.000Z</time>
</trkpt>
<trkpt lat="46.3478313" lon="14.3688531">
<ele>1415.23</ele>
<time>2026-08-23T05:28:46.000Z</time>
</trkpt>
<trkpt lat="46.3478502" lon="14.3691253">
<ele>1415.55</ele>
<time>2026-08-23T05:28:58.000Z</time>
</trkpt>
<trkpt lat="46.3479806" lon="14.3693084">
<ele>1407.03</ele>
<time>2026-08-23T05:29:19.000Z</time>
</trkpt>
<trkpt lat="46.3481009" lon="14.3695133">
<ele>1402.45</ele>
<time>2026-08-23T05:29:29.000Z</time>
</trkpt>
<trkpt lat="46.3482049" lon="14.3697260">
<ele>1398.14</ele>
<time>2026-08-23T05:29:49.000Z</time>
</trkpt>
<trkpt lat="46.3483088" lon="14.3699572">
<ele>1392.29</ele>
<time>2026-08-23T05:30:03.000Z</time>
</trkpt>
<trkpt lat="46.3484189" lon="14.3701681">
<ele>1386.45</ele>
<time>2026-08-23T05:30:14.000Z</time>
</trkpt>
<trkpt lat="46.3484436" lon="14.3704321">
<ele>1379.59</ele>
<time>2026-08-23T05:30:25.000Z</time>
</trkpt>
<trkpt lat="46.3484614" lon="14.3707143">
<ele>1372.98</ele>
<time>2026-08-23T05:30:38.000Z</time>
</trkpt>
<trkpt lat="46.3484567" lon="14.3709958">
<ele>1366.62</ele>
<time>2026-08-23T05:30:49.000Z</time>
</trkpt>
<trkpt lat="46.3484984" lon="14.3712567">
<ele>1359.95</ele>
<time>2026-08-23T05:31:01.000Z</time>
</trkpt>
<trkpt lat="46.3485451" lon="14.3715121">
<ele>1355.79</ele>
<time>2026-08-23T05:31:15.000Z</time>
</trkpt>
<trkpt lat="46.3486188" lon="14.3717579">
<ele>1347.79</ele>
<time>2026-08-23T05:31:27.000Z</time>
</trkpt>
<trkpt lat="46.3486644" lon="14.3720104">
<ele>1344.90</ele>
<time>2026-08-23T05:31:43.000Z</time>
</trkpt>
<trkpt lat="46.3487300" lon="14.3722651">
<ele>1337.42</ele>
<time>2026-08-23T05:31:55.000Z</time>
</trkpt>
<trkpt lat="46.3487533" lon="14.3725467">
<ele>1336.10</ele>
<time>2026-08-23T05:32:06.000Z</time>
</trkpt>
<trkpt lat="46.3487259" lon="14.3728298">
<ele>1331.36</ele>
<time>2026-08-23T05:32:17.000Z</time>
</trkpt>
<trkpt lat="46.3487023" lon="14.3730939">
<ele>1328.87</ele>
<time>2026-08-23T05:32:28.000Z</time>
</trkpt>
<trkpt lat="46.3487512" lon="14.3733554">
<ele>1327.73</ele>
<time>2026-08-23T05:32:46.000Z</time>
</trkpt>
<trkpt lat="46.3486909" lon="14.3736064">
<ele>1331.47</ele>
<time>2026-08-23T05:33:01.000Z</time>
</trkpt>
<trkpt lat="46.3486130" lon="14.3738677">
<ele>1332.20</ele>
<time>2026-08-23T05:33:27.000Z</time>
</trkpt>
<trkpt lat="46.3485244" lon="14.3741117">
<ele>1330.02</ele>
<time>2026-08-23T05:33:46.000Z</time>
</trkpt>
<trkpt lat="46.3485953" lon="14.3743535">
<ele>1338.95</ele>
<time>2026-08-23T05:34:09.000Z</time>
</trkpt>
<trkpt lat="46.3486726" lon="14.3745909">
<ele>1350.31</ele>
<time>2026-08-23T05:34:33.000Z</time>
</trkpt>
<trkpt lat="46.3487345" lon="14.3748385">
<ele>1360.17</ele>
<time>2026-08-23T05:34:55.000Z</time>
</trkpt>
<trkpt lat="46.3487950" lon="14.3750888">
<ele>1365.59</ele>
<time>2026-08-23T05:35:17.000Z</time>
</trkpt>
<trkpt lat="46.3487818" lon="14.3753576">
<ele>1366.83</ele>
<time>2026-08-23T05:35:34.000Z</time>
</trkpt>
<trkpt lat="46.3488462" lon="14.3756261">
<ele>1372.97</ele>
<time>2026-08-23T05:35:44.000Z</time>
</trkpt>
<trkpt lat="46.3489106" lon="14.3758943">
<ele>1373.11</ele>
<time>2026-08-23T05:35:54.000Z</time>
</trkpt>
<trkpt lat="46.3489960" lon="14.3761348">
<ele>1379.96</ele>
<time>2026-08-23T05:36:06.000Z</time>
</trkpt>
<trkpt lat="46.3490717" lon="14.3763830">
<ele>1381.20</ele>
<time>2026-08-23T05:36:20.000Z</time>
</trkpt>
<trkpt lat="46.3490375" lon="14.3766696">
<ele>1377.72</ele>
<time>2026-08-23T05:36:32.000Z</time>
</trkpt>
<trkpt lat="46.3489763" lon="14.3769320">
<ele>1376.34</ele>
<time>2026-08-23T05:36:44.000Z</time>
</trkpt>
<trkpt lat="46.3489044" lon="14.3771792">
<ele>1375.99</ele>
<time>2026-08-23T05:36:54.000Z</time>
</trkpt>
<trkpt lat="46.3488603" lon="14.3774470">
<ele>1373.71</ele>
<time>2026-08-23T05:37:14.000Z</time>
</trkpt>
<trkpt lat="46.3488162" lon="14.3777023">
<ele>1379.09</ele>
<time>2026-08-23T05:37:24.000Z</time>
</trkpt>
<trkpt lat="46.3488039" lon="14.3779658">
<ele>1386.31</ele>
<time>2026-08-23T05:37:37.000Z</time>
</trkpt>
<trkpt lat="46.3488122" lon="14.3782298">
<ele>1396.54</ele>
<time>2026-08-23T05:38:04.000Z</time>
</trkpt>
<trkpt lat="46.3487391" lon="14.3784764">
<ele>1398.46</ele>
<time>2026-08-23T05:40:41.000Z</time>
</trkpt>
<trkpt lat="46.3485559" lon="14.3785157">
<ele>1409.74</ele>
<time>2026-08-23T05:41:01.000Z</time>
</trkpt>
<trkpt lat="46.3485689" lon="14.3787763">
<ele>1412.32</ele>
<time>2026-08-23T05:41:23.000Z</time>
</trkpt>
<trkpt lat="46.3485624" lon="14.3790422">
<ele>1418.19</ele>
<time>2026-08-23T05:41:45.000Z</time>
</trkpt>
<trkpt lat="46.3486257" lon="14.3792912">
<ele>1425.78</ele>
<time>2026-08-23T05:42:07.000Z</time>
</trkpt>
<trkpt lat="46.3485617" lon="14.3795452">
<ele>1431.98</ele>
<time>2026-08-23T05:42:35.000Z</time>
</trkpt>
<trkpt lat="46.3484663" lon="14.3797703">
<ele>1442.39</ele>
<time>2026-08-23T05:43:13.000Z</time>
</trkpt>
<trkpt lat="46.3483540" lon="14.3799860">
<ele>1448.80</ele>
<time>2026-08-23T05:43:37.000Z</time>
</trkpt>
<trkpt lat="46.3482726" lon="14.3802239">
<ele>1454.95</ele>
<time>2026-08-23T05:44:00.000Z</time>
</trkpt>
<trkpt lat="46.3482876" lon="14.3804839">
<ele>1467.04</ele>
<time>2026-08-23T05:44:43.000Z</time>
</trkpt>
<trkpt lat="46.3482043" lon="14.3807194">
<ele>1473.65</ele>
<time>2026-08-23T05:45:13.000Z</time>
</trkpt>
<trkpt lat="46.3480938" lon="14.3809326">
<ele>1475.93</ele>
<time>2026-08-23T05:45:33.000Z</time>
</trkpt>
<trkpt lat="46.3480184" lon="14.3811789">
<ele>1486.90</ele>
<time>2026-08-23T05:46:00.000Z</time>
</trkpt>
<trkpt lat="46.3479133" lon="14.3813919">
<ele>1487.47</ele>
<time>2026-08-23T05:46:16.000Z</time>
</trkpt>
<trkpt lat="46.3478119" lon="14.3816280">
<ele>1499.66</ele>
<time>2026-08-23T05:46:43.000Z</time>
</trkpt>
<trkpt lat="46.3476517" lon="14.3817493">
<ele>1507.85</ele>
<time>2026-08-23T05:47:11.000Z</time>
</trkpt>
<trkpt lat="46.3475055" lon="14.3819241">
<ele>1512.55</ele>
<time>2026-08-23T05:47:30.000Z</time>
</trkpt>
<trkpt lat="46.3473780" lon="14.3821101">
<ele>1512.48</ele>
<time>2026-08-23T05:47:45.000Z</time>
</trkpt>
<trkpt lat="46.3472513" lon="14.3823177">
<ele>1513.73</ele>
<time>2026-08-23T05:48:03.000Z</time>
</trkpt>
<trkpt lat="46.3471339" lon="14.3825263">
<ele>1520.98</ele>
<time>2026-08-23T05:48:18.000Z</time>
</trkpt>
<trkpt lat="46.3469819" lon="14.3826753">
<ele>1520.57</ele>
<time>2026-08-23T05:48:32.000Z</time>
</trkpt>
<trkpt lat="46.3468409" lon="14.3828438">
<ele>1530.02</ele>
<time>2026-08-23T05:48:51.000Z</time>
</trkpt>
<trkpt lat="46.3467386" lon="14.3830698">
<ele>1532.37</ele>
<time>2026-08-23T05:49:21.000Z</time>
</trkpt>
<trkpt lat="46.3466475" lon="14.3833079">
<ele>1539.90</ele>
<time>2026-08-23T05:49:37.000Z</time>
</trkpt>
<trkpt lat="46.3465299" lon="14.3835070">
<ele>1554.82</ele>
<time>2026-08-23T05:50:17.000Z</time>
</trkpt>
<trkpt lat="46.3463426" lon="14.3835496">
<ele>1560.67</ele>
<time>2026-08-23T05:50:40.000Z</time>
</trkpt>
<trkpt lat="46.3462860" lon="14.3838065">
<ele>1563.06</ele>
<time>2026-08-23T05:50:59.000Z</time>
</trkpt>
<trkpt lat="46.3462915" lon="14.3840695">
<ele>1576.41</ele>
<time>2026-08-23T05:51:31.000Z</time>
</trkpt>
<trkpt lat="46.3462964" lon="14.3843354">
<ele>1584.50</ele>
<time>2026-08-23T05:51:57.000Z</time>
</trkpt>
<trkpt lat="46.3462818" lon="14.3845953">
<ele>1588.02</ele>
<time>2026-08-23T05:52:20.000Z</time>
</trkpt>
<trkpt lat="46.3464656" lon="14.3846032">
<ele>1602.92</ele>
<time>2026-08-23T05:54:37.000Z</time>
</trkpt>
<trkpt lat="46.3466128" lon="14.3847619">
<ele>1612.54</ele>
<time>2026-08-23T05:55:02.000Z</time>
</trkpt>
<trkpt lat="46.3467679" lon="14.3848999">
<ele>1624.94</ele>
<time>2026-08-23T05:56:21.000Z</time>
</trkpt>
<trkpt lat="46.3469083" lon="14.3850647">
<ele>1631.56</ele>
<time>2026-08-23T05:56:49.000Z</time>
</trkpt>
<trkpt lat="46.3469842" lon="14.3853066">
<ele>1630.15</ele>
<time>2026-08-23T05:57:05.000Z</time>
</trkpt>
<trkpt lat="46.3470138" lon="14.3855807">
<ele>1632.50</ele>
<time>2026-08-23T05:57:35.000Z</time>
</trkpt>
<trkpt lat="46.3471381" lon="14.3857749">
<ele>1632.36</ele>
<time>2026-08-23T05:58:04.000Z</time>
</trkpt>
<trkpt lat="46.3473185" lon="14.3857598">
<ele>1640.14</ele>
<time>2026-08-23T05:58:50.000Z</time>
</trkpt>
<trkpt lat="46.3474568" lon="14.3859288">
<ele>1638.79</ele>
<time>2026-08-23T05:59:47.000Z</time>
</trkpt>
<trkpt lat="46.3475549" lon="14.3861510">
<ele>1635.85</ele>
<time>2026-08-23T06:00:16.000Z</time>
</trkpt>
<trkpt lat="46.3476632" lon="14.3863611">
<ele>1630.37</ele>
<time>2026-08-23T06:00:36.000Z</time>
</trkpt>
<trkpt lat="46.3476822" lon="14.3866318">
<ele>1626.16</ele>
<time>2026-08-23T06:01:06.000Z</time>
</trkpt>
<trkpt lat="46.3477084" lon="14.3868929">
<ele>1635.05</ele>
<time>2026-08-23T06:01:40.000Z</time>
</trkpt>
<trkpt lat="46.3478329" lon="14.3870815">
<ele>1639.48</ele>
<time>2026-08-23T06:02:15.000Z</time>
</trkpt>
<trkpt lat="46.3480117" lon="14.3871293">
<ele>1660.92</ele>
<time>2026-08-23T06:03:33.000Z</time>
</trkpt>
<trkpt lat="46.3481718" lon="14.3872748">
<ele>1669.10</ele>
<time>2026-08-23T06:03:52.000Z</time>
</trkpt>
<trkpt lat="46.3482602" lon="14.3875022">
<ele>1682.41</ele>
<time>2026-08-23T06:04:46.000Z</time>
</trkpt>
<trkpt lat="46.3484021" lon="14.3876648">
<ele>1687.76</ele>
<time>2026-08-23T06:05:07.000Z</time>
</trkpt>
<trkpt lat="46.3485645" lon="14.3877790">
<ele>1704.13</ele>
<time>2026-08-23T06:06:00.000Z</time>
</trkpt>
<trkpt lat="46.3487403" lon="14.3878514">
<ele>1719.64</ele>
<time>2026-08-23T06:06:49.000Z</time>
</trkpt>
<trkpt lat="46.3487252" lon="14.3881125">
<ele>1716.06</ele>
<time>2026-08-23T06:07:35.000Z</time>
</trkpt>
<trkpt lat="46.3487008" lon="14.3883726">
<ele>1709.19</ele>
<time>2026-08-23T06:08:19.000Z</time>
</trkpt>
<trkpt lat="46.3487390" lon="14.3886371">
<ele>1710.64</ele>
<time>2026-08-23T06:08:39.000Z</time>
</trkpt>
<trkpt lat="46.3487897" lon="14.3888906">
<ele>1715.93</ele>
<time>2026-08-23T06:09:11.000Z</time>
</trkpt>
<trkpt lat="46.3488625" lon="14.3891370">
<ele>1733.36</ele>
<time>2026-08-23T06:10:06.000Z</time>
</trkpt>
<trkpt lat="46.3489171" lon="14.3893874">
<ele>1717.09</ele>
<time>2026-08-23T06:11:21.000Z</time>
</trkpt>
<trkpt lat="46.3488861" lon="14.3896484">
<ele>1721.65</ele>
<time>2026-08-23T06:11:45.000Z</time>
</trkpt>
<trkpt lat="46.3488138" lon="14.3898881">
<ele>1728.95</ele>
<time>2026-08-23T06:12:26.000Z</time>
</trkpt>
<trkpt lat="46.3489031" lon="14.3901177">
<ele>1755.16</ele>
<time>2026-08-23T06:13:49.000Z</time>
</trkpt>
<trkpt lat="46.3490736" lon="14.3902050">
<ele>1765.24</ele>
<time>2026-08-23T06:14:27.000Z</time>
</trkpt>
<trkpt lat="46.3491549" lon="14.3904540">
<ele>1762.41</ele>
<time>2026-08-23T06:15:00.000Z</time>
</trkpt>
<trkpt lat="46.3492701" lon="14.3906688">
<ele>1768.35</ele>
<time>2026-08-23T06:15:21.000Z</time>
</trkpt>
<trkpt lat="46.3493680" lon="14.3908978">
<ele>1775.56</ele>
<time>2026-08-23T06:15:45.000Z</time>
</trkpt>
<trkpt lat="46.3494603" lon="14.3911284">
<ele>1779.65</ele>
<time>2026-08-23T06:16:12.000Z</time>
</trkpt>
<trkpt lat="46.3495022" lon="14.3913864">
<ele>1789.91</ele>
<time>2026-08-23T06:17:08.000Z</time>
</trkpt>
<trkpt lat="46.3495429" lon="14.3916422">
<ele>1793.32</ele>
<time>2026-08-23T06:17:41.000Z</time>
</trkpt>
<trkpt lat="46.3495454" lon="14.3919145">
<ele>1803.17</ele>
<time>2026-08-23T06:19:16.000Z</time>
</trkpt>
<trkpt lat="46.3495624" lon="14.3921790">
<ele>1808.60</ele>
<time>2026-08-23T06:19:33.000Z</time>
</trkpt>
<trkpt lat="46.3495820" lon="14.3924430">
<ele>1814.06</ele>
<time>2026-08-23T06:20:02.000Z</time>
</trkpt>
<trkpt lat="46.3496127" lon="14.3927083">
<ele>1825.27</ele>
<time>2026-08-23T06:20:56.000Z</time>
</trkpt>
<trkpt lat="46.3494872" lon="14.3929241">
<ele>1837.86</ele>
<time>2026-08-23T06:21:38.000Z</time>
</trkpt>
<trkpt lat="46.3493267" lon="14.3930474">
<ele>1850.98</ele>
<time>2026-08-23T06:22:14.000Z</time>
</trkpt>
<trkpt lat="46.3493946" lon="14.3932990">
<ele>1854.66</ele>
<time>2026-08-23T06:22:52.000Z</time>
</trkpt>
<trkpt lat="46.3494365" lon="14.3935537">
<ele>1845.93</ele>
<time>2026-08-23T06:24:09.000Z</time>
</trkpt>
<trkpt lat="46.3495080" lon="14.3938093">
<ele>1837.50</ele>
<time>2026-08-23T06:24:32.000Z</time>
</trkpt>
<trkpt lat="46.3495794" lon="14.3940566">
<ele>1839.87</ele>
<time>2026-08-23T06:25:00.000Z</time>
</trkpt>
<trkpt lat="46.3496022" lon="14.3943211">
<ele>1847.36</ele>
<time>2026-08-23T06:25:32.000Z</time>
</trkpt>
<trkpt lat="46.3496209" lon="14.3945983">
<ele>1851.81</ele>
<time>2026-08-23T06:26:02.000Z</time>
</trkpt>
<trkpt lat="46.3495339" lon="14.3948265">
<ele>1854.86</ele>
<time>2026-08-23T06:26:25.000Z</time>
</trkpt>
<trkpt lat="46.3494003" lon="14.3950139">
<ele>1853.69</ele>
<time>2026-08-23T06:26:57.000Z</time>
</trkpt>
<trkpt lat="46.3492890" lon="14.3952298">
<ele>1855.71</ele>
<time>2026-08-23T06:27:17.000Z</time>
</trkpt>
<trkpt lat="46.3492464" lon="14.3954921">
<ele>1854.87</ele>
<time>2026-08-23T06:27:38.000Z</time>
</trkpt>
<trkpt lat="46.3492171" lon="14.3957639">
<ele>1845.63</ele>
<time>2026-08-23T06:28:00.000Z</time>
</trkpt>
<trkpt lat="46.3491812" lon="14.3960195">
<ele>1842.38</ele>
<time>2026-08-23T06:28:27.000Z</time>
</trkpt>
<trkpt lat="46.3490965" lon="14.3962582">
<ele>1838.89</ele>
<time>2026-08-23T06:29:01.000Z</time>
</trkpt>
<trkpt lat="46.3490871" lon="14.3965355">
<ele>1845.32</ele>
<time>2026-08-23T06:29:33.000Z</time>
</trkpt>
<trkpt lat="46.3491488" lon="14.3967924">
<ele>1844.76</ele>
<time>2026-08-23T06:29:46.000Z</time>
</trkpt>
<trkpt lat="46.3491255" lon="14.3970542">
<ele>1848.96</ele>
<time>2026-08-23T06:30:06.000Z</time>
</trkpt>
<trkpt lat="46.3489984" lon="14.3972413">
<ele>1858.46</ele>
<time>2026-08-23T06:30:41.000Z</time>
</trkpt>
<trkpt lat="46.3490094" lon="14.3975027">
<ele>1867.80</ele>
<time>2026-08-23T06:31:30.000Z</time>
</trkpt>
<trkpt lat="46.3489998" lon="14.3977735">
<ele>1875.70</ele>
<time>2026-08-23T06:31:55.000Z</time>
</trkpt>
<trkpt lat="46.3490279" lon="14.3980349">
<ele>1886.23</ele>
<time>2026-08-23T06:32:22.000Z</time>
</trkpt>
<trkpt lat="46.3491162" lon="14.3982680">
<ele>1897.04</ele>
<time>2026-08-23T06:33:00.000Z</time>
</trkpt>
<trkpt lat="46.3491729" lon="14.3985172">
<ele>1911.82</ele>
<time>2026-08-23T06:33:43.000Z</time>
</trkpt>
<trkpt lat="46.3493540" lon="14.3985306">
<ele>1919.88</ele>
<time>2026-08-23T06:34:18.000Z</time>
</trkpt>
<trkpt lat="46.3495331" lon="14.3984965">
<ele>1940.98</ele>
<time>2026-08-23T06:35:48.000Z</time>
</trkpt>
<trkpt lat="46.3495601" lon="14.3987607">
<ele>1952.66</ele>
<time>2026-08-23T06:36:19.000Z</time>
</trkpt>
<trkpt lat="46.3494644" lon="14.3989885">
<ele>1960.61</ele>
<time>2026-08-23T06:36:41.000Z</time>
</trkpt>
<trkpt lat="46.3496448" lon="14.3989925">
<ele>1968.88</ele>
<time>2026-08-23T06:37:23.000Z</time>
</trkpt>
<trkpt lat="46.3496017" lon="14.3992589">
<ele>1998.04</ele>
<time>2026-08-23T06:39:06.000Z</time>
</trkpt>
<trkpt lat="46.3496365" lon="14.3995247">
<ele>2013.52</ele>
<time>2026-08-23T06:40:00.000Z</time>
</trkpt>
<trkpt lat="46.3497110" lon="14.3997707">
<ele>2017.76</ele>
<time>2026-08-23T06:40:41.000Z</time>
</trkpt>
<trkpt lat="46.3498170" lon="14.3999824">
<ele>2031.58</ele>
<time>2026-08-23T06:41:28.000Z</time>
</trkpt>
<trkpt lat="46.3498919" lon="14.4002245">
<ele>2038.01</ele>
<time>2026-08-23T06:41:53.000Z</time>
</trkpt>
<trkpt lat="46.3500299" lon="14.4003964">
<ele>2048.55</ele>
<time>2026-08-23T06:42:21.000Z</time>
</trkpt>
<trkpt lat="46.3500445" lon="14.4006631">
<ele>2054.20</ele>
<time>2026-08-23T06:42:41.000Z</time>
</trkpt>
<trkpt lat="46.3500104" lon="14.4009197">
<ele>2050.49</ele>
<time>2026-08-23T06:43:00.000Z</time>
</trkpt>
<trkpt lat="46.3499839" lon="14.4011812">
<ele>2051.29</ele>
<time>2026-08-23T06:43:33.000Z</time>
</trkpt>
<trkpt lat="46.3499775" lon="14.4014425">
<ele>2058.08</ele>
<time>2026-08-23T06:43:51.000Z</time>
</trkpt>
<trkpt lat="46.3499158" lon="14.4016926">
<ele>2062.48</ele>
<time>2026-08-23T06:44:25.000Z</time>
</trkpt>
<trkpt lat="46.3499215" lon="14.4019536">
<ele>2059.18</ele>
<time>2026-08-23T06:44:48.000Z</time>
</trkpt>
<trkpt lat="46.3498572" lon="14.4022068">
<ele>2068.69</ele>
<time>2026-08-23T06:45:20.000Z</time>
</trkpt>
<trkpt lat="46.3498303" lon="14.4024696">
<ele>2077.60</ele>
<time>2026-08-23T06:45:44.000Z</time>
</trkpt>
<trkpt lat="46.3498220" lon="14.4027419">
<ele>2077.67</ele>
<time>2026-08-23T06:46:11.000Z</time>
</trkpt>
<trkpt lat="46.3497393" lon="14.4029829">
<ele>2090.75</ele>
<time>2026-08-23T06:46:56.000Z</time>
</trkpt>
<trkpt lat="46.3497028" lon="14.4032407">
<ele>2102.66</ele>
<time>2026-08-23T06:47:20.000Z</time>
</trkpt>
<trkpt lat="46.3496756" lon="14.4035160">
<ele>2107.26</ele>
<time>2026-08-23T06:47:52.000Z</time>
</trkpt>
<trkpt lat="46.3497867" lon="14.4037361">
<ele>2112.89</ele>
<time>2026-08-23T06:48:22.000Z</time>
</trkpt>
<trkpt lat="46.3497699" lon="14.4040136">
<ele>2123.07</ele>
<time>2026-08-23T06:48:45.000Z</time>
</trkpt>
<trkpt lat="46.3497985" lon="14.4042862">
<ele>2121.75</ele>
<time>2026-08-23T06:49:03.000Z</time>
</trkpt>
<trkpt lat="46.3498482" lon="14.4045513">
<ele>2118.62</ele>
<time>2026-08-23T06:49:18.000Z</time>
</trkpt>
<trkpt lat="46.3500085" lon="14.4046869">
<ele>2119.67</ele>
<time>2026-08-23T06:49:32.000Z</time>
</trkpt>
<trkpt lat="46.3501778" lon="14.4048126">
<ele>2127.66</ele>
<time>2026-08-23T06:49:58.000Z</time>
</trkpt>
<trkpt lat="46.3500014" lon="14.4047390">
<ele>2120.73</ele>
<time>2026-08-23T07:01:00.000Z</time>
</trkpt>
<trkpt lat="46.3498250" lon="14.4046246">
<ele>2116.32</ele>
<time>2026-08-23T07:01:18.000Z</time>
</trkpt>
<trkpt lat="46.3496464" lon="14.4045759">
<ele>2112.24</ele>
<time>2026-08-23T07:01:40.000Z</time>
</trkpt>
<trkpt lat="46.3495326" lon="14.4043659">
<ele>2105.05</ele>
<time>2026-08-23T07:01:59.000Z</time>
</trkpt>
<trkpt lat="46.3493991" lon="14.4041732">
<ele>2097.23</ele>
<time>2026-08-23T07:02:22.000Z</time>
</trkpt>
<trkpt lat="46.3492326" lon="14.4040417">
<ele>2086.24</ele>
<time>2026-08-23T07:02:49.000Z</time>
</trkpt>
<trkpt lat="46.3490610" lon="14.4041259">
<ele>2076.24</ele>
<time>2026-08-23T07:03:16.000Z</time>
</trkpt>
<trkpt lat="46.3489357" lon="14.4039259">
<ele>2062.54</ele>
<time>2026-08-23T07:03:48.000Z</time>
</trkpt>
<trkpt lat="46.3487513" lon="14.4038810">
<ele>2049.95</ele>
<time>2026-08-23T07:04:25.000Z</time>
</trkpt>
<trkpt lat="46.3485694" lon="14.4039000">
<ele>2047.92</ele>
<time>2026-08-23T07:04:40.000Z</time>
</trkpt>
<trkpt lat="46.3483792" lon="14.4038404">
<ele>2046.86</ele>
<time>2026-08-23T07:05:00.000Z</time>
</trkpt>
<trkpt lat="46.3482780" lon="14.4036220">
<ele>2034.64</ele>
<time>2026-08-23T07:05:35.000Z</time>
</trkpt>
<trkpt lat="46.3482192" lon="14.4033556">
<ele>2025.57</ele>
<time>2026-08-23T07:05:57.000Z</time>
</trkpt>
<trkpt lat="46.3481252" lon="14.4031168">
<ele>2019.89</ele>
<time>2026-08-23T07:06:21.000Z</time>
</trkpt>
<trkpt lat="46.3480003" lon="14.4029161">
<ele>2006.16</ele>
<time>2026-08-23T07:06:40.000Z</time>
</trkpt>
<trkpt lat="46.3479188" lon="14.4026733">
<ele>1994.11</ele>
<time>2026-08-23T07:07:08.000Z</time>
</trkpt>
<trkpt lat="46.3478418" lon="14.4024225">
<ele>1978.36</ele>
<time>2026-08-23T07:07:44.000Z</time>
</trkpt>
<trkpt lat="46.3477182" lon="14.4022288">
<ele>1967.09</ele>
<time>2026-08-23T07:08:14.000Z</time>
</trkpt>
<trkpt lat="46.3476458" lon="14.4019774">
<ele>1949.14</ele>
<time>2026-08-23T07:09:00.000Z</time>
</trkpt>
<trkpt lat="46.3474827" lon="14.4018656">
<ele>1933.18</ele>
<time>2026-08-23T07:09:46.000Z</time>
</trkpt>
<trkpt lat="46.3474054" lon="14.4016293">
<ele>1924.89</ele>
<time>2026-08-23T07:10:17.000Z</time>
</trkpt>
<trkpt lat="46.3472924" lon="14.4014253">
<ele>1915.53</ele>
<time>2026-08-23T07:10:44.000Z</time>
</trkpt>
<trkpt lat="46.3471675" lon="14.4012377">
<ele>1902.26</ele>
<time>2026-08-23T07:11:35.000Z</time>
</trkpt>
<trkpt lat="46.3471019" lon="14.4009863">
<ele>1888.03</ele>
<time>2026-08-23T07:12:20.000Z</time>
</trkpt>
<trkpt lat="46.3469863" lon="14.4007824">
<ele>1881.10</ele>
<time>2026-08-23T07:12:39.000Z</time>
</trkpt>
<trkpt lat="46.3471437" lon="14.4006491">
<ele>1863.81</ele>
<time>2026-08-23T07:13:09.000Z</time>
</trkpt>
<trkpt lat="46.3469607" lon="14.4005918">
<ele>1856.29</ele>
<time>2026-08-23T07:13:43.000Z</time>
</trkpt>
<trkpt lat="46.3468350" lon="14.4004027">
<ele>1848.15</ele>
<time>2026-08-23T07:14:14.000Z</time>
</trkpt>
<trkpt lat="46.3466973" lon="14.4002266">
<ele>1840.78</ele>
<time>2026-08-23T07:14:31.000Z</time>
</trkpt>
<trkpt lat="46.3465949" lon="14.4000120">
<ele>1838.90</ele>
<time>2026-08-23T07:14:53.000Z</time>
</trkpt>
<trkpt lat="46.3464258" lon="14.3999115">
<ele>1827.03</ele>
<time>2026-08-23T07:23:08.000Z</time>
</trkpt>
<trkpt lat="46.3463059" lon="14.3997114">
<ele>1810.04</ele>
<time>2026-08-23T07:24:23.000Z</time>
</trkpt>
<trkpt lat="46.3462078" lon="14.3994887">
<ele>1800.85</ele>
<time>2026-08-23T07:25:03.000Z</time>
</trkpt>
<trkpt lat="46.3461512" lon="14.3992411">
<ele>1791.03</ele>
<time>2026-08-23T07:34:53.000Z</time>
</trkpt>
<trkpt lat="46.3460604" lon="14.3990095">
<ele>1779.43</ele>
<time>2026-08-23T07:35:20.000Z</time>
</trkpt>
<trkpt lat="46.3459813" lon="14.3987600">
<ele>1771.63</ele>
<time>2026-08-23T07:35:42.000Z</time>
</trkpt>
<trkpt lat="46.3458578" lon="14.3985684">
<ele>1757.92</ele>
<time>2026-08-23T07:36:18.000Z</time>
</trkpt>
<trkpt lat="46.3456858" lon="14.3984754">
<ele>1751.96</ele>
<time>2026-08-23T07:37:30.000Z</time>
</trkpt>
<trkpt lat="46.3455189" lon="14.3983662">
<ele>1737.75</ele>
<time>2026-08-23T07:38:15.000Z</time>
</trkpt>
<trkpt lat="46.3453617" lon="14.3982020">
<ele>1735.32</ele>
<time>2026-08-23T07:38:29.000Z</time>
</trkpt>
<trkpt lat="46.3452261" lon="14.3980259">
<ele>1723.91</ele>
<time>2026-08-23T07:38:56.000Z</time>
</trkpt>
<trkpt lat="46.3450589" lon="14.3979008">
<ele>1713.47</ele>
<time>2026-08-23T07:39:13.000Z</time>
</trkpt>
<trkpt lat="46.3449234" lon="14.3977156">
<ele>1710.76</ele>
<time>2026-08-23T07:41:02.000Z</time>
</trkpt>
<trkpt lat="46.3447782" lon="14.3975471">
<ele>1706.54</ele>
<time>2026-08-23T07:41:20.000Z</time>
</trkpt>
<trkpt lat="46.3449422" lon="14.3976568">
<ele>1702.94</ele>
<time>2026-08-23T07:42:54.000Z</time>
</trkpt>
<trkpt lat="46.3450654" lon="14.3978539">
<ele>1713.22</ele>
<time>2026-08-23T07:43:18.000Z</time>
</trkpt>
<trkpt lat="46.3452054" lon="14.3980286">
<ele>1725.36</ele>
<time>2026-08-23T07:43:43.000Z</time>
</trkpt>
<trkpt lat="46.3453737" lon="14.3981349">
<ele>1733.07</ele>
<time>2026-08-23T07:44:04.000Z</time>
</trkpt>
<trkpt lat="46.3455094" lon="14.3983096">
<ele>1736.92</ele>
<time>2026-08-23T07:44:20.000Z</time>
</trkpt>
<trkpt lat="46.3456708" lon="14.3984449">
<ele>1747.45</ele>
<time>2026-08-23T07:45:06.000Z</time>
</trkpt>
<trkpt lat="46.3458346" lon="14.3985538">
<ele>1758.23</ele>
<time>2026-08-23T07:45:29.000Z</time>
</trkpt>
<trkpt lat="46.3459675" lon="14.3987302">
<ele>1768.08</ele>
<time>2026-08-23T07:46:13.000Z</time>
</trkpt>
<trkpt lat="46.3460439" lon="14.3989705">
<ele>1777.58</ele>
<time>2026-08-23T07:46:39.000Z</time>
</trkpt>
<trkpt lat="46.3461471" lon="14.3991865">
<ele>1789.02</ele>
<time>2026-08-23T07:47:25.000Z</time>
</trkpt>
<trkpt lat="46.3460625" lon="14.3989539">
<ele>1779.80</ele>
<time>2026-08-23T07:48:52.000Z</time>
</trkpt>
<trkpt lat="46.3459211" lon="14.3987892">
<ele>1764.69</ele>
<time>2026-08-23T07:49:19.000Z</time>
</trkpt>
<trkpt lat="46.3458603" lon="14.3985351">
<ele>1753.98</ele>
<time>2026-08-23T07:49:45.000Z</time>
</trkpt>
<trkpt lat="46.3456804" lon="14.3984548">
<ele>1747.03</ele>
<time>2026-08-23T07:50:03.000Z</time>
</trkpt>
<trkpt lat="46.3455099" lon="14.3983417">
<ele>1736.19</ele>
<time>2026-08-23T07:50:41.000Z</time>
</trkpt>
<trkpt lat="46.3453650" lon="14.3981507">
<ele>1731.05</ele>
<time>2026-08-23T07:50:55.000Z</time>
</trkpt>
<trkpt lat="46.3452039" lon="14.3980218">
<ele>1718.89</ele>
<time>2026-08-23T07:51:10.000Z</time>
</trkpt>
<trkpt lat="46.3450526" lon="14.3978749">
<ele>1714.20</ele>
<time>2026-08-23T07:51:29.000Z</time>
</trkpt>
<trkpt lat="46.3449348" lon="14.3976707">
<ele>1703.04</ele>
<time>2026-08-23T07:52:41.000Z</time>
</trkpt>
<trkpt lat="46.3447948" lon="14.3975067">
<ele>1698.28</ele>
<time>2026-08-23T07:53:14.000Z</time>
</trkpt>
<trkpt lat="46.3446650" lon="14.3972959">
<ele>1690.99</ele>
<time>2026-08-23T07:53:39.000Z</time>
</trkpt>
<trkpt lat="46.3444943" lon="14.3971980">
<ele>1687.58</ele>
<time>2026-08-23T07:53:54.000Z</time>
</trkpt>
<trkpt lat="46.3443381" lon="14.3973275">
<ele>1677.34</ele>
<time>2026-08-23T07:54:22.000Z</time>
</trkpt>
<trkpt lat="46.3441583" lon="14.3973985">
<ele>1659.18</ele>
<time>2026-08-23T07:55:21.000Z</time>
</trkpt>
<trkpt lat="46.3439795" lon="14.3974874">
<ele>1653.68</ele>
<time>2026-08-23T07:56:18.000Z</time>
</trkpt>
<trkpt lat="46.3438020" lon="14.3975300">
<ele>1641.74</ele>
<time>2026-08-23T07:56:43.000Z</time>
</trkpt>
<trkpt lat="46.3436127" lon="14.3975220">
<ele>1635.13</ele>
<time>2026-08-23T07:57:17.000Z</time>
</trkpt>
<trkpt lat="46.3434384" lon="14.3976438">
<ele>1617.97</ele>
<time>2026-08-23T07:57:44.000Z</time>
</trkpt>
<trkpt lat="46.3432999" lon="14.3978165">
<ele>1610.69</ele>
<time>2026-08-23T07:58:01.000Z</time>
</trkpt>
<trkpt lat="46.3431977" lon="14.3980353">
<ele>1603.23</ele>
<time>2026-08-23T07:58:45.000Z</time>
</trkpt>
<trkpt lat="46.3431285" lon="14.3982799">
<ele>1586.65</ele>
<time>2026-08-23T07:59:23.000Z</time>
</trkpt>
<trkpt lat="46.3430253" lon="14.3984961">
<ele>1567.19</ele>
<time>2026-08-23T08:00:18.000Z</time>
</trkpt>
<trkpt lat="46.3428769" lon="14.3986589">
<ele>1556.14</ele>
<time>2026-08-23T08:00:52.000Z</time>
</trkpt>
<trkpt lat="46.3427850" lon="14.3988915">
<ele>1536.71</ele>
<time>2026-08-23T08:01:31.000Z</time>
</trkpt>
<trkpt lat="46.3427118" lon="14.3991404">
<ele>1529.17</ele>
<time>2026-08-23T08:01:59.000Z</time>
</trkpt>
<trkpt lat="46.3425803" lon="14.3993239">
<ele>1512.84</ele>
<time>2026-08-23T08:02:36.000Z</time>
</trkpt>
<trkpt lat="46.3424072" lon="14.3994051">
<ele>1499.99</ele>
<time>2026-08-23T08:03:09.000Z</time>
</trkpt>
<trkpt lat="46.3422989" lon="14.3996229">
<ele>1487.92</ele>
<time>2026-08-23T08:03:47.000Z</time>
</trkpt>
<trkpt lat="46.3421333" lon="14.3997325">
<ele>1476.95</ele>
<time>2026-08-23T08:04:16.000Z</time>
</trkpt>
<trkpt lat="46.3419537" lon="14.3997619">
<ele>1461.30</ele>
<time>2026-08-23T08:05:19.000Z</time>
</trkpt>
<trkpt lat="46.3417753" lon="14.3997173">
<ele>1452.16</ele>
<time>2026-08-23T08:05:48.000Z</time>
</trkpt>
<trkpt lat="46.3416474" lon="14.3995153">
<ele>1438.77</ele>
<time>2026-08-23T08:06:46.000Z</time>
</trkpt>
<trkpt lat="46.3414738" lon="14.3994247">
<ele>1430.73</ele>
<time>2026-08-23T08:07:19.000Z</time>
</trkpt>
<trkpt lat="46.3412969" lon="14.3993727">
<ele>1416.81</ele>
<time>2026-08-23T08:07:47.000Z</time>
</trkpt>
<trkpt lat="46.3411196" lon="14.3992938">
<ele>1404.29</ele>
<time>2026-08-23T08:08:44.000Z</time>
</trkpt>
<trkpt lat="46.3410991" lon="14.3990297">
<ele>1404.79</ele>
<time>2026-08-23T08:09:01.000Z</time>
</trkpt>
<trkpt lat="46.3410248" lon="14.3987914">
<ele>1403.45</ele>
<time>2026-08-23T08:09:14.000Z</time>
</trkpt>
<trkpt lat="46.3409572" lon="14.3985429">
<ele>1400.84</ele>
<time>2026-08-23T08:09:29.000Z</time>
</trkpt>
<trkpt lat="46.3408736" lon="14.3982930">
<ele>1395.49</ele>
<time>2026-08-23T08:09:44.000Z</time>
</trkpt>
<trkpt lat="46.3408081" lon="14.3980373">
<ele>1384.55</ele>
<time>2026-08-23T08:10:02.000Z</time>
</trkpt>
<trkpt lat="46.3407298" lon="14.3977974">
<ele>1378.01</ele>
<time>2026-08-23T08:10:17.000Z</time>
</trkpt>
<trkpt lat="46.3406442" lon="14.3975452">
<ele>1375.67</ele>
<time>2026-08-23T08:10:32.000Z</time>
</trkpt>
<trkpt lat="46.3406276" lon="14.3972727">
<ele>1376.89</ele>
<time>2026-08-23T08:10:48.000Z</time>
</trkpt>
<trkpt lat="46.3406015" lon="14.3969902">
<ele>1374.13</ele>
<time>2026-08-23T08:10:59.000Z</time>
</trkpt>
<trkpt lat="46.3406188" lon="14.3967037">
<ele>1375.47</ele>
<time>2026-08-23T08:11:12.000Z</time>
</trkpt>
<trkpt lat="46.3406572" lon="14.3964453">
<ele>1377.40</ele>
<time>2026-08-23T08:11:26.000Z</time>
</trkpt>
<trkpt lat="46.3407121" lon="14.3961790">
<ele>1376.13</ele>
<time>2026-08-23T08:11:42.000Z</time>
</trkpt>
<trkpt lat="46.3407630" lon="14.3959182">
<ele>1377.41</ele>
<time>2026-08-23T08:11:54.000Z</time>
</trkpt>
<trkpt lat="46.3408008" lon="14.3956560">
<ele>1372.97</ele>
<time>2026-08-23T08:12:08.000Z</time>
</trkpt>
<trkpt lat="46.3407907" lon="14.3953779">
<ele>1374.35</ele>
<time>2026-08-23T08:12:21.000Z</time>
</trkpt>
<trkpt lat="46.3408511" lon="14.3951221">
<ele>1369.22</ele>
<time>2026-08-23T08:12:33.000Z</time>
</trkpt>
<trkpt lat="46.3409263" lon="14.3948745">
<ele>1368.87</ele>
<time>2026-08-23T08:12:45.000Z</time>
</trkpt>
<trkpt lat="46.3410635" lon="14.3946903">
<ele>1364.55</ele>
<time>2026-08-23T08:13:10.000Z</time>
</trkpt>
<trkpt lat="46.3411016" lon="14.3944241">
<ele>1366.09</ele>
<time>2026-08-23T08:13:20.000Z</time>
</trkpt>
<trkpt lat="46.3410594" lon="14.3941605">
<ele>1370.88</ele>
<time>2026-08-23T08:13:34.000Z</time>
</trkpt>
<trkpt lat="46.3410283" lon="14.3939002">
<ele>1373.10</ele>
<time>2026-08-23T08:13:48.000Z</time>
</trkpt>
<trkpt lat="46.3409811" lon="14.3936403">
<ele>1373.81</ele>
<time>2026-08-23T08:14:07.000Z</time>
</trkpt>
<trkpt lat="46.3409502" lon="14.3933698">
<ele>1373.82</ele>
<time>2026-08-23T08:14:17.000Z</time>
</trkpt>
<trkpt lat="46.3410185" lon="14.3931217">
<ele>1373.35</ele>
<time>2026-08-23T08:14:31.000Z</time>
</trkpt>
<trkpt lat="46.3410734" lon="14.3928630">
<ele>1375.98</ele>
<time>2026-08-23T08:14:46.000Z</time>
</trkpt>
<trkpt lat="46.3412036" lon="14.3926697">
<ele>1379.56</ele>
<time>2026-08-23T08:15:02.000Z</time>
</trkpt>
<trkpt lat="46.3413600" lon="14.3925227">
<ele>1376.46</ele>
<time>2026-08-23T08:15:14.000Z</time>
</trkpt>
<trkpt lat="46.3415075" lon="14.3923346">
<ele>1376.70</ele>
<time>2026-08-23T08:15:29.000Z</time>
</trkpt>
<trkpt lat="46.3415747" lon="14.3920918">
<ele>1381.32</ele>
<time>2026-08-23T08:15:44.000Z</time>
</trkpt>
<trkpt lat="46.3416660" lon="14.3918565">
<ele>1376.07</ele>
<time>2026-08-23T08:16:26.000Z</time>
</trkpt>
<trkpt lat="46.3418587" lon="14.3917242">
<ele>1373.73</ele>
<time>2026-08-23T08:16:38.000Z</time>
</trkpt>
<trkpt lat="46.3420010" lon="14.3915617">
<ele>1369.18</ele>
<time>2026-08-23T08:16:58.000Z</time>
</trkpt>
<trkpt lat="46.3421600" lon="14.3914356">
<ele>1360.39</ele>
<time>2026-08-23T08:17:08.000Z</time>
</trkpt>
<trkpt lat="46.3423295" lon="14.3913110">
<ele>1361.71</ele>
<time>2026-08-23T08:17:24.000Z</time>
</trkpt>
<trkpt lat="46.3424255" lon="14.3910658">
<ele>1358.87</ele>
<time>2026-08-23T08:17:34.000Z</time>
</trkpt>
<trkpt lat="46.3425464" lon="14.3908565">
<ele>1361.63</ele>
<time>2026-08-23T08:17:46.000Z</time>
</trkpt>
<trkpt lat="46.3427309" lon="14.3908824">
<ele>1364.26</ele>
<time>2026-08-23T08:18:02.000Z</time>
</trkpt>
<trkpt lat="46.3429147" lon="14.3908118">
<ele>1363.37</ele>
<time>2026-08-23T08:18:19.000Z</time>
</trkpt>
<trkpt lat="46.3430966" lon="14.3907926">
<ele>1361.54</ele>
<time>2026-08-23T08:18:33.000Z</time>
</trkpt>
<trkpt lat="46.3432810" lon="14.3908310">
<ele>1363.80</ele>
<time>2026-08-23T08:18:50.000Z</time>
</trkpt>
<trkpt lat="46.3434551" lon="14.3909300">
<ele>1364.87</ele>
<time>2026-08-23T08:19:06.000Z</time>
</trkpt>
<trkpt lat="46.3436365" lon="14.3908626">
<ele>1360.91</ele>
<time>2026-08-23T08:19:16.000Z</time>
</trkpt>
<trkpt lat="46.3438201" lon="14.3908331">
<ele>1364.66</ele>
<time>2026-08-23T08:19:35.000Z</time>
</trkpt>
<trkpt lat="46.3439836" lon="14.3907182">
<ele>1365.68</ele>
<time>2026-08-23T08:19:47.000Z</time>
</trkpt>
<trkpt lat="46.3441561" lon="14.3906264">
<ele>1361.89</ele>
<time>2026-08-23T08:20:00.000Z</time>
</trkpt>
<trkpt lat="46.3443400" lon="14.3906480">
<ele>1370.56</ele>
<time>2026-08-23T08:20:21.000Z</time>
</trkpt>
<trkpt lat="46.3445236" lon="14.3906748">
<ele>1379.93</ele>
<time>2026-08-23T08:20:45.000Z</time>
</trkpt>
<trkpt lat="46.3446691" lon="14.3908324">
<ele>1383.97</ele>
<time>2026-08-23T08:21:53.000Z</time>
</trkpt>
<trkpt lat="46.3448527" lon="14.3908512">
<ele>1395.11</ele>
<time>2026-08-23T08:22:33.000Z</time>
</trkpt>
<trkpt lat="46.3449552" lon="14.3906326">
<ele>1397.68</ele>
<time>2026-08-23T08:23:43.000Z</time>
</trkpt>
<trkpt lat="46.3448626" lon="14.3903995">
<ele>1395.51</ele>
<time>2026-08-23T08:24:01.000Z</time>
</trkpt>
<trkpt lat="46.3447115" lon="14.3902169">
<ele>1393.86</ele>
<time>2026-08-23T08:24:12.000Z</time>
</trkpt>
<trkpt lat="46.3446736" lon="14.3899430">
<ele>1394.72</ele>
<time>2026-08-23T08:24:25.000Z</time>
</trkpt>
<trkpt lat="46.3446331" lon="14.3896888">
<ele>1395.55</ele>
<time>2026-08-23T08:24:39.000Z</time>
</trkpt>
<trkpt lat="46.3445759" lon="14.3894320">
<ele>1385.87</ele>
<time>2026-08-23T08:24:53.000Z</time>
</trkpt>
<trkpt lat="46.3444242" lon="14.3892583">
<ele>1387.84</ele>
<time>2026-08-23T08:25:14.000Z</time>
</trkpt>
<trkpt lat="46.3442537" lon="14.3891531">
<ele>1389.33</ele>
<time>2026-08-23T08:25:27.000Z</time>
</trkpt>
<trkpt lat="46.3441147" lon="14.3889609">
<ele>1391.71</ele>
<time>2026-08-23T08:25:41.000Z</time>
</trkpt>
<trkpt lat="46.3440723" lon="14.3887050">
<ele>1393.43</ele>
<time>2026-08-23T08:26:15.000Z</time>
</trkpt>
<trkpt lat="46.3440519" lon="14.3884355">
<ele>1393.89</ele>
<time>2026-08-23T08:26:42.000Z</time>
</trkpt>
<trkpt lat="46.3439984" lon="14.3881826">
<ele>1393.31</ele>
<time>2026-08-23T08:27:01.000Z</time>
</trkpt>
<trkpt lat="46.3438560" lon="14.3879820">
<ele>1385.14</ele>
<time>2026-08-23T08:27:21.000Z</time>
</trkpt>
<trkpt lat="46.3437090" lon="14.3878159">
<ele>1385.15</ele>
<time>2026-08-23T08:27:42.000Z</time>
</trkpt>
<trkpt lat="46.3436003" lon="14.3875891">
<ele>1383.00</ele>
<time>2026-08-23T08:27:57.000Z</time>
</trkpt>
<trkpt lat="46.3435430" lon="14.3873307">
<ele>1382.20</ele>
<time>2026-08-23T08:28:12.000Z</time>
</trkpt>
<trkpt lat="46.3434072" lon="14.3871511">
<ele>1379.71</ele>
<time>2026-08-23T08:28:25.000Z</time>
</trkpt>
<trkpt lat="46.3432441" lon="14.3870270">
<ele>1379.95</ele>
<time>2026-08-23T08:28:45.000Z</time>
</trkpt>
<trkpt lat="46.3431944" lon="14.3867694">
<ele>1380.15</ele>
<time>2026-08-23T08:29:11.000Z</time>
</trkpt>
<trkpt lat="46.3431480" lon="14.3864928">
<ele>1375.08</ele>
<time>2026-08-23T08:29:28.000Z</time>
</trkpt>
<trkpt lat="46.3431905" lon="14.3862377">
<ele>1368.66</ele>
<time>2026-08-23T08:29:50.000Z</time>
</trkpt>
<trkpt lat="46.3432946" lon="14.3860124">
<ele>1363.17</ele>
<time>2026-08-23T08:30:07.000Z</time>
</trkpt>
<trkpt lat="46.3434180" lon="14.3858079">
<ele>1358.58</ele>
<time>2026-08-23T08:30:24.000Z</time>
</trkpt>
<trkpt lat="46.3435256" lon="14.3855680">
<ele>1356.03</ele>
<time>2026-08-23T08:30:40.000Z</time>
</trkpt>
<trkpt lat="46.3435679" lon="14.3852954">
<ele>1354.12</ele>
<time>2026-08-23T08:30:57.000Z</time>
</trkpt>
<trkpt lat="46.3435676" lon="14.3850293">
<ele>1358.89</ele>
<time>2026-08-23T08:31:11.000Z</time>
</trkpt>
<trkpt lat="46.3436555" lon="14.3847938">
<ele>1351.82</ele>
<time>2026-08-23T08:31:26.000Z</time>
</trkpt>
<trkpt lat="46.3437097" lon="14.3845416">
<ele>1354.21</ele>
<time>2026-08-23T08:31:41.000Z</time>
</trkpt>
<trkpt lat="46.3437611" lon="14.3842865">
<ele>1359.03</ele>
<time>2026-08-23T08:32:02.000Z</time>
</trkpt>
<trkpt lat="46.3437699" lon="14.3840164">
<ele>1353.37</ele>
<time>2026-08-23T08:32:14.000Z</time>
</trkpt>
<trkpt lat="46.3438428" lon="14.3837638">
<ele>1353.28</ele>
<time>2026-08-23T08:32:28.000Z</time>
</trkpt>
<trkpt lat="46.3437287" lon="14.3835331">
<ele>1355.98</ele>
<time>2026-08-23T08:32:38.000Z</time>
</trkpt>
<trkpt lat="46.3436623" lon="14.3832851">
<ele>1356.60</ele>
<time>2026-08-23T08:32:59.000Z</time>
</trkpt>
<trkpt lat="46.3437674" lon="14.3830509">
<ele>1350.54</ele>
<time>2026-08-23T08:33:26.000Z</time>
</trkpt>
<trkpt lat="46.3437911" lon="14.3827808">
<ele>1350.87</ele>
<time>2026-08-23T08:33:37.000Z</time>
</trkpt>
<trkpt lat="46.3437398" lon="14.3825272">
<ele>1350.83</ele>
<time>2026-08-23T08:33:47.000Z</time>
</trkpt>
<trkpt lat="46.3437397" lon="14.3822490">
<ele>1351.63</ele>
<time>2026-08-23T08:34:08.000Z</time>
</trkpt>
<trkpt lat="46.3437732" lon="14.3819833">
<ele>1349.87</ele>
<time>2026-08-23T08:34:20.000Z</time>
</trkpt>
<trkpt lat="46.3437661" lon="14.3817101">
<ele>1354.37</ele>
<time>2026-08-23T08:34:36.000Z</time>
</trkpt>
<trkpt lat="46.3437457" lon="14.3814407">
<ele>1358.31</ele>
<time>2026-08-23T08:34:48.000Z</time>
</trkpt>
<trkpt lat="46.3437503" lon="14.3811724">
<ele>1365.38</ele>
<time>2026-08-23T08:35:07.000Z</time>
</trkpt>
<trkpt lat="46.3438633" lon="14.3809640">
<ele>1368.88</ele>
<time>2026-08-23T08:35:23.000Z</time>
</trkpt>
<trkpt lat="46.3440051" lon="14.3808026">
<ele>1365.41</ele>
<time>2026-08-23T08:35:39.000Z</time>
</trkpt>
<trkpt lat="46.3441763" lon="14.3806973">
<ele>1365.28</ele>
<time>2026-08-23T08:35:56.000Z</time>
</trkpt>
<trkpt lat="46.3443597" lon="14.3806750">
<ele>1364.26</ele>
<time>2026-08-23T08:36:12.000Z</time>
</trkpt>
<trkpt lat="46.3445654" lon="14.3806577">
<ele>1362.62</ele>
<time>2026-08-23T08:36:26.000Z</time>
</trkpt>
<trkpt lat="46.3447451" lon="14.3806069">
<ele>1361.58</ele>
<time>2026-08-23T08:36:48.000Z</time>
</trkpt>
<trkpt lat="46.3449124" lon="14.3805033">
<ele>1367.67</ele>
<time>2026-08-23T08:37:03.000Z</time>
</trkpt>
<trkpt lat="46.3450799" lon="14.3803580">
<ele>1368.94</ele>
<time>2026-08-23T08:37:14.000Z</time>
</trkpt>
<trkpt lat="46.3452593" lon="14.3802862">
<ele>1368.93</ele>
<time>2026-08-23T08:37:24.000Z</time>
</trkpt>
<trkpt lat="46.3454115" lon="14.3801433">
<ele>1369.86</ele>
<time>2026-08-23T08:37:39.000Z</time>
</trkpt>
<trkpt lat="46.3455944" lon="14.3800567">
<ele>1371.89</ele>
<time>2026-08-23T08:37:51.000Z</time>
</trkpt>
<trkpt lat="46.3456912" lon="14.3798313">
<ele>1374.67</ele>
<time>2026-08-23T08:38:04.000Z</time>
</trkpt>
<trkpt lat="46.3458428" lon="14.3796639">
<ele>1376.42</ele>
<time>2026-08-23T08:38:18.000Z</time>
</trkpt>
<trkpt lat="46.3460185" lon="14.3795513">
<ele>1373.30</ele>
<time>2026-08-23T08:38:38.000Z</time>
</trkpt>
<trkpt lat="46.3462004" lon="14.3794683">
<ele>1372.38</ele>
<time>2026-08-23T08:38:49.000Z</time>
</trkpt>
<trkpt lat="46.3463604" lon="14.3793397">
<ele>1374.19</ele>
<time>2026-08-23T08:39:02.000Z</time>
</trkpt>
<trkpt lat="46.3465103" lon="14.3791917">
<ele>1377.37</ele>
<time>2026-08-23T08:39:18.000Z</time>
</trkpt>
<trkpt lat="46.3466888" lon="14.3791073">
<ele>1383.17</ele>
<time>2026-08-23T08:39:34.000Z</time>
</trkpt>
<trkpt lat="46.3468693" lon="14.3790572">
<ele>1382.78</ele>
<time>2026-08-23T08:39:47.000Z</time>
</trkpt>
<trkpt lat="46.3470604" lon="14.3790423">
<ele>1385.76</ele>
<time>2026-08-23T08:40:00.000Z</time>
</trkpt>
<trkpt lat="46.3472410" lon="14.3790709">
<ele>1390.97</ele>
<time>2026-08-23T08:40:18.000Z</time>
</trkpt>
<trkpt lat="46.3474295" lon="14.3790351">
<ele>1395.67</ele>
<time>2026-08-23T08:40:40.000Z</time>
</trkpt>
<trkpt lat="46.3476100" lon="14.3790610">
<ele>1399.10</ele>
<time>2026-08-23T08:40:54.000Z</time>
</trkpt>
<trkpt lat="46.3477876" lon="14.3790186">
<ele>1401.32</ele>
<time>2026-08-23T08:41:06.000Z</time>
</trkpt>
<trkpt lat="46.3479822" lon="14.3789919">
<ele>1400.80</ele>
<time>2026-08-23T08:41:20.000Z</time>
</trkpt>
<trkpt lat="46.3481632" lon="14.3789255">
<ele>1403.30</ele>
<time>2026-08-23T08:41:31.000Z</time>
</trkpt>
<trkpt lat="46.3483288" lon="14.3788139">
<ele>1406.61</ele>
<time>2026-08-23T08:41:43.000Z</time>
</trkpt>
<trkpt lat="46.3485032" lon="14.3786582">
<ele>1405.66</ele>
<time>2026-08-23T08:41:55.000Z</time>
</trkpt>
<trkpt lat="46.3486830" lon="14.3786195">
<ele>1401.85</ele>
<time>2026-08-23T08:42:10.000Z</time>
</trkpt>
<trkpt lat="46.3487924" lon="14.3783864">
<ele>1395.61</ele>
<time>2026-08-23T08:42:26.000Z</time>
</trkpt>
<trkpt lat="46.3488810" lon="14.3781340">
<ele>1394.37</ele>
<time>2026-08-23T08:42:49.000Z</time>
</trkpt>
<trkpt lat="46.3489068" lon="14.3778679">
<ele>1391.39</ele>
<time>2026-08-23T08:43:00.000Z</time>
</trkpt>
<trkpt lat="46.3489801" lon="14.3776053">
<ele>1389.17</ele>
<time>2026-08-23T08:43:11.000Z</time>
</trkpt>
<trkpt lat="46.3490366" lon="14.3773363">
<ele>1382.21</ele>
<time>2026-08-23T08:43:21.000Z</time>
</trkpt>
<trkpt lat="46.3490976" lon="14.3770859">
<ele>1378.80</ele>
<time>2026-08-23T08:43:34.000Z</time>
</trkpt>
<trkpt lat="46.3491212" lon="14.3768152">
<ele>1373.70</ele>
<time>2026-08-23T08:43:45.000Z</time>
</trkpt>
<trkpt lat="46.3490975" lon="14.3765399">
<ele>1370.10</ele>
<time>2026-08-23T08:43:56.000Z</time>
</trkpt>
<trkpt lat="46.3491168" lon="14.3762736">
<ele>1369.42</ele>
<time>2026-08-23T08:44:08.000Z</time>
</trkpt>
<trkpt lat="46.3490814" lon="14.3760071">
<ele>1372.43</ele>
<time>2026-08-23T08:44:19.000Z</time>
</trkpt>
<trkpt lat="46.3490234" lon="14.3757489">
<ele>1373.30</ele>
<time>2026-08-23T08:44:28.000Z</time>
</trkpt>
<trkpt lat="46.3489371" lon="14.3755182">
<ele>1374.21</ele>
<time>2026-08-23T08:44:40.000Z</time>
</trkpt>
<trkpt lat="46.3489011" lon="14.3752482">
<ele>1367.13</ele>
<time>2026-08-23T08:44:49.000Z</time>
</trkpt>
<trkpt lat="46.3489131" lon="14.3749831">
<ele>1363.29</ele>
<time>2026-08-23T08:45:00.000Z</time>
</trkpt>
<trkpt lat="46.3488222" lon="14.3747255">
<ele>1360.14</ele>
<time>2026-08-23T08:45:10.000Z</time>
</trkpt>
<trkpt lat="46.3487037" lon="14.3745126">
<ele>1353.70</ele>
<time>2026-08-23T08:45:21.000Z</time>
</trkpt>
<trkpt lat="46.3486209" lon="14.3742738">
<ele>1346.08</ele>
<time>2026-08-23T08:45:37.000Z</time>
</trkpt>
<trkpt lat="46.3486177" lon="14.3740117">
<ele>1334.15</ele>
<time>2026-08-23T08:46:02.000Z</time>
</trkpt>
<trkpt lat="46.3487056" lon="14.3737795">
<ele>1329.42</ele>
<time>2026-08-23T08:46:12.000Z</time>
</trkpt>
<trkpt lat="46.3487871" lon="14.3735299">
<ele>1329.61</ele>
<time>2026-08-23T08:46:25.000Z</time>
</trkpt>
<trkpt lat="46.3487596" lon="14.3732582">
<ele>1330.90</ele>
<time>2026-08-23T08:46:35.000Z</time>
</trkpt>
<trkpt lat="46.3486791" lon="14.3729957">
<ele>1328.64</ele>
<time>2026-08-23T08:46:49.000Z</time>
</trkpt>
<trkpt lat="46.3486225" lon="14.3727454">
<ele>1329.51</ele>
<time>2026-08-23T08:46:57.000Z</time>
</trkpt>
<trkpt lat="46.3486118" lon="14.3724720">
<ele>1331.29</ele>
<time>2026-08-23T08:47:12.000Z</time>
</trkpt>
<trkpt lat="46.3485507" lon="14.3722190">
<ele>1333.61</ele>
<time>2026-08-23T08:47:29.000Z</time>
</trkpt>
<trkpt lat="46.3484963" lon="14.3719675">
<ele>1339.94</ele>
<time>2026-08-23T08:47:43.000Z</time>
</trkpt>
<trkpt lat="46.3483742" lon="14.3717762">
<ele>1340.66</ele>
<time>2026-08-23T08:47:55.000Z</time>
</trkpt>
<trkpt lat="46.3482165" lon="14.3716310">
<ele>1339.71</ele>
<time>2026-08-23T08:48:09.000Z</time>
</trkpt>
<trkpt lat="46.3480873" lon="14.3714465">
<ele>1343.55</ele>
<time>2026-08-23T08:48:20.000Z</time>
</trkpt>
<trkpt lat="46.3480149" lon="14.3711926">
<ele>1341.03</ele>
<time>2026-08-23T08:48:36.000Z</time>
</trkpt>
<trkpt lat="46.3479118" lon="14.3709575">
<ele>1342.56</ele>
<time>2026-08-23T08:48:48.000Z</time>
</trkpt>
<trkpt lat="46.3477524" lon="14.3708338">
<ele>1340.96</ele>
<time>2026-08-23T08:49:00.000Z</time>
</trkpt>
<trkpt lat="46.3475988" lon="14.3706710">
<ele>1345.56</ele>
<time>2026-08-23T08:49:13.000Z</time>
</trkpt>
<trkpt lat="46.3474462" lon="14.3705103">
<ele>1347.85</ele>
<time>2026-08-23T08:49:37.000Z</time>
</trkpt>
<trkpt lat="46.3474129" lon="14.3702459">
<ele>1350.00</ele>
<time>2026-08-23T08:49:50.000Z</time>
</trkpt>
<trkpt lat="46.3474123" lon="14.3699761">
<ele>1354.13</ele>
<time>2026-08-23T08:50:06.000Z</time>
</trkpt>
<trkpt lat="46.3473712" lon="14.3697202">
<ele>1359.06</ele>
<time>2026-08-23T08:50:24.000Z</time>
</trkpt>
<trkpt lat="46.3472852" lon="14.3694811">
<ele>1363.12</ele>
<time>2026-08-23T08:50:37.000Z</time>
</trkpt>
<trkpt lat="46.3472120" lon="14.3692416">
<ele>1366.57</ele>
<time>2026-08-23T08:50:51.000Z</time>
</trkpt>
<trkpt lat="46.3470885" lon="14.3690400">
<ele>1365.52</ele>
<time>2026-08-23T08:51:03.000Z</time>
</trkpt>
<trkpt lat="46.3468994" lon="14.3691089">
<ele>1363.06</ele>
<time>2026-08-23T08:51:16.000Z</time>
</trkpt>
<trkpt lat="46.3467164" lon="14.3691546">
<ele>1365.41</ele>
<time>2026-08-23T08:51:30.000Z</time>
</trkpt>
<trkpt lat="46.3465406" lon="14.3690846">
<ele>1367.67</ele>
<time>2026-08-23T08:51:40.000Z</time>
</trkpt>
<trkpt lat="46.3463419" lon="14.3690754">
<ele>1380.62</ele>
<time>2026-08-23T08:51:53.000Z</time>
</trkpt>
<trkpt lat="46.3461520" lon="14.3690514">
<ele>1383.58</ele>
<time>2026-08-23T08:52:04.000Z</time>
</trkpt>
<trkpt lat="46.3459722" lon="14.3689613">
<ele>1379.95</ele>
<time>2026-08-23T08:52:22.000Z</time>
</trkpt>
<trkpt lat="46.3457783" lon="14.3689644">
<ele>1379.54</ele>
<time>2026-08-23T08:52:32.000Z</time>
</trkpt>
<trkpt lat="46.3455901" lon="14.3690378">
<ele>1376.73</ele>
<time>2026-08-23T08:52:48.000Z</time>
</trkpt>
<trkpt lat="46.3454043" lon="14.3690670">
<ele>1383.13</ele>
<time>2026-08-23T08:53:02.000Z</time>
</trkpt>
<trkpt lat="46.3452240" lon="14.3691569">
<ele>1385.19</ele>
<time>2026-08-23T08:53:19.000Z</time>
</trkpt>
<trkpt lat="46.3450441" lon="14.3692133">
<ele>1388.60</ele>
<time>2026-08-23T08:53:28.000Z</time>
</trkpt>
<trkpt lat="46.3448622" lon="14.3692520">
<ele>1389.09</ele>
<time>2026-08-23T08:53:37.000Z</time>
</trkpt>
<trkpt lat="46.3446802" lon="14.3691736">
<ele>1396.24</ele>
<time>2026-08-23T08:53:57.000Z</time>
</trkpt>
<trkpt lat="46.3446410" lon="14.3689085">
<ele>1404.37</ele>
<time>2026-08-23T08:54:14.000Z</time>
</trkpt>
<trkpt lat="46.3446131" lon="14.3686418">
<ele>1405.72</ele>
<time>2026-08-23T08:54:29.000Z</time>
</trkpt>
<trkpt lat="46.3445718" lon="14.3683875">
<ele>1402.31</ele>
<time>2026-08-23T08:54:54.000Z</time>
</trkpt>
<trkpt lat="46.3445204" lon="14.3681142">
<ele>1395.35</ele>
<time>2026-08-23T08:55:09.000Z</time>
</trkpt>
<trkpt lat="46.3444558" lon="14.3678598">
<ele>1398.43</ele>
<time>2026-08-23T08:55:29.000Z</time>
</trkpt>
<trkpt lat="46.3443540" lon="14.3676362">
<ele>1396.84</ele>
<time>2026-08-23T08:55:42.000Z</time>
</trkpt>
<trkpt lat="46.3442056" lon="14.3674398">
<ele>1393.80</ele>
<time>2026-08-23T08:55:55.000Z</time>
</trkpt>
<trkpt lat="46.3441025" lon="14.3672157">
<ele>1395.84</ele>
<time>2026-08-23T08:56:07.000Z</time>
</trkpt>
<trkpt lat="46.3439447" lon="14.3670756">
<ele>1390.16</ele>
<time>2026-08-23T08:56:20.000Z</time>
</trkpt>
<trkpt lat="46.3437679" lon="14.3669855">
<ele>1388.69</ele>
<time>2026-08-23T08:56:32.000Z</time>
</trkpt>
<trkpt lat="46.3435875" lon="14.3669724">
<ele>1384.22</ele>
<time>2026-08-23T08:56:45.000Z</time>
</trkpt>
<trkpt lat="46.3434072" lon="14.3670037">
<ele>1386.10</ele>
<time>2026-08-23T08:56:55.000Z</time>
</trkpt>
<trkpt lat="46.3432270" lon="14.3669582">
<ele>1386.93</ele>
<time>2026-08-23T08:58:09.000Z</time>
</trkpt>
<trkpt lat="46.3431385" lon="14.3667161">
<ele>1387.52</ele>
<time>2026-08-23T08:58:30.000Z</time>
</trkpt>
<trkpt lat="46.3430269" lon="14.3664833">
<ele>1387.15</ele>
<time>2026-08-23T08:58:46.000Z</time>
</trkpt>
<trkpt lat="46.3428816" lon="14.3663267">
<ele>1389.51</ele>
<time>2026-08-23T08:58:55.000Z</time>
</trkpt>
<trkpt lat="46.3428689" lon="14.3660594">
<ele>1385.72</ele>
<time>2026-08-23T08:59:26.000Z</time>
</trkpt>
<trkpt lat="46.3429077" lon="14.3657973">
<ele>1384.51</ele>
<time>2026-08-23T08:59:40.000Z</time>
</trkpt>
<trkpt lat="46.3430874" lon="14.3657092">
<ele>1387.20</ele>
<time>2026-08-23T08:59:59.000Z</time>
</trkpt>
<trkpt lat="46.3431616" lon="14.3654676">
<ele>1392.32</ele>
<time>2026-08-23T09:00:22.000Z</time>
</trkpt>
<trkpt lat="46.3433299" lon="14.3653470">
<ele>1395.45</ele>
<time>2026-08-23T09:00:49.000Z</time>
</trkpt>
<trkpt lat="46.3432774" lon="14.3650894">
<ele>1399.65</ele>
<time>2026-08-23T09:01:19.000Z</time>
</trkpt>
<trkpt lat="46.3432751" lon="14.3648182">
<ele>1398.86</ele>
<time>2026-08-23T09:01:34.000Z</time>
</trkpt>
<trkpt lat="46.3432396" lon="14.3645437">
<ele>1399.27</ele>
<time>2026-08-23T09:01:47.000Z</time>
</trkpt>
<trkpt lat="46.3432944" lon="14.3642933">
<ele>1397.49</ele>
<time>2026-08-23T09:02:02.000Z</time>
</trkpt>
<trkpt lat="46.3434572" lon="14.3641715">
<ele>1399.06</ele>
<time>2026-08-23T09:02:19.000Z</time>
</trkpt>
<trkpt lat="46.3435878" lon="14.3639895">
<ele>1399.03</ele>
<time>2026-08-23T09:02:33.000Z</time>
</trkpt>
<trkpt lat="46.3436673" lon="14.3637414">
<ele>1400.81</ele>
<time>2026-08-23T09:02:45.000Z</time>
</trkpt>
<trkpt lat="46.3436840" lon="14.3634699">
<ele>1403.77</ele>
<time>2026-08-23T09:02:56.000Z</time>
</trkpt>
<trkpt lat="46.3437770" lon="14.3632447">
<ele>1402.71</ele>
<time>2026-08-23T09:03:10.000Z</time>
</trkpt>
<trkpt lat="46.3439194" lon="14.3630403">
<ele>1405.49</ele>
<time>2026-08-23T09:03:21.000Z</time>
</trkpt>
<trkpt lat="46.3440481" lon="14.3628427">
<ele>1412.65</ele>
<time>2026-08-23T09:03:40.000Z</time>
</trkpt>
<trkpt lat="46.3442319" lon="14.3627807">
<ele>1406.87</ele>
<time>2026-08-23T09:03:57.000Z</time>
</trkpt>
<trkpt lat="46.3443718" lon="14.3626100">
<ele>1409.46</ele>
<time>2026-08-23T09:04:12.000Z</time>
</trkpt>
<trkpt lat="46.3444479" lon="14.3623512">
<ele>1406.43</ele>
<time>2026-08-23T09:04:25.000Z</time>
</trkpt>
<trkpt lat="46.3444858" lon="14.3620770">
<ele>1408.05</ele>
<time>2026-08-23T09:04:49.000Z</time>
</trkpt>
<trkpt lat="46.3445222" lon="14.3617998">
<ele>1405.73</ele>
<time>2026-08-23T09:05:08.000Z</time>
</trkpt>
<trkpt lat="46.3444411" lon="14.3615528">
<ele>1405.70</ele>
<time>2026-08-23T09:05:17.000Z</time>
</trkpt>
<trkpt lat="46.3443660" lon="14.3613152">
<ele>1406.24</ele>
<time>2026-08-23T09:05:25.000Z</time>
</trkpt>
<trkpt lat="46.3443593" lon="14.3610342">
<ele>1398.80</ele>
<time>2026-08-23T09:05:52.000Z</time>
</trkpt>
<trkpt lat="46.3443942" lon="14.3607739">
<ele>1395.29</ele>
<time>2026-08-23T09:06:03.000Z</time>
</trkpt>
<trkpt lat="46.3443727" lon="14.3605126">
<ele>1389.85</ele>
<time>2026-08-23T09:06:16.000Z</time>
</trkpt>
<trkpt lat="46.3443724" lon="14.3602487">
<ele>1384.59</ele>
<time>2026-08-23T09:06:39.000Z</time>
</trkpt>
<trkpt lat="46.3444463" lon="14.3600074">
<ele>1381.24</ele>
<time>2026-08-23T09:07:00.000Z</time>
</trkpt>
<trkpt lat="46.3444917" lon="14.3597468">
<ele>1376.87</ele>
<time>2026-08-23T09:07:25.000Z</time>
</trkpt>
<trkpt lat="46.3445968" lon="14.3595132">
<ele>1374.85</ele>
<time>2026-08-23T09:07:35.000Z</time>
</trkpt>
<trkpt lat="46.3446391" lon="14.3592493">
<ele>1371.94</ele>
<time>2026-08-23T09:07:49.000Z</time>
</trkpt>
<trkpt lat="46.3446746" lon="14.3589934">
<ele>1362.17</ele>
<time>2026-08-23T09:08:57.000Z</time>
</trkpt>
<trkpt lat="46.3446810" lon="14.3587159">
<ele>1357.97</ele>
<time>2026-08-23T09:09:18.000Z</time>
</trkpt>
<trkpt lat="46.3446513" lon="14.3584571">
<ele>1354.45</ele>
<time>2026-08-23T09:09:39.000Z</time>
</trkpt>
<trkpt lat="46.3445428" lon="14.3582432">
<ele>1333.21</ele>
<time>2026-08-23T09:10:24.000Z</time>
</trkpt>
<trkpt lat="46.3446818" lon="14.3580657">
<ele>1328.62</ele>
<time>2026-08-23T09:10:42.000Z</time>
</trkpt>
<trkpt lat="46.3447395" lon="14.3577917">
<ele>1332.17</ele>
<time>2026-08-23T09:10:55.000Z</time>
</trkpt>
<trkpt lat="46.3447661" lon="14.3575252">
<ele>1324.27</ele>
<time>2026-08-23T09:11:06.000Z</time>
</trkpt>
<trkpt lat="46.3447856" lon="14.3572588">
<ele>1326.64</ele>
<time>2026-08-23T09:11:20.000Z</time>
</trkpt>
<trkpt lat="46.3447248" lon="14.3570020">
<ele>1295.87</ele>
<time>2026-08-23T09:12:27.000Z</time>
</trkpt>
<trkpt lat="46.3447935" lon="14.3567419">
<ele>1291.48</ele>
<time>2026-08-23T09:12:42.000Z</time>
</trkpt>
<trkpt lat="46.3446226" lon="14.3566584">
<ele>1276.11</ele>
<time>2026-08-23T09:13:09.000Z</time>
</trkpt>
<trkpt lat="46.3444417" lon="14.3567107">
<ele>1268.01</ele>
<time>2026-08-23T09:13:24.000Z</time>
</trkpt>
<trkpt lat="46.3443926" lon="14.3564365">
<ele>1254.46</ele>
<time>2026-08-23T09:13:59.000Z</time>
</trkpt>
<trkpt lat="46.3444412" lon="14.3561821">
<ele>1247.83</ele>
<time>2026-08-23T09:14:16.000Z</time>
</trkpt>
<trkpt lat="46.3444998" lon="14.3559171">
<ele>1241.23</ele>
<time>2026-08-23T09:14:39.000Z</time>
</trkpt>
<trkpt lat="46.3445741" lon="14.3556651">
<ele>1233.67</ele>
<time>2026-08-23T09:14:56.000Z</time>
</trkpt>
<trkpt lat="46.3446442" lon="14.3554131">
<ele>1232.94</ele>
<time>2026-08-23T09:15:12.000Z</time>
</trkpt>
<trkpt lat="46.3447797" lon="14.3552367">
<ele>1229.48</ele>
<time>2026-08-23T09:15:24.000Z</time>
</trkpt>
<trkpt lat="46.3449215" lon="14.3550761">
<ele>1230.83</ele>
<time>2026-08-23T09:15:38.000Z</time>
</trkpt>
<trkpt lat="46.3450387" lon="14.3548676">
<ele>1230.96</ele>
<time>2026-08-23T09:15:48.000Z</time>
</trkpt>
<trkpt lat="46.3451263" lon="14.3546342">
<ele>1231.63</ele>
<time>2026-08-23T09:15:56.000Z</time>
</trkpt>
<trkpt lat="46.3452048" lon="14.3543825">
<ele>1233.18</ele>
<time>2026-08-23T09:16:07.000Z</time>
</trkpt>
<trkpt lat="46.3452774" lon="14.3541421">
<ele>1234.00</ele>
<time>2026-08-23T09:16:15.000Z</time>
</trkpt>
<trkpt lat="46.3453735" lon="14.3538860">
<ele>1230.85</ele>
<time>2026-08-23T09:16:28.000Z</time>
</trkpt>
<trkpt lat="46.3454769" lon="14.3536571">
<ele>1233.65</ele>
<time>2026-08-23T09:16:39.000Z</time>
</trkpt>
<trkpt lat="46.3455527" lon="14.3533871">
<ele>1233.19</ele>
<time>2026-08-23T09:16:51.000Z</time>
</trkpt>
<trkpt lat="46.3456332" lon="14.3531388">
<ele>1226.75</ele>
<time>2026-08-23T09:17:01.000Z</time>
</trkpt>
<trkpt lat="46.3457057" lon="14.3528698">
<ele>1226.79</ele>
<time>2026-08-23T09:17:15.000Z</time>
</trkpt>
<trkpt lat="46.3457121" lon="14.3526065">
<ele>1226.66</ele>
<time>2026-08-23T09:17:23.000Z</time>
</trkpt>
<trkpt lat="46.3457217" lon="14.3523455">
<ele>1220.66</ele>
<time>2026-08-23T09:17:47.000Z</time>
</trkpt>
<trkpt lat="46.3457689" lon="14.3520780">
<ele>1218.96</ele>
<time>2026-08-23T09:18:00.000Z</time>
</trkpt>
<trkpt lat="46.3458241" lon="14.3518163">
<ele>1209.89</ele>
<time>2026-08-23T09:18:09.000Z</time>
</trkpt>
<trkpt lat="46.3458615" lon="14.3515294">
<ele>1204.82</ele>
<time>2026-08-23T09:18:20.000Z</time>
</trkpt>
<trkpt lat="46.3458015" lon="14.3512662">
<ele>1207.08</ele>
<time>2026-08-23T09:18:32.000Z</time>
</trkpt>
<trkpt lat="46.3457667" lon="14.3510055">
<ele>1202.83</ele>
<time>2026-08-23T09:18:43.000Z</time>
</trkpt>
<trkpt lat="46.3457268" lon="14.3507284">
<ele>1200.10</ele>
<time>2026-08-23T09:18:56.000Z</time>
</trkpt>
<trkpt lat="46.3457262" lon="14.3504346">
<ele>1190.06</ele>
<time>2026-08-23T09:19:06.000Z</time>
</trkpt>
<trkpt lat="46.3458039" lon="14.3501667">
<ele>1187.23</ele>
<time>2026-08-23T09:19:18.000Z</time>
</trkpt>
<trkpt lat="46.3457994" lon="14.3498929">
<ele>1189.81</ele>
<time>2026-08-23T09:19:29.000Z</time>
</trkpt>
<trkpt lat="46.3457969" lon="14.3496251">
<ele>1185.86</ele>
<time>2026-08-23T09:19:40.000Z</time>
</trkpt>
<trkpt lat="46.3457857" lon="14.3493497">
<ele>1179.40</ele>
<time>2026-08-23T09:19:51.000Z</time>
</trkpt>
<trkpt lat="46.3457525" lon="14.3490679">
<ele>1174.41</ele>
<time>2026-08-23T09:20:02.000Z</time>
</trkpt>
<trkpt lat="46.3457259" lon="14.3488018">
<ele>1175.50</ele>
<time>2026-08-23T09:20:12.000Z</time>
</trkpt>
<trkpt lat="46.3456703" lon="14.3485442">
<ele>1170.87</ele>
<time>2026-08-23T09:20:23.000Z</time>
</trkpt>
<trkpt lat="46.3455770" lon="14.3483162">
<ele>1166.35</ele>
<time>2026-08-23T09:20:32.000Z</time>
</trkpt>
<trkpt lat="46.3455146" lon="14.3480600">
<ele>1150.95</ele>
<time>2026-08-23T09:20:45.000Z</time>
</trkpt>
<trkpt lat="46.3454696" lon="14.3478053">
<ele>1145.99</ele>
<time>2026-08-23T09:20:55.000Z</time>
</trkpt>
<trkpt lat="46.3453405" lon="14.3476142">
<ele>1139.97</ele>
<time>2026-08-23T09:21:12.000Z</time>
</trkpt>
<trkpt lat="46.3452593" lon="14.3473640">
<ele>1133.51</ele>
<time>2026-08-23T09:21:22.000Z</time>
</trkpt>
<trkpt lat="46.3451646" lon="14.3471367">
<ele>1134.19</ele>
<time>2026-08-23T09:21:35.000Z</time>
</trkpt>
<trkpt lat="46.3451080" lon="14.3468871">
<ele>1125.96</ele>
<time>2026-08-23T09:21:46.000Z</time>
</trkpt>
<trkpt lat="46.3450723" lon="14.3466170">
<ele>1113.47</ele>
<time>2026-08-23T09:21:59.000Z</time>
</trkpt>
<trkpt lat="46.3450903" lon="14.3463357">
<ele>1111.24</ele>
<time>2026-08-23T09:22:07.000Z</time>
</trkpt>
<trkpt lat="46.3450093" lon="14.3460845">
<ele>1106.59</ele>
<time>2026-08-23T09:22:19.000Z</time>
</trkpt>
<trkpt lat="46.3449244" lon="14.3458370">
<ele>1107.25</ele>
<time>2026-08-23T09:22:29.000Z</time>
</trkpt>
<trkpt lat="46.3448524" lon="14.3455714">
<ele>1110.79</ele>
<time>2026-08-23T09:22:39.000Z</time>
</trkpt>
<trkpt lat="46.3448401" lon="14.3453062">
<ele>1105.30</ele>
<time>2026-08-23T09:22:50.000Z</time>
</trkpt>
<trkpt lat="46.3448887" lon="14.3450531">
<ele>1093.60</ele>
<time>2026-08-23T09:23:00.000Z</time>
</trkpt>
<trkpt lat="46.3448300" lon="14.3448051">
<ele>1092.39</ele>
<time>2026-08-23T09:23:12.000Z</time>
</trkpt>
<trkpt lat="46.3447066" lon="14.3446101">
<ele>1088.47</ele>
<time>2026-08-23T09:23:22.000Z</time>
</trkpt>
<trkpt lat="46.3447184" lon="14.3443368">
<ele>1074.14</ele>
<time>2026-08-23T09:23:38.000Z</time>
</trkpt>
<trkpt lat="46.3446709" lon="14.3440715">
<ele>1066.67</ele>
<time>2026-08-23T09:23:49.000Z</time>
</trkpt>
<trkpt lat="46.3445734" lon="14.3438157">
<ele>1059.94</ele>
<time>2026-08-23T09:23:59.000Z</time>
</trkpt>
<trkpt lat="46.3444912" lon="14.3435665">
<ele>1057.11</ele>
<time>2026-08-23T09:24:08.000Z</time>
</trkpt>
<trkpt lat="46.3444393" lon="14.3433149">
<ele>1054.57</ele>
<time>2026-08-23T09:24:21.000Z</time>
</trkpt>
<trkpt lat="46.3443673" lon="14.3430683">
<ele>1045.66</ele>
<time>2026-08-23T09:24:33.000Z</time>
</trkpt>
<trkpt lat="46.3443125" lon="14.3428193">
<ele>1042.55</ele>
<time>2026-08-23T09:24:44.000Z</time>
</trkpt>
<trkpt lat="46.3442220" lon="14.3425628">
<ele>1035.46</ele>
<time>2026-08-23T09:24:55.000Z</time>
</trkpt>
<trkpt lat="46.3441467" lon="14.3422975">
<ele>1042.90</ele>
<time>2026-08-23T09:25:04.000Z</time>
</trkpt>
<trkpt lat="46.3440866" lon="14.3420283">
<ele>1036.52</ele>
<time>2026-08-23T09:25:15.000Z</time>
</trkpt>
<trkpt lat="46.3439916" lon="14.3417753">
<ele>1028.24</ele>
<time>2026-08-23T09:25:26.000Z</time>
</trkpt>
<trkpt lat="46.3439406" lon="14.3415207">
<ele>1021.55</ele>
<time>2026-08-23T09:25:39.000Z</time>
</trkpt>
<trkpt lat="46.3438973" lon="14.3412577">
<ele>1017.53</ele>
<time>2026-08-23T09:25:48.000Z</time>
</trkpt>
<trkpt lat="46.3438297" lon="14.3409763">
<ele>1017.46</ele>
<time>2026-08-23T09:25:58.000Z</time>
</trkpt>
<trkpt lat="46.3437752" lon="14.3407072">
<ele>1019.09</ele>
<time>2026-08-23T09:26:08.000Z</time>
</trkpt>
<trkpt lat="46.3437182" lon="14.3404397">
<ele>1022.05</ele>
<time>2026-08-23T09:26:19.000Z</time>
</trkpt>
<trkpt lat="46.3436750" lon="14.3401694">
<ele>1018.99</ele>
<time>2026-08-23T09:26:29.000Z</time>
</trkpt>
<trkpt lat="46.3436442" lon="14.3398759">
<ele>1016.12</ele>
<time>2026-08-23T09:26:40.000Z</time>
</trkpt>
<trkpt lat="46.3436700" lon="14.3396127">
<ele>1007.78</ele>
<time>2026-08-23T09:26:53.000Z</time>
</trkpt>
<trkpt lat="46.3436433" lon="14.3393522">
<ele>1008.20</ele>
<time>2026-08-23T09:27:02.000Z</time>
</trkpt>
<trkpt lat="46.3436442" lon="14.3390690">
<ele>1008.69</ele>
<time>2026-08-23T09:27:13.000Z</time>
</trkpt>
<trkpt lat="46.3436310" lon="14.3388086">
<ele>1011.10</ele>
<time>2026-08-23T09:27:22.000Z</time>
</trkpt>
<trkpt lat="46.3436500" lon="14.3385419">
<ele>1010.04</ele>
<time>2026-08-23T09:27:32.000Z</time>
</trkpt>
<trkpt lat="46.3436478" lon="14.3382787">
<ele>1005.64</ele>
<time>2026-08-23T09:27:42.000Z</time>
</trkpt>
<trkpt lat="46.3436010" lon="14.3380142">
<ele>1003.53</ele>
<time>2026-08-23T09:27:52.000Z</time>
</trkpt>
<trkpt lat="46.3435660" lon="14.3377487">
<ele>1003.95</ele>
<time>2026-08-23T09:28:04.000Z</time>
</trkpt>
<trkpt lat="46.3435649" lon="14.3374793">
<ele>1000.66</ele>
<time>2026-08-23T09:28:16.000Z</time>
</trkpt>
<trkpt lat="46.3434994" lon="14.3372247">
<ele>999.58</ele>
<time>2026-08-23T09:28:25.000Z</time>
</trkpt>
<trkpt lat="46.3434595" lon="14.3369437">
<ele>1002.29</ele>
<time>2026-08-23T09:28:36.000Z</time>
</trkpt>
<trkpt lat="46.3434511" lon="14.3366736">
<ele>1002.42</ele>
<time>2026-08-23T09:28:49.000Z</time>
</trkpt>
<trkpt lat="46.3433994" lon="14.3364045">
<ele>997.66</ele>
<time>2026-08-23T09:28:58.000Z</time>
</trkpt>
<trkpt lat="46.3432902" lon="14.3361708">
<ele>989.06</ele>
<time>2026-08-23T09:29:09.000Z</time>
</trkpt>
<trkpt lat="46.3431779" lon="14.3359340">
<ele>985.91</ele>
<time>2026-08-23T09:29:20.000Z</time>
</trkpt>
<trkpt lat="46.3431074" lon="14.3356813">
<ele>980.53</ele>
<time>2026-08-23T09:29:30.000Z</time>
</trkpt>
<trkpt lat="46.3430185" lon="14.3354314">
<ele>967.53</ele>
<time>2026-08-23T09:29:44.000Z</time>
</trkpt>
<trkpt lat="46.3429171" lon="14.3351962">
<ele>961.70</ele>
<time>2026-08-23T09:29:55.000Z</time>
</trkpt>
<trkpt lat="46.3427897" lon="14.3349945">
<ele>956.79</ele>
<time>2026-08-23T09:30:06.000Z</time>
</trkpt>
<trkpt lat="46.3426171" lon="14.3348776">
<ele>946.91</ele>
<time>2026-08-23T09:30:17.000Z</time>
</trkpt>
<trkpt lat="46.3424558" lon="14.3347417">
<ele>946.86</ele>
<time>2026-08-23T09:30:26.000Z</time>
</trkpt>
<trkpt lat="46.3423109" lon="14.3345791">
<ele>945.75</ele>
<time>2026-08-23T09:30:36.000Z</time>
</trkpt>
<trkpt lat="46.3421560" lon="14.3344422">
<ele>934.83</ele>
<time>2026-08-23T09:30:48.000Z</time>
</trkpt>
<trkpt lat="46.3419653" lon="14.3344676">
<ele>927.94</ele>
<time>2026-08-23T09:31:01.000Z</time>
</trkpt>
<trkpt lat="46.3417917" lon="14.3345502">
<ele>924.00</ele>
<time>2026-08-23T09:31:12.000Z</time>
</trkpt>
<trkpt lat="46.3416314" lon="14.3346866">
<ele>913.45</ele>
<time>2026-08-23T09:31:24.000Z</time>
</trkpt>
<trkpt lat="46.3414843" lon="14.3348658">
<ele>915.73</ele>
<time>2026-08-23T09:31:35.000Z</time>
</trkpt>
<trkpt lat="46.3412981" lon="14.3348161">
<ele>915.60</ele>
<time>2026-08-23T09:31:49.000Z</time>
</trkpt>
<trkpt lat="46.3411059" lon="14.3348525">
<ele>913.18</ele>
<time>2026-08-23T09:31:59.000Z</time>
</trkpt>
<trkpt lat="46.3409174" lon="14.3348612">
<ele>912.48</ele>
<time>2026-08-23T09:32:10.000Z</time>
</trkpt>
<trkpt lat="46.3407436" lon="14.3347559">
<ele>909.72</ele>
<time>2026-08-23T09:32:20.000Z</time>
</trkpt>
<trkpt lat="46.3406094" lon="14.3345495">
<ele>906.66</ele>
<time>2026-08-23T09:32:31.000Z</time>
</trkpt>
<trkpt lat="46.3404442" lon="14.3344326">
<ele>904.17</ele>
<time>2026-08-23T09:32:40.000Z</time>
</trkpt>
<trkpt lat="46.3402690" lon="14.3343096">
<ele>901.84</ele>
<time>2026-08-23T09:32:51.000Z</time>
</trkpt>
<trkpt lat="46.3401127" lon="14.3341335">
<ele>902.34</ele>
<time>2026-08-23T09:33:02.000Z</time>
</trkpt>
<trkpt lat="46.3399916" lon="14.3339204">
<ele>903.60</ele>
<time>2026-08-23T09:33:13.000Z</time>
</trkpt>
<trkpt lat="46.3400611" lon="14.3336622">
<ele>900.27</ele>
<time>2026-08-23T09:33:23.000Z</time>
</trkpt>
<trkpt lat="46.3401769" lon="14.3334604">
<ele>900.62</ele>
<time>2026-08-23T09:33:32.000Z</time>
</trkpt>
<trkpt lat="46.3402130" lon="14.3332005">
<ele>893.25</ele>
<time>2026-08-23T09:33:42.000Z</time>
</trkpt>
<trkpt lat="46.3401698" lon="14.3329353">
<ele>892.97</ele>
<time>2026-08-23T09:33:52.000Z</time>
</trkpt>
<trkpt lat="46.3401944" lon="14.3326571">
<ele>895.85</ele>
<time>2026-08-23T09:34:14.000Z</time>
</trkpt>
<trkpt lat="46.3402841" lon="14.3324163">
<ele>893.54</ele>
<time>2026-08-23T09:34:25.000Z</time>
</trkpt>
<trkpt lat="46.3403714" lon="14.3321830">
<ele>894.73</ele>
<time>2026-08-23T09:34:35.000Z</time>
</trkpt>
<trkpt lat="46.3404501" lon="14.3319303">
<ele>893.04</ele>
<time>2026-08-23T09:34:47.000Z</time>
</trkpt>
<trkpt lat="46.3405058" lon="14.3316681">
<ele>890.22</ele>
<time>2026-08-23T09:34:58.000Z</time>
</trkpt>
<trkpt lat="46.3405463" lon="14.3313870">
<ele>892.39</ele>
<time>2026-08-23T09:35:08.000Z</time>
</trkpt>
<trkpt lat="46.3405924" lon="14.3311312">
<ele>897.22</ele>
<time>2026-08-23T09:35:17.000Z</time>
</trkpt>
<trkpt lat="46.3406228" lon="14.3308642">
<ele>894.42</ele>
<time>2026-08-23T09:35:28.000Z</time>
</trkpt>
<trkpt lat="46.3406664" lon="14.3306062">
<ele>895.43</ele>
<time>2026-08-23T09:35:37.000Z</time>
</trkpt>
<trkpt lat="46.3407367" lon="14.3303498">
<ele>894.66</ele>
<time>2026-08-23T09:35:47.000Z</time>
</trkpt>
<trkpt lat="46.3408215" lon="14.3301064">
<ele>895.71</ele>
<time>2026-08-23T09:35:58.000Z</time>
</trkpt>
<trkpt lat="46.3408660" lon="14.3298344">
<ele>895.36</ele>
<time>2026-08-23T09:36:08.000Z</time>
</trkpt>
<trkpt lat="46.3409102" lon="14.3295765">
<ele>898.70</ele>
<time>2026-08-23T09:36:19.000Z</time>
</trkpt>
<trkpt lat="46.3409687" lon="14.3293195">
<ele>898.48</ele>
<time>2026-08-23T09:36:30.000Z</time>
</trkpt>
<trkpt lat="46.3409708" lon="14.3290462">
<ele>895.92</ele>
<time>2026-08-23T09:36:41.000Z</time>
</trkpt>
<trkpt lat="46.3409713" lon="14.3287667">
<ele>894.99</ele>
<time>2026-08-23T09:36:59.000Z</time>
</trkpt>
<trkpt lat="46.3409817" lon="14.3284867">
<ele>899.16</ele>
<time>2026-08-23T09:37:09.000Z</time>
</trkpt>
<trkpt lat="46.3410686" lon="14.3282400">
<ele>897.53</ele>
<time>2026-08-23T09:37:27.000Z</time>
</trkpt>
<trkpt lat="46.3411791" lon="14.3280003">
<ele>894.97</ele>
<time>2026-08-23T09:37:38.000Z</time>
</trkpt>
<trkpt lat="46.3412496" lon="14.3277432">
<ele>890.22</ele>
<time>2026-08-23T09:37:51.000Z</time>
</trkpt>
<trkpt lat="46.3413742" lon="14.3275363">
<ele>887.84</ele>
<time>2026-08-23T09:38:01.000Z</time>
</trkpt>
<trkpt lat="46.3415041" lon="14.3273324">
<ele>886.53</ele>
<time>2026-08-23T09:38:13.000Z</time>
</trkpt>
<trkpt lat="46.3416345" lon="14.3271182">
<ele>884.14</ele>
<time>2026-08-23T09:38:24.000Z</time>
</trkpt>
<trkpt lat="46.3417614" lon="14.3269072">
<ele>878.60</ele>
<time>2026-08-23T09:38:35.000Z</time>
</trkpt>
<trkpt lat="46.3418533" lon="14.3266667">
<ele>874.75</ele>
<time>2026-08-23T09:38:47.000Z</time>
</trkpt>
<trkpt lat="46.3418972" lon="14.3263999">
<ele>874.79</ele>
<time>2026-08-23T09:38:58.000Z</time>
</trkpt>
<trkpt lat="46.3419333" lon="14.3261364">
<ele>874.85</ele>
<time>2026-08-23T09:39:09.000Z</time>
</trkpt>
<trkpt lat="46.3419666" lon="14.3258779">
<ele>875.78</ele>
<time>2026-08-23T09:39:18.000Z</time>
</trkpt>
<trkpt lat="46.3420435" lon="14.3256189">
<ele>875.51</ele>
<time>2026-08-23T09:39:28.000Z</time>
</trkpt>
<trkpt lat="46.3421090" lon="14.3253379">
<ele>871.12</ele>
<time>2026-08-23T09:39:38.000Z</time>
</trkpt>
<trkpt lat="46.3421347" lon="14.3250788">
<ele>867.72</ele>
<time>2026-08-23T09:39:46.000Z</time>
</trkpt>
<trkpt lat="46.3421791" lon="14.3248153">
<ele>868.62</ele>
<time>2026-08-23T09:39:55.000Z</time>
</trkpt>
<trkpt lat="46.3422145" lon="14.3245493">
<ele>867.80</ele>
<time>2026-08-23T09:40:06.000Z</time>
</trkpt>
<trkpt lat="46.3422312" lon="14.3242686">
<ele>858.90</ele>
<time>2026-08-23T09:40:17.000Z</time>
</trkpt>
<trkpt lat="46.3421909" lon="14.3239905">
<ele>857.58</ele>
<time>2026-08-23T09:40:27.000Z</time>
</trkpt>
<trkpt lat="46.3421955" lon="14.3237051">
<ele>860.93</ele>
<time>2026-08-23T09:40:38.000Z</time>
</trkpt>
<trkpt lat="46.3422938" lon="14.3234685">
<ele>859.36</ele>
<time>2026-08-23T09:40:49.000Z</time>
</trkpt>
<trkpt lat="46.3424413" lon="14.3232401">
<ele>856.47</ele>
<time>2026-08-23T09:41:00.000Z</time>
</trkpt>
<trkpt lat="46.3425912" lon="14.3230481">
<ele>861.99</ele>
<time>2026-08-23T09:41:08.000Z</time>
</trkpt>
<trkpt lat="46.3427082" lon="14.3228138">
<ele>859.50</ele>
<time>2026-08-23T09:41:19.000Z</time>
</trkpt>
<trkpt lat="46.3428847" lon="14.3226895">
<ele>856.16</ele>
<time>2026-08-23T09:41:29.000Z</time>
</trkpt>
<trkpt lat="46.3430646" lon="14.3227057">
<ele>850.86</ele>
<time>2026-08-23T09:41:40.000Z</time>
</trkpt>
<trkpt lat="46.3432372" lon="14.3227791">
<ele>846.30</ele>
<time>2026-08-23T09:41:51.000Z</time>
</trkpt>
<trkpt lat="46.3434257" lon="14.3227146">
<ele>844.86</ele>
<time>2026-08-23T09:42:01.000Z</time>
</trkpt>
<trkpt lat="46.3435830" lon="14.3225814">
<ele>842.68</ele>
<time>2026-08-23T09:42:08.000Z</time>
</trkpt>
<trkpt lat="46.3436756" lon="14.3223563">
<ele>843.00</ele>
<time>2026-08-23T09:42:16.000Z</time>
</trkpt>
<trkpt lat="46.3437381" lon="14.3220981">
<ele>844.22</ele>
<time>2026-08-23T09:42:24.000Z</time>
</trkpt>
<trkpt lat="46.3438669" lon="14.3219016">
<ele>846.21</ele>
<time>2026-08-23T09:42:32.000Z</time>
</trkpt>
<trkpt lat="46.3440204" lon="14.3217481">
<ele>846.61</ele>
<time>2026-08-23T09:42:40.000Z</time>
</trkpt>
<trkpt lat="46.3441218" lon="14.3215259">
<ele>843.41</ele>
<time>2026-08-23T09:42:49.000Z</time>
</trkpt>
<trkpt lat="46.3442077" lon="14.3212867">
<ele>843.31</ele>
<time>2026-08-23T09:42:59.000Z</time>
</trkpt>
<trkpt lat="46.3442618" lon="14.3210367">
<ele>846.45</ele>
<time>2026-08-23T09:43:09.000Z</time>
</trkpt>
<trkpt lat="46.3443207" lon="14.3207773">
<ele>844.33</ele>
<time>2026-08-23T09:43:19.000Z</time>
</trkpt>
<trkpt lat="46.3442488" lon="14.3205362">
<ele>827.51</ele>
<time>2026-08-23T09:43:27.000Z</time>
</trkpt>
<trkpt lat="46.3442192" lon="14.3202706">
<ele>832.41</ele>
<time>2026-08-23T09:43:37.000Z</time>
</trkpt>
<trkpt lat="46.3442264" lon="14.3199874">
<ele>830.97</ele>
<time>2026-08-23T09:43:47.000Z</time>
</trkpt>
<trkpt lat="46.3443022" lon="14.3197427">
<ele>825.45</ele>
<time>2026-08-23T09:43:57.000Z</time>
</trkpt>
<trkpt lat="46.3442827" lon="14.3194830">
<ele>817.98</ele>
<time>2026-08-23T09:44:06.000Z</time>
</trkpt>
<trkpt lat="46.3442245" lon="14.3192046">
<ele>813.15</ele>
<time>2026-08-23T09:44:16.000Z</time>
</trkpt>
<trkpt lat="46.3441687" lon="14.3189360">
<ele>811.60</ele>
<time>2026-08-23T09:44:25.000Z</time>
</trkpt>
<trkpt lat="46.3441152" lon="14.3186627">
<ele>809.03</ele>
<time>2026-08-23T09:44:36.000Z</time>
</trkpt>
<trkpt lat="46.3440447" lon="14.3184089">
<ele>805.48</ele>
<time>2026-08-23T09:44:46.000Z</time>
</trkpt>
<trkpt lat="46.3439807" lon="14.3181550">
<ele>800.42</ele>
<time>2026-08-23T09:44:55.000Z</time>
</trkpt>
<trkpt lat="46.3439182" lon="14.3179004">
<ele>800.07</ele>
<time>2026-08-23T09:45:08.000Z</time>
</trkpt>
<trkpt lat="46.3440945" lon="14.3178396">
<ele>797.80</ele>
<time>2026-08-23T09:45:23.000Z</time>
</trkpt>
<trkpt lat="46.3442829" lon="14.3178583">
<ele>796.98</ele>
<time>2026-08-23T09:45:38.000Z</time>
</trkpt>
<trkpt lat="46.3444774" lon="14.3178031">
<ele>805.00</ele>
<time>2026-08-23T09:45:51.000Z</time>
</trkpt>
<trkpt lat="46.3446597" lon="14.3178240">
<ele>813.01</ele>
<time>2026-08-23T09:46:08.000Z</time>
</trkpt>
<trkpt lat="46.3448386" lon="14.3178557">
<ele>811.52</ele>
<time>2026-08-23T09:46:18.000Z</time>
</trkpt>
<trkpt lat="46.3450187" lon="14.3178030">
<ele>814.98</ele>
<time>2026-08-23T09:46:37.000Z</time>
</trkpt>
<trkpt lat="46.3451967" lon="14.3178676">
<ele>823.75</ele>
<time>2026-08-23T09:46:49.000Z</time>
</trkpt>
<trkpt lat="46.3453618" lon="14.3177599">
<ele>823.42</ele>
<time>2026-08-23T09:47:08.000Z</time>
</trkpt>
<trkpt lat="46.3454819" lon="14.3175490">
<ele>828.69</ele>
<time>2026-08-23T09:47:21.000Z</time>
</trkpt>
<trkpt lat="46.3456143" lon="14.3173566">
<ele>827.70</ele>
<time>2026-08-23T09:47:34.000Z</time>
</trkpt>
<trkpt lat="46.3457026" lon="14.3171155">
<ele>832.38</ele>
<time>2026-08-23T09:47:48.000Z</time>
</trkpt>
<trkpt lat="46.3458558" lon="14.3169638">
<ele>833.32</ele>
<time>2026-08-23T09:48:01.000Z</time>
</trkpt>
<trkpt lat="46.3459307" lon="14.3167209">
<ele>831.81</ele>
<time>2026-08-23T09:48:12.000Z</time>
</trkpt>
<trkpt lat="46.3460477" lon="14.3165089">
<ele>836.98</ele>
<time>2026-08-23T09:48:21.000Z</time>
</trkpt>
<trkpt lat="46.3461991" lon="14.3163611">
<ele>837.82</ele>
<time>2026-08-23T09:48:30.000Z</time>
</trkpt>
<trkpt lat="46.3462526" lon="14.3161029">
<ele>840.73</ele>
<time>2026-08-23T09:48:39.000Z</time>
</trkpt>
<trkpt lat="46.3462401" lon="14.3158392">
<ele>844.01</ele>
<time>2026-08-23T09:48:52.000Z</time>
</trkpt>
<trkpt lat="46.3463291" lon="14.3155825">
<ele>842.79</ele>
<time>2026-08-23T09:49:14.000Z</time>
</trkpt>
<trkpt lat="46.3463619" lon="14.3153156">
<ele>844.78</ele>
<time>2026-08-23T09:49:24.000Z</time>
</trkpt>
<trkpt lat="46.3464019" lon="14.3150467">
<ele>845.48</ele>
<time>2026-08-23T09:49:33.000Z</time>
</trkpt>
<trkpt lat="46.3465077" lon="14.3148041">
<ele>837.07</ele>
<time>2026-08-23T09:49:46.000Z</time>
</trkpt>
<trkpt lat="46.3466135" lon="14.3145638">
<ele>835.06</ele>
<time>2026-08-23T09:49:55.000Z</time>
</trkpt>
<trkpt lat="46.3466537" lon="14.3142974">
<ele>834.34</ele>
<time>2026-08-23T09:50:06.000Z</time>
</trkpt>
<trkpt lat="46.3467546" lon="14.3140553">
<ele>823.38</ele>
<time>2026-08-23T09:50:20.000Z</time>
</trkpt>
<trkpt lat="46.3468309" lon="14.3138182">
<ele>819.57</ele>
<time>2026-08-23T09:50:34.000Z</time>
</trkpt>
<trkpt lat="46.3469677" lon="14.3135998">
<ele>821.81</ele>
<time>2026-08-23T09:50:50.000Z</time>
</trkpt>
<trkpt lat="46.3471120" lon="14.3134321">
<ele>822.45</ele>
<time>2026-08-23T09:51:00.000Z</time>
</trkpt>
<trkpt lat="46.3472258" lon="14.3132293">
<ele>819.20</ele>
<time>2026-08-23T09:51:14.000Z</time>
</trkpt>
<trkpt lat="46.3472683" lon="14.3129536">
<ele>817.72</ele>
<time>2026-08-23T09:51:27.000Z</time>
</trkpt>
<trkpt lat="46.3473367" lon="14.3126935">
<ele>818.33</ele>
<time>2026-08-23T09:51:39.000Z</time>
</trkpt>
<trkpt lat="46.3473938" lon="14.3124188">
<ele>822.81</ele>
<time>2026-08-23T09:51:51.000Z</time>
</trkpt>
<trkpt lat="46.3475677" lon="14.3123193">
<ele>817.22</ele>
<time>2026-08-23T09:52:14.000Z</time>
</trkpt>
<trkpt lat="46.3477531" lon="14.3122563">
<ele>812.22</ele>
<time>2026-08-23T09:52:30.000Z</time>
</trkpt>
<trkpt lat="46.3479192" lon="14.3121236">
<ele>808.60</ele>
<time>2026-08-23T09:52:42.000Z</time>
</trkpt>
<trkpt lat="46.3480349" lon="14.3119231">
<ele>807.49</ele>
<time>2026-08-23T09:52:56.000Z</time>
</trkpt>
<trkpt lat="46.3481389" lon="14.3116813">
<ele>808.70</ele>
<time>2026-08-23T09:53:08.000Z</time>
</trkpt>
<trkpt lat="46.3482251" lon="14.3114405">
<ele>798.99</ele>
<time>2026-08-23T09:53:30.000Z</time>
</trkpt>
<trkpt lat="46.3483124" lon="14.3112023">
<ele>793.71</ele>
<time>2026-08-23T09:53:43.000Z</time>
</trkpt>
<trkpt lat="46.3483402" lon="14.3109444">
<ele>786.70</ele>
<time>2026-08-23T09:54:01.000Z</time>
</trkpt>
<trkpt lat="46.3484526" lon="14.3107171">
<ele>787.14</ele>
<time>2026-08-23T09:54:13.000Z</time>
</trkpt>
<trkpt lat="46.3485869" lon="14.3105430">
<ele>778.32</ele>
<time>2026-08-23T09:54:27.000Z</time>
</trkpt>
<trkpt lat="46.3487611" lon="14.3104356">
<ele>776.14</ele>
<time>2026-08-23T09:54:38.000Z</time>
</trkpt>
<trkpt lat="46.3488721" lon="14.3102043">
<ele>772.51</ele>
<time>2026-08-23T09:54:50.000Z</time>
</trkpt>
<trkpt lat="46.3489800" lon="14.3099615">
<ele>772.47</ele>
<time>2026-08-23T09:55:02.000Z</time>
</trkpt>
<trkpt lat="46.3490744" lon="14.3097385">
<ele>774.23</ele>
<time>2026-08-23T09:55:18.000Z</time>
</trkpt>
<trkpt lat="46.3491550" lon="14.3094828">
<ele>770.78</ele>
<time>2026-08-23T09:55:29.000Z</time>
</trkpt>
<trkpt lat="46.3492273" lon="14.3092211">
<ele>768.32</ele>
<time>2026-08-23T09:55:38.000Z</time>
</trkpt>
<trkpt lat="46.3493717" lon="14.3090186">
<ele>768.94</ele>
<time>2026-08-23T09:55:53.000Z</time>
</trkpt>
<trkpt lat="46.3494359" lon="14.3087643">
<ele>766.38</ele>
<time>2026-08-23T09:56:03.000Z</time>
</trkpt>
<trkpt lat="46.3495423" lon="14.3085481">
<ele>757.16</ele>
<time>2026-08-23T09:56:15.000Z</time>
</trkpt>
<trkpt lat="46.3496727" lon="14.3083666">
<ele>750.11</ele>
<time>2026-08-23T09:56:29.000Z</time>
</trkpt>
<trkpt lat="46.3497633" lon="14.3081274">
<ele>746.63</ele>
<time>2026-08-23T09:56:39.000Z</time>
</trkpt>
<trkpt lat="46.3497681" lon="14.3078627">
<ele>747.37</ele>
<time>2026-08-23T09:56:52.000Z</time>
</trkpt>
<trkpt lat="46.3499123" lon="14.3077068">
<ele>738.80</ele>
<time>2026-08-23T09:57:41.000Z</time>
</trkpt>
<trkpt lat="46.3500306" lon="14.3075041">
<ele>727.48</ele>
<time>2026-08-23T09:57:57.000Z</time>
</trkpt>
<trkpt lat="46.3501983" lon="14.3073690">
<ele>726.76</ele>
<time>2026-08-23T09:58:14.000Z</time>
</trkpt>
<trkpt lat="46.3503436" lon="14.3072023">
<ele>719.87</ele>
<time>2026-08-23T09:58:26.000Z</time>
</trkpt>
<trkpt lat="46.3504525" lon="14.3069679">
<ele>720.83</ele>
<time>2026-08-23T09:58:37.000Z</time>
</trkpt>
<trkpt lat="46.3506051" lon="14.3068074">
<ele>722.19</ele>
<time>2026-08-23T09:58:50.000Z</time>
</trkpt>
<trkpt lat="46.3507448" lon="14.3066345">
<ele>717.56</ele>
<time>2026-08-23T09:59:04.000Z</time>
</trkpt>
<trkpt lat="46.3509360" lon="14.3066524">
<ele>715.44</ele>
<time>2026-08-23T09:59:19.000Z</time>
</trkpt>
<trkpt lat="46.3510574" lon="14.3064450">
<ele>710.07</ele>
<time>2026-08-23T09:59:30.000Z</time>
</trkpt>
<trkpt lat="46.3511579" lon="14.3062010">
<ele>702.79</ele>
<time>2026-08-23T09:59:45.000Z</time>
</trkpt>
<trkpt lat="46.3512577" lon="14.3059701">
<ele>698.59</ele>
<time>2026-08-23T09:59:56.000Z</time>
</trkpt>
<trkpt lat="46.3514157" lon="14.3058133">
<ele>694.12</ele>
<time>2026-08-23T10:00:05.000Z</time>
</trkpt>
<trkpt lat="46.3515549" lon="14.3056355">
<ele>689.75</ele>
<time>2026-08-23T10:00:22.000Z</time>
</trkpt>
<trkpt lat="46.3516450" lon="14.3053894">
<ele>679.02</ele>
<time>2026-08-23T10:00:33.000Z</time>
</trkpt>
<trkpt lat="46.3517373" lon="14.3051503">
<ele>672.63</ele>
<time>2026-08-23T10:00:45.000Z</time>
</trkpt>
<trkpt lat="46.3518896" lon="14.3050048">
<ele>667.73</ele>
<time>2026-08-23T10:00:57.000Z</time>
</trkpt>
<trkpt lat="46.3519535" lon="14.3047610">
<ele>663.63</ele>
<time>2026-08-23T10:01:07.000Z</time>
</trkpt>
<trkpt lat="46.3520481" lon="14.3045307">
<ele>661.22</ele>
<time>2026-08-23T10:01:18.000Z</time>
</trkpt>
<trkpt lat="46.3521296" lon="14.3042932">
<ele>653.70</ele>
<time>2026-08-23T10:01:29.000Z</time>
</trkpt>
<trkpt lat="46.3521659" lon="14.3040340">
<ele>648.65</ele>
<time>2026-08-23T10:01:43.000Z</time>
</trkpt>
<trkpt lat="46.3522228" lon="14.3037821">
<ele>647.35</ele>
<time>2026-08-23T10:02:00.000Z</time>
</trkpt>
<trkpt lat="46.3521344" lon="14.3035342">
<ele>643.84</ele>
<time>2026-08-23T10:02:10.000Z</time>
</trkpt>
<trkpt lat="46.3522844" lon="14.3033591">
<ele>644.95</ele>
<time>2026-08-23T10:02:25.000Z</time>
</trkpt>
<trkpt lat="46.3524560" lon="14.3032230">
<ele>643.23</ele>
<time>2026-08-23T10:02:41.000Z</time>
</trkpt>
<trkpt lat="46.3526067" lon="14.3030637">
<ele>641.57</ele>
<time>2026-08-23T10:02:56.000Z</time>
</trkpt>
<trkpt lat="46.3527563" lon="14.3029017">
<ele>634.59</ele>
<time>2026-08-23T10:03:08.000Z</time>
</trkpt>
<trkpt lat="46.3529230" lon="14.3027304">
<ele>631.11</ele>
<time>2026-08-23T10:03:22.000Z</time>
</trkpt>
<trkpt lat="46.3530710" lon="14.3025607">
<ele>627.14</ele>
<time>2026-08-23T10:03:32.000Z</time>
</trkpt>
<trkpt lat="46.3531555" lon="14.3023034">
<ele>623.87</ele>
<time>2026-08-23T10:03:44.000Z</time>
</trkpt>
<trkpt lat="46.3532941" lon="14.3021341">
<ele>623.69</ele>
<time>2026-08-23T10:03:54.000Z</time>
</trkpt>
<trkpt lat="46.3534339" lon="14.3019663">
<ele>616.13</ele>
<time>2026-08-23T10:04:06.000Z</time>
</trkpt>
<trkpt lat="46.3535746" lon="14.3018006">
<ele>615.06</ele>
<time>2026-08-23T10:04:16.000Z</time>
</trkpt>
<trkpt lat="46.3537284" lon="14.3016552">
<ele>612.64</ele>
<time>2026-08-23T10:04:30.000Z</time>
</trkpt>
<trkpt lat="46.3539210" lon="14.3016826">
<ele>610.91</ele>
<time>2026-08-23T10:04:55.000Z</time>
</trkpt>
<trkpt lat="46.3541093" lon="14.3016068">
<ele>599.16</ele>
<time>2026-08-23T10:05:04.000Z</time>
</trkpt>
<trkpt lat="46.3542385" lon="14.3014229">
<ele>592.72</ele>
<time>2026-08-23T10:05:14.000Z</time>
</trkpt>
<trkpt lat="46.3543743" lon="14.3012334">
<ele>583.08</ele>
<time>2026-08-23T10:05:30.000Z</time>
</trkpt>
<trkpt lat="46.3542911" lon="14.3010019">
<ele>574.71</ele>
<time>2026-08-23T10:05:42.000Z</time>
</trkpt>
<trkpt lat="46.3543265" lon="14.3007336">
<ele>569.74</ele>
<time>2026-08-23T10:05:55.000Z</time>
</trkpt>
<trkpt lat="46.3544965" lon="14.3006313">
<ele>573.06</ele>
<time>2026-08-23T10:06:11.000Z</time>
</trkpt>
<trkpt lat="46.3546803" lon="14.3006589">
<ele>566.62</ele>
<time>2026-08-23T10:06:29.000Z</time>
</trkpt>
<trkpt lat="46.3548732" lon="14.3005935">
<ele>559.93</ele>
<time>2026-08-23T10:06:45.000Z</time>
</trkpt>
<trkpt lat="46.3550461" lon="14.3004978">
<ele>557.44</ele>
<time>2026-08-23T10:06:55.000Z</time>
</trkpt>
<trkpt lat="46.3552138" lon="14.3003973">
<ele>550.28</ele>
<time>2026-08-23T10:07:06.000Z</time>
</trkpt>
<trkpt lat="46.3553778" lon="14.3002699">
<ele>541.35</ele>
<time>2026-08-23T10:07:17.000Z</time>
</trkpt>
<trkpt lat="46.3555668" lon="14.3002439">
<ele>538.95</ele>
<time>2026-08-23T10:07:28.000Z</time>
</trkpt>
<trkpt lat="46.3557191" lon="14.3000837">
<ele>535.65</ele>
<time>2026-08-23T10:07:40.000Z</time>
</trkpt>
<trkpt lat="46.3558868" lon="14.2999763">
<ele>537.03</ele>
<time>2026-08-23T10:07:49.000Z</time>
</trkpt>
<trkpt lat="46.3559976" lon="14.2997627">
<ele>531.35</ele>
<time>2026-08-23T10:08:10.000Z</time>
</trkpt>
<trkpt lat="46.3561405" lon="14.2995817">
<ele>524.79</ele>
<time>2026-08-23T10:08:26.000Z</time>
</trkpt>
<trkpt lat="46.3561923" lon="14.2993278">
<ele>516.52</ele>
<time>2026-08-23T10:08:39.000Z</time>
</trkpt>
<trkpt lat="46.3560882" lon="14.2991134">
<ele>510.63</ele>
<time>2026-08-23T10:08:49.000Z</time>
</trkpt>
<trkpt lat="46.3560159" lon="14.2988679">
<ele>507.45</ele>
<time>2026-08-23T10:09:00.000Z</time>
</trkpt>
<trkpt lat="46.3560970" lon="14.2986189">
<ele>504.67</ele>
<time>2026-08-23T10:09:12.000Z</time>
</trkpt>
<trkpt lat="46.3562463" lon="14.2984633">
<ele>501.23</ele>
<time>2026-08-23T10:09:22.000Z</time>
</trkpt>
<trkpt lat="46.3563832" lon="14.2982894">
<ele>499.04</ele>
<time>2026-08-23T10:09:31.000Z</time>
</trkpt>
<trkpt lat="46.3565644" lon="14.2982012">
<ele>493.97</ele>
<time>2026-08-23T10:09:43.000Z</time>
</trkpt>
<trkpt lat="46.3565306" lon="14.2979416">
<ele>491.98</ele>
<time>2026-08-23T10:09:56.000Z</time>
</trkpt>
<trkpt lat="46.3563932" lon="14.2977308">
<ele>491.28</ele>
<time>2026-08-23T10:10:07.000Z</time>
</trkpt>
<trkpt lat="46.3562152" lon="14.2976262">
<ele>488.49</ele>
<time>2026-08-23T10:10:16.000Z</time>
</trkpt>
<trkpt lat="46.3560295" lon="14.2975687">
<ele>486.64</ele>
<time>2026-08-23T10:10:27.000Z</time>
</trkpt>
<trkpt lat="46.3558439" lon="14.2975169">
<ele>487.24</ele>
<time>2026-08-23T10:10:38.000Z</time>
</trkpt>
<trkpt lat="46.3556573" lon="14.2974875">
<ele>487.73</ele>
<time>2026-08-23T10:10:48.000Z</time>
</trkpt>
<trkpt lat="46.3554752" lon="14.2974720">
<ele>489.08</ele>
<time>2026-08-23T10:10:57.000Z</time>
</trkpt>
<trkpt lat="46.3552853" lon="14.2974271">
<ele>490.58</ele>
<time>2026-08-23T10:11:07.000Z</time>
</trkpt>
<trkpt lat="46.3550841" lon="14.2974122">
<ele>488.89</ele>
<time>2026-08-23T10:11:18.000Z</time>
</trkpt>
<trkpt lat="46.3549002" lon="14.2973889">
<ele>490.14</ele>
<time>2026-08-23T10:11:28.000Z</time>
</trkpt>
<trkpt lat="46.3547096" lon="14.2973886">
<ele>489.71</ele>
<time>2026-08-23T10:11:39.000Z</time>
</trkpt>
<trkpt lat="46.3545225" lon="14.2972949">
<ele>483.57</ele>
<time>2026-08-23T10:11:50.000Z</time>
</trkpt>
<trkpt lat="46.3543483" lon="14.2972192">
<ele>487.15</ele>
<time>2026-08-23T10:12:00.000Z</time>
</trkpt>
<trkpt lat="46.3541764" lon="14.2971167">
<ele>487.00</ele>
<time>2026-08-23T10:12:13.000Z</time>
</trkpt>
<trkpt lat="46.3540104" lon="14.2969845">
<ele>485.80</ele>
<time>2026-08-23T10:12:24.000Z</time>
</trkpt>
<trkpt lat="46.3538506" lon="14.2968483">
<ele>481.25</ele>
<time>2026-08-23T10:12:40.000Z</time>
</trkpt>
<trkpt lat="46.3536943" lon="14.2967112">
<ele>479.80</ele>
<time>2026-08-23T10:12:49.000Z</time>
</trkpt>
<trkpt lat="46.3535935" lon="14.2964758">
<ele>482.50</ele>
<time>2026-08-23T10:13:01.000Z</time>
</trkpt>
<trkpt lat="46.3535350" lon="14.2962290">
<ele>483.49</ele>
<time>2026-08-23T10:13:11.000Z</time>
</trkpt>
<trkpt lat="46.3534641" lon="14.2959676">
<ele>483.41</ele>
<time>2026-08-23T10:13:22.000Z</time>
</trkpt>
<trkpt lat="46.3533406" lon="14.2957718">
<ele>482.31</ele>
<time>2026-08-23T10:13:35.000Z</time>
</trkpt>
<trkpt lat="46.3533601" lon="14.2960401">
<ele>488.04</ele>
<time>2026-08-23T10:13:54.000Z</time>
</trkpt>
<trkpt lat="46.3535508" lon="14.2960671">
<ele>489.83</ele>
<time>2026-08-23T10:14:09.000Z</time>
</trkpt>
<trkpt lat="46.3537318" lon="14.2960120">
<ele>488.65</ele>
<time>2026-08-23T10:14:18.000Z</time>
</trkpt>
<trkpt lat="46.3539371" lon="14.2959683">
<ele>489.79</ele>
<time>2026-08-23T10:14:28.000Z</time>
</trkpt>
<trkpt lat="46.3541243" lon="14.2959383">
<ele>493.56</ele>
<time>2026-08-23T10:14:38.000Z</time>
</trkpt>
<trkpt lat="46.3543039" lon="14.2959632">
<ele>492.34</ele>
<time>2026-08-23T10:14:49.000Z</time>
</trkpt>
<trkpt lat="46.3544899" lon="14.2959671">
<ele>492.49</ele>
<time>2026-08-23T10:14:58.000Z</time>
</trkpt>
<trkpt lat="46.3546712" lon="14.2959709">
<ele>492.42</ele>
<time>2026-08-23T10:15:08.000Z</time>
</trkpt>
<trkpt lat="46.3548595" lon="14.2960134">
<ele>492.18</ele>
<time>2026-08-23T10:15:20.000Z</time>
</trkpt>
<trkpt lat="46.3550472" lon="14.2960572">
<ele>494.10</ele>
<time>2026-08-23T10:15:30.000Z</time>
</trkpt>
<trkpt lat="46.3552334" lon="14.2960968">
<ele>491.61</ele>
<time>2026-08-23T10:15:41.000Z</time>
</trkpt>
<trkpt lat="46.3554275" lon="14.2960846">
<ele>491.17</ele>
<time>2026-08-23T10:15:52.000Z</time>
</trkpt>
<trkpt lat="46.3556211" lon="14.2960698">
<ele>491.88</ele>
<time>2026-08-23T10:16:02.000Z</time>
</trkpt>
<trkpt lat="46.3558143" lon="14.2960577">
<ele>498.12</ele>
<time>2026-08-23T10:16:13.000Z</time>
</trkpt>
<trkpt lat="46.3557790" lon="14.2957929">
<ele>503.99</ele>
<time>2026-08-23T10:16:30.000Z</time>
</trkpt>
<trkpt lat="46.3556231" lon="14.2956168">
<ele>503.58</ele>
<time>2026-08-23T10:16:41.000Z</time>
</trkpt>
<trkpt lat="46.3555233" lon="14.2953770">
<ele>504.95</ele>
<time>2026-08-23T10:16:52.000Z</time>
</trkpt>
<trkpt lat="46.3554675" lon="14.2951267">
<ele>505.56</ele>
<time>2026-08-23T10:17:03.000Z</time>
</trkpt>
<trkpt lat="46.3553874" lon="14.2948919">
<ele>508.06</ele>
<time>2026-08-23T10:17:13.000Z</time>
</trkpt>
<trkpt lat="46.3552814" lon="14.2946661">
<ele>511.22</ele>
<time>2026-08-23T10:17:26.000Z</time>
</trkpt>
<trkpt lat="46.3551228" lon="14.2945189">
<ele>517.03</ele>
<time>2026-08-23T10:17:38.000Z</time>
</trkpt>
<trkpt lat="46.3549946" lon="14.2943058">
<ele>515.30</ele>
<time>2026-08-23T10:17:53.000Z</time>
</trkpt>
<trkpt lat="46.3548177" lon="14.2942404">
<ele>515.02</ele>
<time>2026-08-23T10:18:03.000Z</time>
</trkpt>
<trkpt lat="46.3546773" lon="14.2940559">
<ele>520.11</ele>
<time>2026-08-23T10:18:16.000Z</time>
</trkpt>
<trkpt lat="46.3546651" lon="14.2937859">
<ele>518.32</ele>
<time>2026-08-23T10:18:32.000Z</time>
</trkpt>
<trkpt lat="46.3546951" lon="14.2935026">
<ele>522.22</ele>
<time>2026-08-23T10:18:43.000Z</time>
</trkpt>
<trkpt lat="46.3547453" lon="14.2932418">
<ele>523.64</ele>
<time>2026-08-23T10:18:54.000Z</time>
</trkpt>
<trkpt lat="46.3548300" lon="14.2930065">
<ele>523.23</ele>
<time>2026-08-23T10:19:04.000Z</time>
</trkpt>
<trkpt lat="46.3549219" lon="14.2927548">
<ele>527.02</ele>
<time>2026-08-23T10:19:15.000Z</time>
</trkpt>
<trkpt lat="46.3550258" lon="14.2925171">
<ele>524.88</ele>
<time>2026-08-23T10:19:26.000Z</time>
</trkpt>
<trkpt lat="46.3550644" lon="14.2922587">
<ele>527.73</ele>
<time>2026-08-23T10:19:38.000Z</time>
</trkpt>
<trkpt lat="46.3551234" lon="14.2919944">
<ele>525.05</ele>
<time>2026-08-23T10:19:49.000Z</time>
</trkpt>
<trkpt lat="46.3551544" lon="14.2917294">
<ele>527.72</ele>
<time>2026-08-23T10:20:00.000Z</time>
</trkpt>
<trkpt lat="46.3552192" lon="14.2914653">
<ele>525.71</ele>
<time>2026-08-23T10:20:11.000Z</time>
</trkpt>
<trkpt lat="46.3552814" lon="14.2912083">
<ele>526.33</ele>
<time>2026-08-23T10:20:20.000Z</time>
</trkpt>
<trkpt lat="46.3554002" lon="14.2909796">
<ele>533.20</ele>
<time>2026-08-23T10:20:32.000Z</time>
</trkpt>
<trkpt lat="46.3556004" lon="14.2910051">
<ele>529.98</ele>
<time>2026-08-23T10:20:42.000Z</time>
</trkpt>
<trkpt lat="46.3557675" lon="14.2911166">
<ele>531.45</ele>
<time>2026-08-23T10:20:52.000Z</time>
</trkpt>
<trkpt lat="46.3559427" lon="14.2912183">
<ele>531.58</ele>
<time>2026-08-23T10:21:04.000Z</time>
</trkpt>
<trkpt lat="46.3560823" lon="14.2910256">
<ele>532.63</ele>
<time>2026-08-23T10:21:17.000Z</time>
</trkpt>
<trkpt lat="46.3561239" lon="14.2907590">
<ele>537.51</ele>
<time>2026-08-23T10:21:32.000Z</time>
</trkpt>
<trkpt lat="46.3561714" lon="14.2904907">
<ele>540.89</ele>
<time>2026-08-23T10:21:42.000Z</time>
</trkpt>
<trkpt lat="46.3562565" lon="14.2902450">
<ele>543.24</ele>
<time>2026-08-23T10:21:56.000Z</time>
</trkpt>
<trkpt lat="46.3564150" lon="14.2903796">
<ele>542.17</ele>
<time>2026-08-23T10:22:07.000Z</time>
</trkpt>
<trkpt lat="46.3565639" lon="14.2905330">
<ele>541.02</ele>
<time>2026-08-23T10:22:19.000Z</time>
</trkpt>
<extensions>
<om:oruxmapsextensions>
<om:ext type="NAME" subtype="0"><![CDATA[Segment: 1]]></om:ext>
</om:oruxmapsextensions>
</extensions>
</trkseg>
</trk>
</gpx>
